{"stats":{"minecraft:custom":{"minecraft:sprint_one_cm":140720,"minecraft:damage_taken":100,"minecraft:walk_one_cm":118796,"minecraft:mob_kills":2,"minecraft:drop":17,"minecraft:damage_dealt":266,"minecraft:swim_one_cm":19325,"minecraft:interact_with_crafting_table":15,"minecraft:fly_one_cm":163137,"minecraft:open_chest":2,"minecraft:crouch_one_cm":2085,"minecraft:play_time":38282,"minecraft:sneak_time":812,"minecraft:walk_under_water_one_cm":2701,"minecraft:jump":518,"minecraft:leave_game":2,"minecraft:time_since_death":38282,"minecraft:walk_on_water_one_cm":6203,"minecraft:total_world_time":38282,"minecraft:fall_one_cm":12103,"minecraft:horse_one_cm":860,"minecraft:time_since_rest":38282},"minecraft:crafted":{"minecraft:wooden_sword":1,"quark:birch_chest":3,"minecraft:crafting_table":1,"minecraft:stick":12,"slashblade:slashblade":1,"minecraft:stone_pickaxe":1,"minecraft:wooden_axe":1,"minecraft:birch_door":3,"minecraft:birch_planks":84,"minecraft:stone_axe":1},"minecraft:picked_up":{"minecraft:wooden_axe":1,"minecraft:stripped_oak_log":2,"minecraft:birch_log":21,"slashblade:proudsoul_tiny":1,"minecraft:stick":6,"minecraft:crafting_table":3,"minecraft:birch_planks":4,"minecraft:porkchop":2,"minecraft:oak_log":16,"minecraft:dirt":24,"minecraft:oak_sapling":1,"minecraft:mutton":2,"minecraft:sugar_cane":15,"minecraft:birch_sapling":4,"minecraft:white_wool":1,"minecraft:cobblestone":26,"minecraft:sunflower":1},"minecraft:used":{"quark:birch_chest":3,"minecraft:birch_planks":36,"minecraft:stone_pickaxe":23,"slashblade:slashblade":1,"minecraft:bread":6,"minecraft:birch_sapling":1,"minecraft:stone_axe":26,"minecraft:dirt":8,"minecraft:crafting_table":4,"minecraft:birch_door":2},"minecraft:killed":{"minecraft:sheep":1,"minecraft:pig":1},"minecraft:dropped":{"ars_nouveau:worn_notebook":1,"minecraft:oak_log":14,"minecraft:wooden_axe":2,"minecraft:oak_sapling":1,"theoneprobe:probenote":1,"minecraft:sunflower":1,"minecraft:stripped_oak_log":2,"slashblade:proudsoul_tiny":1},"minecraft:mined":{"minecraft:birch_planks":4,"minecraft:oak_sapling":1,"minecraft:birch_log":19,"minecraft:birch_leaves":1,"minecraft:crafting_table":3,"minecraft:grass":7,"minecraft:grass_block":4,"minecraft:oak_log":8,"minecraft:dirt_path":4,"minecraft:sunflower":1,"minecraft:dirt":16,"minecraft:stripped_oak_log":1,"minecraft:tall_grass":1,"minecraft:stone":23,"minecraft:sugar_cane":8,"minecraft:oak_leaves":4}},"DataVersion":3465}