{"stats":{"minecraft:crafted":{"minecraft:wooden_sword":7,"minecraft:smooth_stone":18,"minecraft:stone_shovel":1,"quark:birch_chest":6,"minecraft:furnace":4,"minecraft:blast_furnace":6,"quark:birch_ladder":56,"minecraft:stone":18,"minecraft:bone_meal":12,"minecraft:cooked_mutton":2,"minecraft:iron_boots":1,"minecraft:iron_hoe":2,"minecraft:stone_pickaxe":1,"minecraft:chest":2,"minecraft:diamond_boots":1,"minecraft:birch_door":3,"minecraft:birch_button":1,"create_sa:copper_pickaxe":4,"create_sa:copper_axe":1,"minecraft:cooked_porkchop":2,"minecraft:diamond_axe":1,"minecraft:crafting_table":1,"slashblade:slashblade":7,"travelersbackpack:backpack_tank":2,"minecraft:iron_helmet":1,"minecraft:iron_sword":2,"minecraft:copper_ingot":218,"minecraft:bucket":2,"minecraft:birch_planks":324,"minecraft:stone_axe":1,"slashblade:proudsoul_ingot":2,"minecraft:air":0,"minecraft:iron_chestplate":1,"minecraft:diamond_pickaxe":2,"minecraft:charcoal":25,"minecraft:stick":188,"minecraft:iron_ingot":274,"minecraft:iron_pickaxe":2,"minecraft:wooden_axe":1,"minecraft:stone_sword":1,"minecraft:iron_block":3,"minecraft:iron_leggings":1,"minecraft:gold_ingot":52,"minecraft:anvil":1,"minecraft:torch":244,"create:zinc_ingot":100,"minecraft:diamond_chestplate":1,"slashblade:proudsoul_tiny":4},"minecraft:killed":{"minecraft:cave_spider":1,"minecraft:spider":4,"minecraft:skeleton":4,"minecraft:chicken":1,"minecraft:pig":3,"ars_nouveau:drygmy":1,"minecraft:creeper":4,"minecraft:sheep":1,"minecraft:zombie":10,"minecraft:enderman":1},"minecraft:broken":{"create_sa:copper_pickaxe":4,"create_sa:copper_axe":1,"slashblade:slashblade":6,"minecraft:stone_pickaxe":1,"minecraft:diamond_pickaxe":1,"minecraft:stone_axe":1,"minecraft:iron_pickaxe":2},"minecraft:custom":{"minecraft:interact_with_anvil":2,"minecraft:mob_kills":30,"minecraft:interact_with_crafting_table":66,"minecraft:leave_game":6,"minecraft:time_since_death":257368,"minecraft:climb_one_cm":51908,"minecraft:sprint_one_cm":273490,"minecraft:walk_one_cm":1034005,"minecraft:drop":40,"minecraft:talked_to_villager":3,"minecraft:play_time":257368,"minecraft:sneak_time":8606,"minecraft:walk_under_water_one_cm":4536,"minecraft:jump":1734,"minecraft:interact_with_blast_furnace":19,"minecraft:walk_on_water_one_cm":16441,"minecraft:total_world_time":257368,"minecraft:interact_with_furnace":189,"minecraft:sleep_in_bed":1,"minecraft:time_since_rest":62808,"minecraft:damage_taken":881,"minecraft:damage_dealt":4866,"minecraft:player_kills":1,"minecraft:swim_one_cm":19325,"minecraft:fly_one_cm":199216,"minecraft:open_chest":242,"minecraft:crouch_one_cm":30337,"minecraft:fall_one_cm":31472,"minecraft:horse_one_cm":860},"minecraft:dropped":{"minecraft:oak_log":14,"minecraft:glow_ink_sac":1,"minecraft:amethyst_block":8,"minecraft:granite":21,"minecraft:red_mushroom":5,"minecraft:dirt":1,"ars_nouveau:worn_notebook":1,"minecraft:diorite":50,"minecraft:torch":1,"minecraft:wooden_axe":2,"theoneprobe:probenote":1,"minecraft:sunflower":1,"farmersdelight:rich_soil":2,"minecraft:stone_brick_slab":2,"minecraft:smooth_basalt":4,"minecraft:gravel":22,"slashblade:proudsoul":1,"minecraft:stone_sword":1,"minecraft:stripped_oak_log":2,"minecraft:diamond_pickaxe":1,"minecraft:andesite":25,"minecraft:oak_sapling":6,"minecraft:calcite":4,"slashblade:proudsoul_tiny":1},"minecraft:mined":{"create:zinc_ore":75,"minecraft:diamond_ore":2,"create:deepslate_zinc_ore":34,"minecraft:tuff":12,"minecraft:oak_sapling":14,"minecraft:white_bed":1,"farmersdelight:rich_soil":2,"minecraft:deepslate_diamond_ore":15,"ars_nouveau:green_archwood_leaves":2,"minecraft:granite":103,"minecraft:grass_block":6,"create_new_age:thorium_ore":17,"minecraft:redstone_ore":5,"minecraft:furnace":4,"minecraft:iron_ore":205,"minecraft:andesite":178,"minecraft:deepslate_iron_ore":92,"minecraft:dirt_path":4,"minecraft:stripped_oak_log":1,"minecraft:stone":1143,"minecraft:deepslate_redstone_ore":14,"ars_nouveau:green_archwood_log":1,"minecraft:stone_brick_slab":1,"create_new_age:magnetite_block":20,"minecraft:crafting_table":3,"minecraft:torch":2,"minecraft:calcite":4,"minecraft:tall_grass":1,"minecraft:copper_ore":68,"minecraft:cobblestone":6,"minecraft:deepslate_coal_ore":7,"minecraft:lapis_ore":12,"minecraft:deepslate_gold_ore":27,"minecraft:sugar_cane":8,"minecraft:diorite":98,"minecraft:wall_torch":16,"minecraft:amethyst_block":8,"minecraft:birch_sapling":2,"minecraft:birch_planks":5,"ars_nouveau:green_archwood_sapling":1,"ars_nouveau:archwood_planks":4,"minecraft:birch_log":23,"minecraft:birch_leaves":1,"minecraft:grass":10,"quark:birch_ladder":2,"minecraft:oak_log":15,"minecraft:coal_ore":403,"minecraft:sunflower":1,"minecraft:gravel":88,"minecraft:dirt":48,"minecraft:smooth_basalt":4,"minecraft:gold_ore":17,"minecraft:oak_leaves":4,"minecraft:deepslate":186},"minecraft:picked_up":{"minecraft:wooden_axe":1,"minecraft:crafting_table":3,"create_new_age:thorium":60,"minecraft:chicken":1,"minecraft:creeper_head":1,"minecraft:amethyst_block":8,"ars_nouveau:archwood_planks":4,"minecraft:string":6,"minecraft:raw_copper":221,"minecraft:cobbled_deepslate":186,"minecraft:calcite":4,"minecraft:sugar_cane":15,"minecraft:birch_sapling":22,"minecraft:egg":1,"minecraft:furnace":4,"minecraft:stick":47,"minecraft:raw_iron":370,"minecraft:torch":19,"minecraft:porkchop":6,"minecraft:diorite":98,"minecraft:redstone":85,"ars_nouveau:green_archwood_log":49,"minecraft:rotten_flesh":10,"slashblade:proudsoul":7,"minecraft:arrow":5,"minecraft:mutton":2,"minecraft:white_wool":1,"minecraft:cobblestone":1141,"minecraft:stripped_oak_log":2,"minecraft:birch_log":81,"farmersdelight:rich_soil":2,"minecraft:glow_ink_sac":1,"minecraft:andesite":174,"minecraft:red_mushroom":5,"minecraft:birch_planks":5,"minecraft:flint":12,"minecraft:tuff":11,"create:raw_zinc":108,"minecraft:oak_log":94,"minecraft:gunpowder":4,"minecraft:lapis_lazuli":75,"minecraft:dirt":58,"minecraft:bone":5,"minecraft:glass":18,"ars_nouveau:green_archwood_sapling":4,"minecraft:bow":1,"minecraft:raw_gold":52,"create_new_age:magnetite_block":20,"minecraft:iron_ingot":8,"slashblade:proudsoul_tiny":1,"minecraft:smooth_basalt":4,"minecraft:stone_brick_slab":2,"minecraft:gravel":102,"minecraft:white_bed":1,"minecraft:spider_eye":2,"quark:birch_ladder":2,"minecraft:diamond":18,"minecraft:granite":103,"minecraft:oak_sapling":37,"minecraft:ender_pearl":1,"minecraft:coal":809,"minecraft:sunflower":1},"minecraft:used":{"quark:birch_chest":5,"minecraft:stone_shovel":112,"minecraft:creeper_head":1,"minecraft:rotten_flesh":10,"create_sa:copper_pickaxe":527,"minecraft:torch":236,"minecraft:dirt":11,"minecraft:anvil":1,"minecraft:tuff":3,"minecraft:granite":14,"minecraft:birch_door":2,"quark:birch_ladder":55,"slashblade:slashblade":630,"minecraft:birch_sapling":22,"ars_nouveau:green_archwood_sapling":4,"minecraft:birch_button":1,"minecraft:oak_sapling":1,"minecraft:furnace":2,"minecraft:egg":1,"minecraft:cobbled_deepslate":3,"minecraft:cooked_mutton":2,"minecraft:diorite":2,"minecraft:birch_planks":37,"minecraft:stone_pickaxe":131,"minecraft:sugar_cane":7,"create_sa:copper_axe":46,"minecraft:crafting_table":4,"minecraft:blast_furnace":6,"minecraft:white_bed":1,"minecraft:diamond_pickaxe":1609,"minecraft:bread":16,"minecraft:iron_pickaxe":500,"minecraft:stone_axe":34,"minecraft:cobblestone":177,"minecraft:cooked_porkchop":2,"minecraft:andesite":1,"minecraft:bone_meal":3}},"DataVersion":3465}