{"stats":{"minecraft:custom":{"minecraft:mob_kills":25,"minecraft:interact_with_anvil":1,"minecraft:interact_with_crafting_table":54,"minecraft:leave_game":4,"minecraft:time_since_death":187894,"minecraft:climb_one_cm":44567,"minecraft:sprint_one_cm":223652,"minecraft:walk_one_cm":813499,"minecraft:drop":35,"minecraft:talked_to_villager":3,"minecraft:play_time":187894,"minecraft:sneak_time":7293,"minecraft:walk_under_water_one_cm":4536,"minecraft:jump":1594,"minecraft:walk_on_water_one_cm":16441,"minecraft:total_world_time":187894,"minecraft:interact_with_furnace":112,"minecraft:time_since_rest":187894,"minecraft:damage_taken":747,"minecraft:damage_dealt":3978,"minecraft:player_kills":1,"minecraft:swim_one_cm":19325,"minecraft:fly_one_cm":187784,"minecraft:open_chest":138,"minecraft:crouch_one_cm":20644,"minecraft:fall_one_cm":29079,"minecraft:horse_one_cm":860},"minecraft:crafted":{"minecraft:wooden_sword":6,"minecraft:stone_shovel":1,"quark:birch_chest":5,"minecraft:furnace":2,"quark:birch_ladder":56,"minecraft:bone_meal":12,"minecraft:cooked_mutton":2,"minecraft:iron_boots":1,"minecraft:stone_pickaxe":1,"minecraft:birch_door":3,"minecraft:birch_button":1,"create_sa:copper_pickaxe":4,"create_sa:copper_axe":1,"minecraft:cooked_porkchop":2,"minecraft:crafting_table":1,"slashblade:slashblade":6,"minecraft:iron_helmet":1,"minecraft:iron_sword":2,"minecraft:copper_ingot":177,"minecraft:birch_planks":324,"minecraft:stone_axe":1,"slashblade:proudsoul_ingot":1,"minecraft:air":0,"minecraft:iron_chestplate":1,"minecraft:diamond_pickaxe":1,"minecraft:charcoal":25,"minecraft:stick":172,"minecraft:iron_ingot":117,"minecraft:iron_pickaxe":2,"minecraft:wooden_axe":1,"minecraft:stone_sword":1,"minecraft:iron_block":3,"minecraft:iron_leggings":1,"minecraft:gold_ingot":21,"minecraft:anvil":1,"minecraft:torch":232,"create:zinc_ingot":42,"slashblade:proudsoul_tiny":4},"minecraft:broken":{"create_sa:copper_pickaxe":4,"slashblade:slashblade":4,"minecraft:stone_pickaxe":1,"minecraft:stone_axe":1,"minecraft:iron_pickaxe":2},"minecraft:picked_up":{"minecraft:wooden_axe":1,"minecraft:crafting_table":3,"create_new_age:thorium":60,"minecraft:creeper_head":1,"minecraft:amethyst_block":8,"ars_nouveau:archwood_planks":4,"minecraft:string":6,"minecraft:raw_copper":177,"minecraft:cobbled_deepslate":38,"minecraft:calcite":4,"minecraft:sugar_cane":15,"minecraft:birch_sapling":22,"minecraft:stick":46,"minecraft:raw_iron":140,"minecraft:torch":12,"minecraft:porkchop":2,"minecraft:diorite":74,"minecraft:redstone":53,"ars_nouveau:green_archwood_log":49,"minecraft:rotten_flesh":10,"slashblade:proudsoul":5,"minecraft:arrow":5,"minecraft:mutton":2,"minecraft:white_wool":1,"minecraft:cobblestone":603,"minecraft:stripped_oak_log":2,"minecraft:birch_log":81,"farmersdelight:rich_soil":2,"minecraft:glow_ink_sac":1,"minecraft:andesite":96,"minecraft:red_mushroom":5,"minecraft:birch_planks":5,"minecraft:flint":3,"minecraft:tuff":3,"create:raw_zinc":72,"minecraft:oak_log":88,"minecraft:gunpowder":4,"minecraft:lapis_lazuli":75,"minecraft:dirt":57,"minecraft:bone":5,"ars_nouveau:green_archwood_sapling":4,"minecraft:bow":1,"minecraft:raw_gold":21,"create_new_age:magnetite_block":14,"slashblade:proudsoul_tiny":1,"minecraft:smooth_basalt":4,"minecraft:gravel":62,"minecraft:spider_eye":2,"quark:birch_ladder":2,"minecraft:diamond":1,"minecraft:granite":79,"minecraft:oak_sapling":37,"minecraft:coal":207,"minecraft:sunflower":1},"minecraft:used":{"quark:birch_chest":5,"minecraft:stone_shovel":61,"minecraft:creeper_head":1,"create_sa:copper_pickaxe":527,"minecraft:torch":181,"minecraft:dirt":11,"minecraft:anvil":1,"minecraft:tuff":3,"minecraft:granite":14,"minecraft:birch_door":2,"quark:birch_ladder":55,"slashblade:slashblade":483,"minecraft:birch_sapling":22,"ars_nouveau:green_archwood_sapling":4,"minecraft:birch_button":1,"minecraft:oak_sapling":1,"minecraft:furnace":2,"minecraft:cobbled_deepslate":3,"minecraft:cooked_mutton":2,"minecraft:diorite":2,"minecraft:birch_planks":37,"minecraft:stone_pickaxe":131,"minecraft:sugar_cane":7,"create_sa:copper_axe":39,"minecraft:crafting_table":4,"minecraft:diamond_pickaxe":292,"minecraft:bread":16,"minecraft:iron_pickaxe":500,"minecraft:stone_axe":34,"minecraft:cobblestone":177,"minecraft:cooked_porkchop":2,"minecraft:andesite":1,"minecraft:bone_meal":3},"minecraft:killed":{"minecraft:cave_spider":1,"minecraft:spider":4,"minecraft:skeleton":4,"minecraft:pig":1,"minecraft:creeper":4,"minecraft:sheep":1,"minecraft:zombie":10},"minecraft:dropped":{"minecraft:oak_log":14,"minecraft:glow_ink_sac":1,"minecraft:amethyst_block":8,"minecraft:granite":21,"ars_nouveau:worn_notebook":1,"minecraft:diorite":50,"minecraft:torch":1,"minecraft:wooden_axe":2,"theoneprobe:probenote":1,"minecraft:sunflower":1,"minecraft:smooth_basalt":4,"minecraft:gravel":22,"slashblade:proudsoul":1,"minecraft:stone_sword":1,"minecraft:stripped_oak_log":2,"minecraft:diamond_pickaxe":1,"minecraft:andesite":25,"minecraft:oak_sapling":6,"minecraft:calcite":4,"slashblade:proudsoul_tiny":1},"minecraft:mined":{"create:zinc_ore":45,"create:deepslate_zinc_ore":28,"minecraft:tuff":4,"farmersdelight:rich_soil":2,"minecraft:oak_sapling":14,"ars_nouveau:green_archwood_leaves":2,"minecraft:granite":79,"minecraft:grass_block":6,"create_new_age:thorium_ore":17,"minecraft:redstone_ore":5,"minecraft:iron_ore":75,"minecraft:andesite":96,"minecraft:deepslate_iron_ore":50,"minecraft:dirt_path":4,"minecraft:stripped_oak_log":1,"minecraft:stone":604,"minecraft:deepslate_redstone_ore":7,"ars_nouveau:green_archwood_log":1,"create_new_age:magnetite_block":14,"minecraft:crafting_table":3,"minecraft:calcite":4,"minecraft:tall_grass":1,"minecraft:copper_ore":54,"minecraft:cobblestone":6,"minecraft:lapis_ore":12,"minecraft:deepslate_gold_ore":13,"minecraft:sugar_cane":8,"minecraft:diorite":74,"minecraft:wall_torch":11,"minecraft:amethyst_block":8,"minecraft:birch_sapling":2,"minecraft:birch_planks":5,"ars_nouveau:green_archwood_sapling":1,"ars_nouveau:archwood_planks":4,"minecraft:birch_log":23,"minecraft:birch_leaves":1,"minecraft:grass":10,"quark:birch_ladder":2,"minecraft:oak_log":8,"minecraft:coal_ore":209,"minecraft:sunflower":1,"minecraft:gravel":39,"minecraft:dirt":47,"minecraft:smooth_basalt":4,"minecraft:oak_leaves":4,"minecraft:deepslate":38}},"DataVersion":3465}