{"stats":{"minecraft:custom":{"minecraft:interact_with_furnace":35,"minecraft:mob_kills":5,"minecraft:interact_with_crafting_table":31,"minecraft:leave_game":2,"minecraft:time_since_death":74282,"minecraft:climb_one_cm":14958,"minecraft:time_since_rest":74282,"minecraft:sprint_one_cm":155506,"minecraft:damage_taken":230,"minecraft:walk_one_cm":230268,"minecraft:drop":22,"minecraft:damage_dealt":821,"minecraft:swim_one_cm":19325,"minecraft:fly_one_cm":169006,"minecraft:open_chest":35,"minecraft:crouch_one_cm":3591,"minecraft:play_time":74282,"minecraft:sneak_time":1835,"minecraft:walk_under_water_one_cm":2701,"minecraft:jump":649,"minecraft:walk_on_water_one_cm":6203,"minecraft:total_world_time":74282,"minecraft:fall_one_cm":13569,"minecraft:horse_one_cm":860},"minecraft:crafted":{"minecraft:wooden_sword":1,"minecraft:stone_shovel":1,"quark:birch_chest":3,"minecraft:cooked_porkchop":2,"minecraft:crafting_table":1,"slashblade:slashblade":1,"minecraft:furnace":2,"minecraft:copper_ingot":39,"quark:birch_ladder":32,"minecraft:bone_meal":6,"minecraft:birch_planks":132,"minecraft:stone_axe":1,"minecraft:cooked_mutton":2,"minecraft:air":0,"minecraft:charcoal":25,"minecraft:stick":64,"minecraft:iron_pickaxe":1,"minecraft:iron_ingot":8,"minecraft:stone_pickaxe":1,"minecraft:wooden_axe":1,"minecraft:stone_sword":1,"minecraft:birch_door":3,"minecraft:torch":36,"create:zinc_ingot":10,"create_sa:copper_pickaxe":4,"create_sa:copper_axe":1,"slashblade:proudsoul_tiny":4},"minecraft:broken":{"create_sa:copper_pickaxe":1,"minecraft:stone_axe":1,"minecraft:stone_pickaxe":1,"slashblade:slashblade":1},"minecraft:picked_up":{"minecraft:wooden_axe":1,"minecraft:stripped_oak_log":2,"minecraft:birch_log":33,"minecraft:crafting_table":3,"minecraft:andesite":30,"minecraft:birch_planks":5,"create:raw_zinc":10,"minecraft:oak_log":41,"minecraft:lapis_lazuli":39,"minecraft:dirt":46,"minecraft:raw_copper":100,"ars_nouveau:green_archwood_sapling":1,"minecraft:bone":2,"create_new_age:magnetite_block":7,"minecraft:sugar_cane":15,"minecraft:birch_sapling":6,"minecraft:raw_iron":15,"slashblade:proudsoul_tiny":1,"minecraft:stick":15,"minecraft:torch":5,"minecraft:porkchop":2,"minecraft:diorite":28,"quark:birch_ladder":2,"ars_nouveau:green_archwood_log":47,"slashblade:proudsoul":2,"minecraft:arrow":1,"minecraft:rotten_flesh":1,"minecraft:granite":18,"minecraft:oak_sapling":12,"minecraft:coal":48,"minecraft:mutton":2,"minecraft:sunflower":1,"minecraft:white_wool":1,"minecraft:cobblestone":187},"minecraft:used":{"quark:birch_chest":3,"minecraft:stone_shovel":21,"minecraft:birch_planks":37,"minecraft:stone_pickaxe":131,"create_sa:copper_pickaxe":251,"create_sa:copper_axe":3,"minecraft:torch":22,"minecraft:dirt":11,"minecraft:crafting_table":4,"minecraft:birch_door":2,"quark:birch_ladder":34,"minecraft:bread":10,"minecraft:birch_sapling":3,"slashblade:slashblade":100,"ars_nouveau:green_archwood_sapling":1,"minecraft:stone_axe":34,"minecraft:cobblestone":5,"minecraft:oak_sapling":1,"minecraft:furnace":2,"minecraft:bone_meal":3},"minecraft:killed":{"minecraft:pig":1,"minecraft:sheep":1,"minecraft:skeleton":1,"minecraft:zombie":2},"minecraft:dropped":{"minecraft:oak_log":14,"slashblade:proudsoul":1,"minecraft:stripped_oak_log":2,"minecraft:granite":3,"ars_nouveau:worn_notebook":1,"minecraft:diorite":7,"minecraft:wooden_axe":2,"minecraft:oak_sapling":1,"theoneprobe:probenote":1,"minecraft:sunflower":1,"slashblade:proudsoul_tiny":1},"minecraft:mined":{"minecraft:oak_sapling":5,"create_new_age:magnetite_block":7,"minecraft:crafting_table":3,"minecraft:granite":18,"minecraft:grass_block":6,"minecraft:cobblestone":2,"minecraft:copper_ore":30,"minecraft:tall_grass":1,"minecraft:lapis_ore":6,"minecraft:sugar_cane":8,"minecraft:diorite":28,"minecraft:wall_torch":6,"minecraft:birch_sapling":2,"minecraft:birch_planks":5,"ars_nouveau:green_archwood_sapling":1,"minecraft:iron_ore":16,"minecraft:birch_log":19,"minecraft:andesite":30,"minecraft:birch_leaves":1,"minecraft:grass":8,"quark:birch_ladder":2,"minecraft:coal_ore":48,"minecraft:oak_log":8,"minecraft:dirt_path":4,"minecraft:sunflower":1,"minecraft:dirt":36,"minecraft:stripped_oak_log":1,"create:zinc_ore":10,"minecraft:stone":184,"minecraft:oak_leaves":4}},"DataVersion":3465}