{"stats":{"minecraft:custom":{"minecraft:mob_kills":14,"minecraft:interact_with_crafting_table":43,"minecraft:leave_game":2,"minecraft:time_since_death":122282,"minecraft:climb_one_cm":27548,"minecraft:sprint_one_cm":162962,"minecraft:walk_one_cm":486822,"minecraft:drop":30,"minecraft:talked_to_villager":2,"minecraft:play_time":122282,"minecraft:sneak_time":3597,"minecraft:walk_under_water_one_cm":2749,"minecraft:jump":1039,"minecraft:walk_on_water_one_cm":8133,"minecraft:total_world_time":122282,"minecraft:interact_with_furnace":57,"minecraft:time_since_rest":122282,"minecraft:damage_taken":415,"minecraft:damage_dealt":2005,"minecraft:swim_one_cm":19325,"minecraft:fly_one_cm":170061,"minecraft:open_chest":69,"minecraft:crouch_one_cm":8533,"minecraft:fall_one_cm":19145,"minecraft:horse_one_cm":860},"minecraft:crafted":{"minecraft:wooden_sword":4,"minecraft:stone_shovel":1,"quark:birch_chest":5,"minecraft:furnace":2,"quark:birch_ladder":56,"minecraft:bone_meal":6,"minecraft:cooked_mutton":2,"minecraft:stone_pickaxe":1,"minecraft:birch_door":3,"minecraft:birch_button":1,"create_sa:copper_pickaxe":4,"create_sa:copper_axe":1,"minecraft:cooked_porkchop":2,"minecraft:crafting_table":1,"slashblade:slashblade":4,"minecraft:copper_ingot":177,"minecraft:birch_planks":172,"minecraft:stone_axe":1,"minecraft:air":0,"minecraft:charcoal":25,"minecraft:stick":124,"minecraft:iron_ingot":23,"minecraft:iron_pickaxe":2,"minecraft:wooden_axe":1,"minecraft:stone_sword":1,"minecraft:torch":124,"create:zinc_ingot":10,"slashblade:proudsoul_tiny":4},"minecraft:broken":{"create_sa:copper_pickaxe":4,"slashblade:slashblade":2,"minecraft:stone_pickaxe":1,"minecraft:stone_axe":1,"minecraft:iron_pickaxe":1},"minecraft:picked_up":{"minecraft:wooden_axe":1,"minecraft:crafting_table":3,"create_new_age:thorium":60,"minecraft:creeper_head":1,"minecraft:amethyst_block":8,"ars_nouveau:archwood_planks":4,"minecraft:string":2,"minecraft:raw_copper":177,"minecraft:cobbled_deepslate":17,"minecraft:calcite":4,"minecraft:sugar_cane":15,"minecraft:birch_sapling":12,"minecraft:stick":30,"minecraft:raw_iron":97,"minecraft:torch":11,"minecraft:porkchop":2,"minecraft:diorite":71,"minecraft:redstone":53,"ars_nouveau:green_archwood_log":47,"minecraft:rotten_flesh":8,"slashblade:proudsoul":3,"minecraft:arrow":3,"minecraft:mutton":2,"minecraft:white_wool":1,"minecraft:cobblestone":543,"minecraft:stripped_oak_log":2,"minecraft:birch_log":43,"minecraft:andesite":95,"minecraft:birch_planks":5,"minecraft:flint":2,"create:raw_zinc":12,"minecraft:oak_log":71,"minecraft:gunpowder":1,"minecraft:lapis_lazuli":75,"minecraft:dirt":57,"minecraft:bone":3,"ars_nouveau:green_archwood_sapling":1,"minecraft:raw_gold":9,"create_new_age:magnetite_block":9,"slashblade:proudsoul_tiny":1,"minecraft:smooth_basalt":4,"minecraft:gravel":44,"quark:birch_ladder":2,"minecraft:diamond":1,"minecraft:granite":65,"minecraft:oak_sapling":25,"minecraft:coal":95,"minecraft:sunflower":1},"minecraft:used":{"quark:birch_chest":5,"minecraft:stone_shovel":56,"create_sa:copper_pickaxe":527,"minecraft:torch":133,"minecraft:dirt":11,"minecraft:birch_door":2,"quark:birch_ladder":55,"slashblade:slashblade":286,"minecraft:birch_sapling":12,"ars_nouveau:green_archwood_sapling":1,"minecraft:birch_button":1,"minecraft:furnace":2,"minecraft:oak_sapling":1,"minecraft:cooked_mutton":1,"minecraft:birch_planks":37,"minecraft:stone_pickaxe":131,"create_sa:copper_axe":22,"minecraft:crafting_table":4,"minecraft:bread":12,"minecraft:iron_pickaxe":448,"minecraft:stone_axe":34,"minecraft:cobblestone":45,"minecraft:bone_meal":3},"minecraft:killed":{"minecraft:cave_spider":1,"minecraft:spider":1,"minecraft:skeleton":2,"minecraft:pig":1,"minecraft:creeper":1,"minecraft:sheep":1,"minecraft:zombie":7},"minecraft:dropped":{"minecraft:oak_log":14,"minecraft:amethyst_block":8,"minecraft:granite":21,"ars_nouveau:worn_notebook":1,"minecraft:diorite":50,"minecraft:wooden_axe":2,"theoneprobe:probenote":1,"minecraft:sunflower":1,"minecraft:smooth_basalt":4,"minecraft:gravel":22,"slashblade:proudsoul":1,"minecraft:stone_sword":1,"minecraft:stripped_oak_log":2,"minecraft:andesite":25,"minecraft:oak_sapling":1,"minecraft:calcite":4,"slashblade:proudsoul_tiny":1},"minecraft:mined":{"create:zinc_ore":10,"create:deepslate_zinc_ore":2,"minecraft:oak_sapling":12,"minecraft:granite":65,"minecraft:grass_block":6,"create_new_age:thorium_ore":17,"minecraft:redstone_ore":5,"minecraft:iron_ore":60,"minecraft:andesite":95,"minecraft:dirt_path":4,"minecraft:deepslate_iron_ore":22,"minecraft:stripped_oak_log":1,"minecraft:stone":542,"minecraft:deepslate_redstone_ore":7,"create_new_age:magnetite_block":9,"minecraft:crafting_table":3,"minecraft:calcite":4,"minecraft:tall_grass":1,"minecraft:copper_ore":54,"minecraft:cobblestone":3,"minecraft:lapis_ore":12,"minecraft:deepslate_gold_ore":1,"minecraft:sugar_cane":8,"minecraft:diorite":71,"minecraft:wall_torch":11,"minecraft:amethyst_block":8,"minecraft:birch_sapling":2,"minecraft:birch_planks":5,"ars_nouveau:green_archwood_sapling":1,"ars_nouveau:archwood_planks":4,"minecraft:birch_log":21,"minecraft:birch_leaves":1,"minecraft:grass":8,"quark:birch_ladder":2,"minecraft:oak_log":8,"minecraft:coal_ore":95,"minecraft:sunflower":1,"minecraft:gravel":24,"minecraft:dirt":47,"minecraft:smooth_basalt":4,"minecraft:oak_leaves":4,"minecraft:deepslate":17}},"DataVersion":3465}