{"stats":{"minecraft:custom":{"minecraft:interact_with_furnace":13,"minecraft:mob_kills":5,"minecraft:interact_with_crafting_table":23,"minecraft:leave_game":2,"minecraft:time_since_death":50282,"minecraft:time_since_rest":50282,"minecraft:sprint_one_cm":148531,"minecraft:damage_taken":230,"minecraft:walk_one_cm":154136,"minecraft:drop":18,"minecraft:damage_dealt":821,"minecraft:swim_one_cm":19325,"minecraft:fly_one_cm":166525,"minecraft:open_chest":18,"minecraft:crouch_one_cm":3212,"minecraft:play_time":50282,"minecraft:sneak_time":1261,"minecraft:walk_under_water_one_cm":2701,"minecraft:jump":563,"minecraft:walk_on_water_one_cm":6203,"minecraft:total_world_time":50282,"minecraft:fall_one_cm":12613,"minecraft:horse_one_cm":860},"minecraft:crafted":{"minecraft:wooden_sword":1,"minecraft:stone_shovel":1,"quark:birch_chest":3,"minecraft:crafting_table":1,"slashblade:slashblade":1,"minecraft:furnace":2,"minecraft:bone_meal":6,"minecraft:birch_planks":132,"minecraft:stone_axe":1,"minecraft:air":0,"minecraft:charcoal":16,"minecraft:stick":12,"minecraft:stone_pickaxe":1,"minecraft:wooden_axe":1,"minecraft:stone_sword":1,"minecraft:birch_door":3,"slashblade:proudsoul_tiny":4},"minecraft:broken":{"minecraft:stone_axe":1,"slashblade:slashblade":1},"minecraft:picked_up":{"minecraft:wooden_axe":1,"minecraft:stripped_oak_log":2,"minecraft:birch_log":33,"minecraft:crafting_table":3,"minecraft:birch_planks":4,"minecraft:oak_log":41,"minecraft:dirt":24,"ars_nouveau:green_archwood_sapling":1,"minecraft:bone":2,"minecraft:sugar_cane":15,"minecraft:birch_sapling":6,"slashblade:proudsoul_tiny":1,"minecraft:stick":15,"minecraft:porkchop":2,"ars_nouveau:green_archwood_log":47,"slashblade:proudsoul":2,"minecraft:arrow":1,"minecraft:rotten_flesh":1,"minecraft:oak_sapling":12,"minecraft:mutton":2,"minecraft:sunflower":1,"minecraft:white_wool":1,"minecraft:cobblestone":26},"minecraft:used":{"quark:birch_chest":3,"minecraft:birch_planks":36,"minecraft:stone_pickaxe":23,"minecraft:dirt":8,"minecraft:crafting_table":4,"minecraft:birch_door":2,"minecraft:bread":8,"minecraft:birch_sapling":3,"slashblade:slashblade":100,"minecraft:stone_axe":34,"minecraft:furnace":2},"minecraft:killed":{"minecraft:pig":1,"minecraft:sheep":1,"minecraft:skeleton":1,"minecraft:zombie":2},"minecraft:dropped":{"minecraft:oak_log":14,"slashblade:proudsoul":1,"minecraft:stripped_oak_log":2,"ars_nouveau:worn_notebook":1,"minecraft:wooden_axe":2,"minecraft:oak_sapling":1,"theoneprobe:probenote":1,"minecraft:sunflower":1,"slashblade:proudsoul_tiny":1},"minecraft:mined":{"minecraft:oak_sapling":5,"minecraft:crafting_table":3,"minecraft:grass_block":4,"minecraft:tall_grass":1,"minecraft:sugar_cane":8,"minecraft:birch_sapling":2,"minecraft:birch_planks":4,"ars_nouveau:green_archwood_sapling":1,"minecraft:birch_log":19,"minecraft:birch_leaves":1,"minecraft:grass":8,"minecraft:oak_log":8,"minecraft:dirt_path":4,"minecraft:sunflower":1,"minecraft:dirt":16,"minecraft:stripped_oak_log":1,"minecraft:stone":23,"minecraft:oak_leaves":4}},"DataVersion":3465}