{"stats":{"minecraft:used":{"minecraft:iron_shovel":204,"minecraft:shield":1,"minecraft:iron_sword":49,"minecraft:creeper_head":1,"minecraft:rotten_flesh":62,"create_sa:copper_pickaxe":527,"create:cogwheel":14,"minecraft:tuff":3,"quark:birch_ladder":55,"minecraft:grass_block":1,"minecraft:birch_sapling":22,"ars_nouveau:green_archwood_sapling":4,"minecraft:birch_button":1,"create:shaft":7,"minecraft:furnace":4,"minecraft:oak_sapling":1,"minecraft:egg":2,"minecraft:diorite":2,"minecraft:diamond_boots":1,"minecraft:stone_pickaxe":131,"minecraft:composter":1,"minecraft:sugar_cane":7,"minecraft:diamond_axe":45,"create_sa:copper_axe":46,"minecraft:blast_furnace":6,"minecraft:bread":17,"minecraft:smithing_table":1,"minecraft:andesite":1,"minecraft:bone_meal":49,"minecraft:experience_bottle":1,"create:large_cogwheel":9,"minecraft:cobweb":9,"travelersbackpack:blaze":2,"quark:birch_chest":5,"minecraft:stone_shovel":133,"minecraft:cooked_chicken":4,"minecraft:netherrack":15,"minecraft:torch":390,"minecraft:dirt":80,"minecraft:anvil":1,"minecraft:diamond_helmet":1,"minecraft:granite":16,"minecraft:birch_door":2,"minecraft:iron_hoe":257,"slashblade:slashblade":2452,"minecraft:diamond_chestplate":1,"minecraft:cobbled_deepslate":11,"minecraft:wheat_seeds":655,"minecraft:cooked_mutton":4,"minecraft:water_bucket":6,"minecraft:birch_planks":37,"quark:forgotten_hat":1,"minecraft:crafting_table":5,"minecraft:white_bed":1,"minecraft:smoker":2,"minecraft:diamond_pickaxe":2904,"minecraft:apple":13,"minecraft:iron_pickaxe":500,"minecraft:stone_axe":34,"minecraft:cobblestone":183,"travelersbackpack:standard":14,"minecraft:cooked_porkchop":6,"minecraft:bucket":14,"minecraft:diamond_leggings":2},"minecraft:broken":{"create_sa:copper_axe":1,"minecraft:stone_pickaxe":1,"minecraft:diamond_pickaxe":1,"minecraft:stone_axe":1,"minecraft:stone_shovel":1,"minecraft:iron_hoe":1,"create_sa:copper_pickaxe":4,"slashblade:slashblade":14,"minecraft:iron_pickaxe":2},"minecraft:custom":{"minecraft:interact_with_crafting_table":108,"minecraft:open_barrel":1,"minecraft:leave_game":10,"minecraft:time_since_death":21901,"minecraft:sprint_one_cm":342691,"minecraft:damage_blocked_by_shield":30,"minecraft:drop":79,"minecraft:talked_to_villager":3,"minecraft:play_time":518107,"minecraft:deaths":1,"minecraft:jump":2591,"minecraft:walk_on_water_one_cm":43023,"minecraft:interact_with_furnace":209,"minecraft:sleep_in_bed":5,"minecraft:damage_dealt":49364,"minecraft:player_kills":1,"minecraft:crouch_one_cm":151359,"minecraft:interact_with_smoker":43,"minecraft:horse_one_cm":860,"minecraft:interact_with_smithing_table":12,"minecraft:mob_kills":304,"minecraft:interact_with_anvil":14,"minecraft:climb_one_cm":68863,"minecraft:walk_one_cm":3003932,"minecraft:sneak_time":16658,"minecraft:walk_under_water_one_cm":24913,"minecraft:interact_with_blast_furnace":76,"minecraft:total_world_time":518107,"minecraft:time_since_rest":21941,"minecraft:damage_taken":1906,"minecraft:swim_one_cm":57287,"minecraft:fly_one_cm":308068,"minecraft:open_chest":468,"minecraft:fall_one_cm":60253},"minecraft:dropped":{"minecraft:oak_log":14,"minecraft:glow_ink_sac":1,"minecraft:diamond":1,"minecraft:warped_roots":1,"create:cogwheel":7,"minecraft:red_mushroom":5,"minecraft:dirt":1,"theoneprobe:probenote":1,"minecraft:sunflower":1,"create:large_cogwheel":4,"minecraft:gravel":22,"minecraft:rotten_flesh":7,"minecraft:stone_brick_stairs":2,"slashblade:proudsoul_tiny":1,"minecraft:bread":18,"minecraft:wheat_seeds":1,"minecraft:amethyst_block":8,"minecraft:granite":21,"minecraft:grass_block":1,"ars_nouveau:worn_notebook":1,"minecraft:gray_wool":1,"minecraft:diorite":50,"minecraft:torch":1,"minecraft:wooden_axe":2,"minecraft:oak_stairs":1,"farmersdelight:rich_soil":2,"minecraft:stone_brick_slab":5,"minecraft:smooth_basalt":4,"create:shaft":18,"slashblade:proudsoul":1,"minecraft:stone_sword":1,"minecraft:light_gray_wool":1,"minecraft:stripped_oak_log":2,"minecraft:diamond_pickaxe":1,"minecraft:andesite":25,"minecraft:oak_sapling":6,"ars_nouveau:green_archwood_log":44,"minecraft:calcite":4},"minecraft:picked_up":{"minecraft:wooden_axe":1,"minecraft:wheat":432,"minecraft:creeper_head":1,"minecraft:diamond_sword":1,"create:wrench":2,"minecraft:oak_stairs":1,"minecraft:stone_brick_stairs":2,"minecraft:golden_sword":3,"minecraft:amethyst_block":8,"minecraft:string":35,"minecraft:raw_copper":244,"travelersbackpack:blaze":1,"minecraft:diamond_leggings":1,"create:mechanical_press":1,"minecraft:gold_nugget":141,"minecraft:cobbled_deepslate":790,"minecraft:bucket":1,"minecraft:spruce_planks":2,"minecraft:calcite":4,"nethersdelight:hoglin_sirloin":1,"minecraft:furnace":4,"minecraft:stick":104,"minecraft:torch":25,"minecraft:porkchop":24,"minecraft:diorite":104,"create:large_cogwheel":21,"slashblade:proudsoul":14,"minecraft:rotten_flesh":110,"minecraft:bookshelf":24,"minecraft:blaze_rod":1,"minecraft:obsidian":1,"minecraft:cobblestone":1490,"minecraft:enchanting_table":1,"minecraft:birch_log":97,"minecraft:feather":12,"minecraft:magma_cream":1,"minecraft:water_bucket":1,"minecraft:andesite":188,"minecraft:potato":1,"minecraft:flint":13,"minecraft:tuff":72,"create:raw_zinc":111,"minecraft:lapis_lazuli":116,"minecraft:dirt":269,"minecraft:glass":18,"minecraft:bone":39,"minecraft:bow":1,"minecraft:wheat_seeds":764,"minecraft:raw_gold":162,"create_new_age:magnetite_block":20,"create:goggles":1,"create:shaft":70,"minecraft:diamond_helmet":1,"create:cogwheel":33,"minecraft:sand":94,"minecraft:grass_block":2,"quark:birch_ladder":2,"minecraft:diamond":79,"minecraft:crossbow":2,"minecraft:granite":103,"minecraft:bone_meal":22,"minecraft:golden_apple":1,"minecraft:bread":5,"mahoutsukai:guidebook":1,"minecraft:diamond_pickaxe":1,"minecraft:oak_sapling":103,"minecraft:netherrack":15,"create_new_age:thorium":60,"minecraft:crafting_table":4,"minecraft:chicken":10,"minecraft:shield":1,"ars_nouveau:archwood_planks":4,"minecraft:beef":41,"minecraft:iron_nugget":1,"minecraft:light_gray_wool":1,"minecraft:sugar_cane":15,"minecraft:birch_sapling":30,"minecraft:diamond_hoe":1,"minecraft:egg":13,"minecraft:raw_iron":461,"create:hand_crank":1,"minecraft:carrot":7,"minecraft:redstone":183,"ars_nouveau:green_archwood_log":49,"minecraft:arrow":33,"minecraft:diamond_chestplate":1,"minecraft:diamond_boots":1,"minecraft:gold_ingot":1,"minecraft:mutton":19,"minecraft:white_wool":14,"minecraft:stripped_oak_log":2,"farmersdelight:rich_soil":2,"minecraft:glow_ink_sac":1,"minecraft:leather":22,"minecraft:red_mushroom":5,"minecraft:birch_planks":13,"minecraft:oak_log":214,"create:andesite_alloy":9,"minecraft:gunpowder":43,"quark:forgotten_hat":1,"ars_nouveau:green_archwood_sapling":4,"minecraft:apple":10,"minecraft:rabbit_hide":8,"minecraft:iron_ingot":10,"minecraft:cobweb":9,"minecraft:book":1,"slashblade:proudsoul_tiny":1,"minecraft:smooth_basalt":4,"minecraft:stone_brick_slab":5,"minecraft:quartz":32,"minecraft:dandelion":1,"minecraft:gravel":103,"minecraft:white_bed":1,"minecraft:spider_eye":10,"travelersbackpack:standard":4,"minecraft:diamond_axe":1,"minecraft:gray_wool":1,"minecraft:warped_roots":1,"minecraft:coal":928,"minecraft:sunflower":1,"minecraft:ender_pearl":5},"minecraft:crafted":{"minecraft:oak_planks":20,"minecraft:smooth_stone":18,"quark:birch_chest":9,"travelersbackpack:crafting_upgrade":1,"minecraft:cooked_chicken":8,"minecraft:birch_slab":12,"quark:birch_ladder":56,"minecraft:stone":18,"minecraft:cooked_mutton":15,"minecraft:glass":50,"minecraft:diamond_helmet":1,"minecraft:iron_boots":1,"minecraft:diamond_leggings":2,"minecraft:chest":4,"minecraft:birch_door":3,"minecraft:birch_button":1,"create_sa:copper_axe":1,"minecraft:smoker":2,"travelersbackpack:iron_tier_upgrade":1,"minecraft:cooked_porkchop":18,"minecraft:diamond_axe":2,"minecraft:crafting_table":3,"slashblade:slashblade":7,"travelersbackpack:standard":6,"minecraft:iron_helmet":1,"minecraft:smithing_table":1,"minecraft:copper_ingot":244,"minecraft:birch_planks":324,"slashblade:proudsoul_ingot":4,"minecraft:iron_chestplate":1,"minecraft:diamond_pickaxe":3,"minecraft:charcoal":25,"minecraft:shield":1,"minecraft:stick":284,"quark:oak_chest":1,"minecraft:iron_pickaxe":2,"minecraft:iron_ingot":377,"minecraft:iron_block":3,"minecraft:stone_sword":1,"minecraft:gold_ingot":162,"minecraft:composter":1,"minecraft:shears":1,"minecraft:wooden_sword":8,"slashblade:proudsoul_sphere":1,"minecraft:stone_shovel":1,"minecraft:furnace":8,"minecraft:blast_furnace":6,"minecraft:bone_meal":60,"travelersbackpack:gold_tier_upgrade":1,"travelersbackpack:blank_upgrade":4,"travelersbackpack:white_sleeping_bag":2,"minecraft:iron_hoe":2,"minecraft:stone_pickaxe":1,"minecraft:diamond_boots":2,"create_sa:copper_pickaxe":4,"travelersbackpack:diamond_tier_upgrade":1,"minecraft:cooked_beef":37,"minecraft:coal_block":1,"minecraft:diamond_sword":1,"travelersbackpack:backpack_tank":6,"minecraft:iron_sword":2,"minecraft:bucket":2,"minecraft:stone_axe":1,"minecraft:bread":144,"minecraft:air":0,"minecraft:wooden_axe":1,"minecraft:iron_leggings":1,"minecraft:iron_shovel":1,"minecraft:anvil":1,"minecraft:torch":448,"create:zinc_ingot":111,"minecraft:lapis_block":1,"minecraft:diamond_chestplate":2,"slashblade:proudsoul_tiny":4},"minecraft:killed":{"minecraft:cave_spider":2,"minecraft:zombified_piglin":21,"minecraft:witch":1,"minecraft:spider":26,"minecraft:skeleton":27,"minecraft:chicken":10,"minecraft:magma_cube":4,"minecraft:piglin":12,"minecraft:pig":12,"minecraft:creeper":30,"minecraft:sheep":12,"minecraft:zombie":94,"minecraft:ghast":2,"minecraft:cow":19,"minecraft:drowned":1,"ars_nouveau:drygmy":2,"ars_nouveau:starbuncle":4,"ars_nouveau:whirlisprig":2,"minecraft:enderman":7},"minecraft:mined":{"create:deepslate_zinc_ore":37,"minecraft:spruce_planks":2,"minecraft:oak_sapling":35,"minecraft:white_bed":1,"farmersdelight:rich_soil":2,"travelersbackpack:blaze":1,"minecraft:granite":103,"minecraft:grass_block":166,"minecraft:fire":6,"minecraft:iron_ore":266,"minecraft:deepslate_lapis_ore":7,"minecraft:dirt_path":4,"minecraft:oak_stairs":1,"minecraft:deepslate_redstone_ore":35,"create:cogwheel":3,"minecraft:torch":2,"minecraft:calcite":4,"minecraft:nether_quartz_ore":33,"minecraft:cobblestone":28,"minecraft:sugar_cane":8,"minecraft:wall_torch":19,"minecraft:amethyst_block":8,"minecraft:deepslate_copper_ore":5,"minecraft:birch_sapling":5,"ars_nouveau:green_archwood_sapling":1,"minecraft:birch_log":23,"ars_nouveau:archwood_planks":4,"minecraft:wheat":7,"minecraft:stone_brick_stairs":2,"minecraft:grass":99,"quark:birch_ladder":2,"minecraft:oak_log":20,"minecraft:sand":94,"minecraft:dirt":72,"minecraft:smooth_basalt":4,"minecraft:netherrack":21,"minecraft:oak_leaves":4,"minecraft:deepslate":787,"create:zinc_ore":75,"minecraft:nether_gold_ore":32,"minecraft:diamond_ore":4,"minecraft:tuff":73,"minecraft:deepslate_diamond_ore":74,"ars_nouveau:green_archwood_leaves":2,"create:large_cogwheel":4,"create_new_age:thorium_ore":17,"minecraft:spruce_leaves":8,"minecraft:redstone_ore":5,"create:shaft":4,"minecraft:furnace":4,"minecraft:andesite":188,"minecraft:deepslate_iron_ore":120,"minecraft:stripped_oak_log":1,"minecraft:stone":1264,"ars_nouveau:green_archwood_log":1,"minecraft:stone_brick_slab":3,"create_new_age:magnetite_block":20,"travelersbackpack:standard":4,"minecraft:crafting_table":4,"minecraft:tall_grass":4,"minecraft:copper_ore":68,"minecraft:deepslate_coal_ore":9,"minecraft:lapis_ore":12,"minecraft:deepslate_gold_ore":131,"minecraft:diorite":104,"minecraft:birch_planks":5,"minecraft:birch_leaves":1,"minecraft:coal_ore":489,"minecraft:sunflower":1,"minecraft:gravel":90,"minecraft:gold_ore":17}},"DataVersion":3465}