{"stats":{"minecraft:mined":{"create:zinc_ore":75,"minecraft:diamond_ore":2,"create:deepslate_zinc_ore":34,"minecraft:tuff":12,"minecraft:white_bed":1,"farmersdelight:rich_soil":2,"minecraft:oak_sapling":35,"minecraft:deepslate_diamond_ore":15,"ars_nouveau:green_archwood_leaves":2,"travelersbackpack:blaze":1,"minecraft:granite":103,"minecraft:grass_block":165,"create:large_cogwheel":4,"create_new_age:thorium_ore":17,"minecraft:redstone_ore":5,"create:shaft":4,"minecraft:furnace":4,"minecraft:iron_ore":238,"minecraft:andesite":178,"minecraft:dirt_path":4,"minecraft:deepslate_iron_ore":92,"minecraft:oak_stairs":1,"minecraft:stripped_oak_log":1,"minecraft:stone":1246,"minecraft:deepslate_redstone_ore":14,"create:cogwheel":3,"ars_nouveau:green_archwood_log":1,"minecraft:stone_brick_slab":3,"create_new_age:magnetite_block":20,"travelersbackpack:standard":2,"minecraft:crafting_table":3,"minecraft:torch":2,"minecraft:calcite":4,"minecraft:copper_ore":68,"minecraft:tall_grass":1,"minecraft:cobblestone":7,"minecraft:deepslate_coal_ore":7,"minecraft:deepslate_gold_ore":27,"minecraft:lapis_ore":12,"minecraft:sugar_cane":8,"minecraft:diorite":104,"minecraft:wall_torch":17,"minecraft:amethyst_block":8,"minecraft:birch_sapling":5,"minecraft:birch_planks":5,"ars_nouveau:green_archwood_sapling":1,"ars_nouveau:archwood_planks":4,"minecraft:birch_log":23,"minecraft:wheat":7,"minecraft:birch_leaves":1,"minecraft:stone_brick_stairs":2,"quark:birch_ladder":2,"minecraft:grass":94,"minecraft:coal_ore":447,"minecraft:oak_log":16,"minecraft:gravel":90,"minecraft:sunflower":1,"minecraft:sand":94,"minecraft:dirt":64,"minecraft:smooth_basalt":4,"minecraft:gold_ore":17,"minecraft:deepslate":186,"minecraft:oak_leaves":4},"minecraft:killed":{"minecraft:cave_spider":1,"minecraft:spider":10,"minecraft:skeleton":13,"minecraft:chicken":2,"minecraft:drowned":1,"minecraft:pig":3,"ars_nouveau:drygmy":1,"ars_nouveau:starbuncle":1,"minecraft:creeper":4,"minecraft:sheep":3,"minecraft:zombie":54,"minecraft:enderman":3,"minecraft:cow":9},"minecraft:crafted":{"minecraft:wooden_sword":7,"minecraft:smooth_stone":18,"minecraft:stone_shovel":1,"quark:birch_chest":8,"minecraft:cooked_chicken":2,"minecraft:birch_slab":12,"minecraft:furnace":8,"minecraft:blast_furnace":6,"quark:birch_ladder":56,"minecraft:stone":18,"minecraft:bone_meal":57,"travelersbackpack:blank_upgrade":4,"minecraft:cooked_mutton":4,"minecraft:glass":6,"travelersbackpack:white_sleeping_bag":1,"minecraft:iron_boots":1,"minecraft:iron_hoe":2,"minecraft:stone_pickaxe":1,"minecraft:chest":2,"minecraft:diamond_boots":1,"minecraft:birch_door":3,"minecraft:birch_button":1,"create_sa:copper_pickaxe":4,"create_sa:copper_axe":1,"minecraft:smoker":2,"minecraft:cooked_beef":23,"minecraft:cooked_porkchop":6,"minecraft:diamond_axe":1,"minecraft:crafting_table":1,"slashblade:slashblade":7,"travelersbackpack:backpack_tank":4,"minecraft:iron_helmet":1,"travelersbackpack:standard":1,"minecraft:iron_sword":2,"minecraft:smithing_table":1,"minecraft:copper_ingot":221,"minecraft:bucket":2,"minecraft:birch_planks":324,"minecraft:stone_axe":1,"slashblade:proudsoul_ingot":2,"minecraft:air":0,"minecraft:iron_chestplate":1,"minecraft:charcoal":25,"minecraft:diamond_pickaxe":2,"minecraft:stick":188,"minecraft:iron_ingot":323,"minecraft:iron_pickaxe":2,"minecraft:wooden_axe":1,"minecraft:iron_block":3,"minecraft:stone_sword":1,"minecraft:gold_ingot":52,"minecraft:iron_shovel":1,"minecraft:iron_leggings":1,"minecraft:anvil":1,"minecraft:composter":1,"minecraft:torch":244,"create:zinc_ingot":108,"slashblade:proudsoul_tiny":4,"minecraft:diamond_chestplate":1},"minecraft:broken":{"create_sa:copper_pickaxe":4,"create_sa:copper_axe":1,"slashblade:slashblade":7,"minecraft:stone_pickaxe":1,"minecraft:diamond_pickaxe":1,"minecraft:stone_axe":1,"minecraft:iron_pickaxe":2,"minecraft:stone_shovel":1,"minecraft:iron_hoe":1},"minecraft:picked_up":{"minecraft:wooden_axe":1,"minecraft:crafting_table":3,"create_new_age:thorium":60,"minecraft:wheat":43,"minecraft:chicken":2,"minecraft:creeper_head":1,"minecraft:diamond_sword":1,"minecraft:oak_stairs":1,"create:wrench":2,"minecraft:stone_brick_stairs":2,"minecraft:shield":1,"minecraft:amethyst_block":8,"ars_nouveau:archwood_planks":4,"minecraft:string":16,"minecraft:raw_copper":221,"travelersbackpack:blaze":1,"minecraft:diamond_leggings":1,"create:mechanical_press":1,"minecraft:cobbled_deepslate":186,"minecraft:bucket":1,"minecraft:beef":23,"minecraft:calcite":4,"minecraft:iron_nugget":1,"minecraft:sugar_cane":15,"minecraft:birch_sapling":30,"minecraft:diamond_hoe":1,"minecraft:furnace":4,"minecraft:egg":4,"minecraft:raw_iron":404,"minecraft:stick":102,"minecraft:torch":20,"minecraft:porkchop":6,"create:hand_crank":1,"minecraft:diorite":104,"minecraft:carrot":6,"minecraft:redstone":85,"ars_nouveau:green_archwood_log":49,"create:large_cogwheel":21,"slashblade:proudsoul":8,"minecraft:arrow":15,"minecraft:rotten_flesh":52,"minecraft:diamond_chestplate":1,"minecraft:diamond_boots":1,"minecraft:bookshelf":24,"minecraft:mutton":4,"minecraft:obsidian":1,"minecraft:stripped_oak_log":2,"minecraft:white_wool":3,"minecraft:cobblestone":1451,"minecraft:birch_log":97,"minecraft:enchanting_table":1,"farmersdelight:rich_soil":2,"minecraft:feather":1,"minecraft:glow_ink_sac":1,"minecraft:water_bucket":1,"minecraft:andesite":178,"minecraft:leather":12,"minecraft:red_mushroom":5,"minecraft:birch_planks":13,"minecraft:flint":13,"minecraft:tuff":11,"create:raw_zinc":108,"minecraft:oak_log":207,"create:andesite_alloy":9,"minecraft:gunpowder":6,"minecraft:lapis_lazuli":75,"minecraft:dirt":260,"ars_nouveau:green_archwood_sapling":4,"minecraft:glass":18,"minecraft:bone":20,"minecraft:apple":10,"minecraft:bow":1,"minecraft:wheat_seeds":102,"minecraft:raw_gold":52,"create_new_age:magnetite_block":20,"minecraft:iron_ingot":8,"create:goggles":1,"create:shaft":70,"minecraft:diamond_helmet":1,"minecraft:book":1,"slashblade:proudsoul_tiny":1,"minecraft:smooth_basalt":4,"create:cogwheel":33,"minecraft:stone_brick_slab":5,"minecraft:quartz":2,"minecraft:dandelion":1,"minecraft:gravel":103,"minecraft:sand":94,"minecraft:white_bed":1,"minecraft:grass_block":1,"minecraft:spider_eye":5,"quark:birch_ladder":2,"travelersbackpack:standard":2,"minecraft:diamond":18,"minecraft:granite":103,"minecraft:diamond_axe":1,"minecraft:bone_meal":1,"mahoutsukai:guidebook":1,"minecraft:oak_sapling":100,"minecraft:coal":853,"minecraft:sunflower":1,"minecraft:diamond_pickaxe":1,"minecraft:ender_pearl":3},"minecraft:used":{"quark:birch_chest":5,"travelersbackpack:blaze":2,"minecraft:iron_shovel":194,"minecraft:stone_shovel":133,"minecraft:creeper_head":1,"minecraft:cooked_chicken":2,"minecraft:rotten_flesh":50,"create_sa:copper_pickaxe":527,"minecraft:torch":261,"minecraft:dirt":80,"minecraft:anvil":1,"create:cogwheel":14,"minecraft:tuff":3,"minecraft:granite":16,"minecraft:birch_door":2,"minecraft:iron_hoe":257,"quark:birch_ladder":55,"minecraft:grass_block":1,"minecraft:birch_sapling":22,"slashblade:slashblade":1397,"ars_nouveau:green_archwood_sapling":4,"minecraft:birch_button":1,"create:shaft":7,"minecraft:oak_sapling":1,"minecraft:furnace":4,"minecraft:egg":1,"minecraft:cobbled_deepslate":3,"minecraft:cooked_mutton":3,"minecraft:wheat_seeds":243,"minecraft:water_bucket":5,"minecraft:diorite":2,"minecraft:birch_planks":37,"minecraft:stone_pickaxe":131,"minecraft:sugar_cane":7,"minecraft:composter":1,"minecraft:diamond_axe":37,"create_sa:copper_axe":46,"minecraft:crafting_table":4,"minecraft:blast_furnace":6,"minecraft:white_bed":1,"minecraft:smoker":2,"minecraft:diamond_pickaxe":1805,"minecraft:apple":13,"minecraft:iron_pickaxe":500,"minecraft:bread":16,"minecraft:stone_axe":34,"minecraft:cobblestone":183,"travelersbackpack:standard":5,"minecraft:andesite":1,"minecraft:cooked_porkchop":3,"minecraft:smithing_table":1,"minecraft:bucket":7,"minecraft:bone_meal":49,"create:large_cogwheel":9,"minecraft:experience_bottle":1},"minecraft:dropped":{"minecraft:oak_log":14,"minecraft:glow_ink_sac":1,"create:cogwheel":7,"minecraft:amethyst_block":8,"minecraft:granite":21,"minecraft:red_mushroom":5,"minecraft:dirt":1,"ars_nouveau:worn_notebook":1,"minecraft:diorite":50,"minecraft:torch":1,"minecraft:wooden_axe":2,"theoneprobe:probenote":1,"minecraft:oak_stairs":1,"minecraft:sunflower":1,"create:large_cogwheel":4,"farmersdelight:rich_soil":2,"minecraft:stone_brick_slab":5,"minecraft:smooth_basalt":4,"minecraft:gravel":22,"create:shaft":18,"slashblade:proudsoul":1,"minecraft:stone_sword":1,"minecraft:stripped_oak_log":2,"minecraft:diamond_pickaxe":1,"minecraft:andesite":25,"minecraft:oak_sapling":6,"minecraft:calcite":4,"minecraft:stone_brick_stairs":2,"slashblade:proudsoul_tiny":1},"minecraft:custom":{"minecraft:interact_with_smithing_table":4,"minecraft:interact_with_anvil":5,"minecraft:mob_kills":111,"minecraft:interact_with_crafting_table":84,"minecraft:leave_game":7,"minecraft:time_since_death":357319,"minecraft:climb_one_cm":55718,"minecraft:sprint_one_cm":302014,"minecraft:walk_one_cm":1858287,"minecraft:drop":47,"minecraft:talked_to_villager":3,"minecraft:play_time":357319,"minecraft:sneak_time":11522,"minecraft:walk_under_water_one_cm":22685,"minecraft:jump":1950,"minecraft:interact_with_blast_furnace":46,"minecraft:walk_on_water_one_cm":37040,"minecraft:total_world_time":357319,"minecraft:interact_with_furnace":196,"minecraft:sleep_in_bed":4,"minecraft:time_since_rest":1275,"minecraft:damage_taken":1364,"minecraft:damage_dealt":18360,"minecraft:crouch_one_cm":68330,"minecraft:player_kills":1,"minecraft:swim_one_cm":50487,"minecraft:fly_one_cm":223163,"minecraft:open_chest":346,"minecraft:fall_one_cm":40653,"minecraft:horse_one_cm":860,"minecraft:interact_with_smoker":21}},"DataVersion":3465}