{"stats":{"minecraft:custom":{"minecraft:interact_with_furnace":52,"minecraft:mob_kills":5,"minecraft:interact_with_crafting_table":39,"minecraft:leave_game":2,"minecraft:time_since_death":98282,"minecraft:climb_one_cm":21258,"minecraft:time_since_rest":98282,"minecraft:sprint_one_cm":162586,"minecraft:damage_taken":265,"minecraft:walk_one_cm":338925,"minecraft:drop":29,"minecraft:damage_dealt":831,"minecraft:talked_to_villager":2,"minecraft:swim_one_cm":19325,"minecraft:fly_one_cm":169243,"minecraft:open_chest":61,"minecraft:crouch_one_cm":7586,"minecraft:play_time":98282,"minecraft:sneak_time":3191,"minecraft:walk_under_water_one_cm":2701,"minecraft:jump":782,"minecraft:walk_on_water_one_cm":6203,"minecraft:total_world_time":98282,"minecraft:fall_one_cm":14047,"minecraft:horse_one_cm":860},"minecraft:crafted":{"minecraft:wooden_sword":4,"minecraft:stone_shovel":1,"quark:birch_chest":3,"minecraft:cooked_porkchop":2,"minecraft:crafting_table":1,"slashblade:slashblade":4,"minecraft:furnace":2,"minecraft:copper_ingot":88,"quark:birch_ladder":56,"minecraft:bone_meal":6,"minecraft:birch_planks":172,"minecraft:stone_axe":1,"minecraft:cooked_mutton":2,"minecraft:air":0,"minecraft:charcoal":25,"minecraft:stick":96,"minecraft:iron_pickaxe":2,"minecraft:iron_ingot":23,"minecraft:stone_pickaxe":1,"minecraft:wooden_axe":1,"minecraft:stone_sword":1,"minecraft:birch_door":3,"minecraft:torch":60,"create:zinc_ingot":10,"create_sa:copper_pickaxe":4,"create_sa:copper_axe":1,"slashblade:proudsoul_tiny":4},"minecraft:broken":{"create_sa:copper_pickaxe":4,"minecraft:stone_axe":1,"minecraft:stone_pickaxe":1,"slashblade:slashblade":1},"minecraft:picked_up":{"minecraft:wooden_axe":1,"minecraft:stripped_oak_log":2,"minecraft:birch_log":43,"create_new_age:thorium":60,"minecraft:crafting_table":3,"minecraft:andesite":56,"minecraft:birch_planks":5,"minecraft:flint":2,"create:raw_zinc":10,"minecraft:oak_log":71,"minecraft:amethyst_block":8,"ars_nouveau:archwood_planks":4,"minecraft:lapis_lazuli":39,"minecraft:dirt":53,"minecraft:raw_copper":177,"ars_nouveau:green_archwood_sapling":1,"minecraft:bone":2,"minecraft:cobbled_deepslate":3,"create_new_age:magnetite_block":7,"minecraft:calcite":4,"minecraft:sugar_cane":15,"minecraft:birch_sapling":12,"minecraft:smooth_basalt":4,"minecraft:raw_iron":33,"slashblade:proudsoul_tiny":1,"minecraft:stick":30,"minecraft:torch":9,"minecraft:gravel":44,"minecraft:porkchop":2,"minecraft:diorite":66,"quark:birch_ladder":2,"ars_nouveau:green_archwood_log":47,"slashblade:proudsoul":2,"minecraft:arrow":1,"minecraft:rotten_flesh":1,"minecraft:granite":23,"minecraft:oak_sapling":25,"minecraft:coal":75,"minecraft:mutton":2,"minecraft:sunflower":1,"minecraft:white_wool":1,"minecraft:cobblestone":361},"minecraft:used":{"quark:birch_chest":3,"minecraft:stone_shovel":52,"minecraft:birch_planks":37,"minecraft:stone_pickaxe":131,"create_sa:copper_pickaxe":527,"create_sa:copper_axe":22,"minecraft:torch":59,"minecraft:dirt":11,"minecraft:crafting_table":4,"minecraft:birch_door":2,"quark:birch_ladder":55,"minecraft:bread":10,"minecraft:birch_sapling":12,"slashblade:slashblade":100,"minecraft:iron_pickaxe":75,"ars_nouveau:green_archwood_sapling":1,"minecraft:stone_axe":34,"minecraft:cobblestone":24,"minecraft:oak_sapling":1,"minecraft:furnace":2,"minecraft:bone_meal":3},"minecraft:killed":{"minecraft:pig":1,"minecraft:sheep":1,"minecraft:skeleton":1,"minecraft:zombie":2},"minecraft:dropped":{"minecraft:gravel":22,"minecraft:oak_log":14,"slashblade:proudsoul":1,"minecraft:amethyst_block":8,"minecraft:stripped_oak_log":2,"minecraft:granite":21,"ars_nouveau:worn_notebook":1,"minecraft:diorite":50,"minecraft:andesite":25,"minecraft:wooden_axe":2,"minecraft:oak_sapling":1,"theoneprobe:probenote":1,"minecraft:sunflower":1,"minecraft:calcite":4,"minecraft:smooth_basalt":4,"slashblade:proudsoul_tiny":1},"minecraft:mined":{"minecraft:oak_sapling":12,"create_new_age:magnetite_block":7,"minecraft:crafting_table":3,"minecraft:granite":23,"minecraft:calcite":4,"minecraft:grass_block":6,"create_new_age:thorium_ore":17,"minecraft:cobblestone":2,"minecraft:copper_ore":54,"minecraft:tall_grass":1,"minecraft:lapis_ore":6,"minecraft:sugar_cane":8,"minecraft:diorite":66,"minecraft:wall_torch":10,"minecraft:amethyst_block":8,"minecraft:birch_sapling":2,"minecraft:birch_planks":5,"ars_nouveau:archwood_planks":4,"ars_nouveau:green_archwood_sapling":1,"minecraft:iron_ore":33,"minecraft:birch_log":21,"minecraft:andesite":56,"minecraft:birch_leaves":1,"minecraft:grass":8,"quark:birch_ladder":2,"minecraft:deepslate_iron_ore":2,"minecraft:coal_ore":75,"minecraft:oak_log":8,"minecraft:dirt_path":4,"minecraft:sunflower":1,"minecraft:gravel":24,"minecraft:dirt":43,"minecraft:stripped_oak_log":1,"minecraft:smooth_basalt":4,"minecraft:deepslate":3,"create:zinc_ore":10,"minecraft:stone":360,"minecraft:oak_leaves":4}},"DataVersion":3465}