{"stats":{"minecraft:custom":{"minecraft:interact_with_crafting_table":96,"minecraft:open_barrel":1,"minecraft:leave_game":10,"minecraft:time_since_death":472699,"minecraft:sprint_one_cm":320904,"minecraft:drop":68,"minecraft:talked_to_villager":3,"minecraft:play_time":472699,"minecraft:jump":2200,"minecraft:walk_on_water_one_cm":43023,"minecraft:interact_with_furnace":209,"minecraft:sleep_in_bed":5,"minecraft:damage_dealt":39185,"minecraft:player_kills":1,"minecraft:crouch_one_cm":133408,"minecraft:interact_with_smoker":43,"minecraft:horse_one_cm":860,"minecraft:interact_with_smithing_table":11,"minecraft:mob_kills":238,"minecraft:interact_with_anvil":13,"minecraft:climb_one_cm":68863,"minecraft:walk_one_cm":2655954,"minecraft:sneak_time":13908,"minecraft:walk_under_water_one_cm":24913,"minecraft:interact_with_blast_furnace":76,"minecraft:total_world_time":472699,"minecraft:time_since_rest":95155,"minecraft:damage_taken":1565,"minecraft:swim_one_cm":57287,"minecraft:fly_one_cm":287631,"minecraft:open_chest":426,"minecraft:fall_one_cm":51284},"minecraft:broken":{"create_sa:copper_axe":1,"minecraft:stone_pickaxe":1,"minecraft:diamond_pickaxe":1,"minecraft:stone_axe":1,"minecraft:stone_shovel":1,"minecraft:iron_hoe":1,"create_sa:copper_pickaxe":4,"slashblade:slashblade":12,"minecraft:iron_pickaxe":2},"minecraft:mined":{"create:deepslate_zinc_ore":37,"minecraft:spruce_planks":2,"minecraft:oak_sapling":35,"minecraft:white_bed":1,"farmersdelight:rich_soil":2,"travelersbackpack:blaze":1,"minecraft:granite":103,"minecraft:grass_block":166,"minecraft:iron_ore":263,"minecraft:deepslate_lapis_ore":7,"minecraft:dirt_path":4,"minecraft:oak_stairs":1,"minecraft:deepslate_redstone_ore":35,"create:cogwheel":3,"minecraft:torch":2,"minecraft:calcite":4,"minecraft:cobblestone":24,"minecraft:sugar_cane":8,"minecraft:wall_torch":19,"minecraft:amethyst_block":8,"minecraft:deepslate_copper_ore":5,"minecraft:birch_sapling":5,"ars_nouveau:green_archwood_sapling":1,"minecraft:birch_log":23,"ars_nouveau:archwood_planks":4,"minecraft:wheat":7,"minecraft:stone_brick_stairs":2,"minecraft:grass":98,"quark:birch_ladder":2,"minecraft:oak_log":18,"minecraft:sand":94,"minecraft:dirt":72,"minecraft:smooth_basalt":4,"minecraft:oak_leaves":4,"minecraft:deepslate":787,"create:zinc_ore":75,"minecraft:diamond_ore":4,"minecraft:tuff":73,"minecraft:deepslate_diamond_ore":74,"ars_nouveau:green_archwood_leaves":2,"create:large_cogwheel":4,"create_new_age:thorium_ore":17,"minecraft:spruce_leaves":8,"minecraft:redstone_ore":5,"create:shaft":4,"minecraft:furnace":4,"minecraft:andesite":188,"minecraft:deepslate_iron_ore":120,"minecraft:stripped_oak_log":1,"minecraft:stone":1264,"ars_nouveau:green_archwood_log":1,"minecraft:stone_brick_slab":3,"create_new_age:magnetite_block":20,"travelersbackpack:standard":4,"minecraft:crafting_table":3,"minecraft:tall_grass":4,"minecraft:copper_ore":68,"minecraft:deepslate_coal_ore":9,"minecraft:lapis_ore":12,"minecraft:deepslate_gold_ore":131,"minecraft:diorite":104,"minecraft:birch_planks":5,"minecraft:birch_leaves":1,"minecraft:coal_ore":489,"minecraft:sunflower":1,"minecraft:gravel":90,"minecraft:gold_ore":17},"minecraft:dropped":{"minecraft:oak_log":14,"minecraft:glow_ink_sac":1,"minecraft:diamond":1,"create:cogwheel":7,"minecraft:red_mushroom":5,"minecraft:dirt":1,"theoneprobe:probenote":1,"minecraft:sunflower":1,"create:large_cogwheel":4,"minecraft:gravel":22,"minecraft:stone_brick_stairs":2,"slashblade:proudsoul_tiny":1,"minecraft:bread":18,"minecraft:amethyst_block":8,"minecraft:granite":21,"minecraft:grass_block":1,"ars_nouveau:worn_notebook":1,"minecraft:diorite":50,"minecraft:torch":1,"minecraft:wooden_axe":2,"minecraft:oak_stairs":1,"farmersdelight:rich_soil":2,"minecraft:stone_brick_slab":5,"minecraft:smooth_basalt":4,"create:shaft":18,"slashblade:proudsoul":1,"minecraft:stone_sword":1,"minecraft:stripped_oak_log":2,"minecraft:diamond_pickaxe":1,"minecraft:andesite":25,"minecraft:oak_sapling":6,"ars_nouveau:green_archwood_log":44,"minecraft:calcite":4},"minecraft:picked_up":{"minecraft:wooden_axe":1,"minecraft:wheat":287,"minecraft:creeper_head":1,"minecraft:diamond_sword":1,"create:wrench":2,"minecraft:oak_stairs":1,"minecraft:stone_brick_stairs":2,"minecraft:amethyst_block":8,"minecraft:string":35,"minecraft:raw_copper":244,"travelersbackpack:blaze":1,"minecraft:diamond_leggings":1,"create:mechanical_press":1,"minecraft:cobbled_deepslate":790,"minecraft:bucket":1,"minecraft:spruce_planks":2,"minecraft:calcite":4,"minecraft:furnace":4,"minecraft:stick":103,"minecraft:torch":25,"minecraft:porkchop":18,"minecraft:diorite":104,"create:large_cogwheel":21,"slashblade:proudsoul":12,"minecraft:rotten_flesh":87,"minecraft:bookshelf":24,"minecraft:blaze_rod":1,"minecraft:obsidian":1,"minecraft:cobblestone":1486,"minecraft:enchanting_table":1,"minecraft:birch_log":97,"minecraft:feather":9,"minecraft:water_bucket":1,"minecraft:andesite":188,"minecraft:potato":1,"minecraft:flint":13,"minecraft:tuff":72,"create:raw_zinc":111,"minecraft:lapis_lazuli":116,"minecraft:dirt":269,"minecraft:bone":37,"minecraft:glass":18,"minecraft:bow":1,"minecraft:wheat_seeds":515,"minecraft:raw_gold":162,"create_new_age:magnetite_block":20,"create:goggles":1,"create:shaft":70,"minecraft:diamond_helmet":1,"create:cogwheel":33,"minecraft:sand":94,"minecraft:grass_block":2,"quark:birch_ladder":2,"minecraft:diamond":79,"minecraft:granite":103,"minecraft:bone_meal":22,"minecraft:golden_apple":1,"minecraft:bread":5,"mahoutsukai:guidebook":1,"minecraft:oak_sapling":100,"minecraft:diamond_pickaxe":1,"create_new_age:thorium":60,"minecraft:crafting_table":3,"minecraft:chicken":8,"minecraft:shield":1,"ars_nouveau:archwood_planks":4,"minecraft:beef":37,"minecraft:iron_nugget":1,"minecraft:sugar_cane":15,"minecraft:birch_sapling":30,"minecraft:diamond_hoe":1,"minecraft:egg":11,"minecraft:raw_iron":458,"create:hand_crank":1,"minecraft:carrot":7,"minecraft:redstone":183,"ars_nouveau:green_archwood_log":49,"minecraft:arrow":32,"minecraft:diamond_chestplate":1,"minecraft:diamond_boots":1,"minecraft:mutton":15,"minecraft:white_wool":9,"minecraft:stripped_oak_log":2,"farmersdelight:rich_soil":2,"minecraft:glow_ink_sac":1,"minecraft:leather":18,"minecraft:red_mushroom":5,"minecraft:birch_planks":13,"minecraft:oak_log":209,"create:andesite_alloy":9,"minecraft:gunpowder":39,"quark:forgotten_hat":1,"ars_nouveau:green_archwood_sapling":4,"minecraft:apple":10,"minecraft:rabbit_hide":8,"minecraft:iron_ingot":10,"minecraft:cobweb":9,"minecraft:book":1,"slashblade:proudsoul_tiny":1,"minecraft:smooth_basalt":4,"minecraft:stone_brick_slab":5,"minecraft:quartz":2,"minecraft:dandelion":1,"minecraft:gravel":103,"minecraft:white_bed":1,"minecraft:spider_eye":9,"travelersbackpack:standard":4,"minecraft:diamond_axe":1,"minecraft:coal":927,"minecraft:ender_pearl":4,"minecraft:sunflower":1},"minecraft:used":{"minecraft:iron_shovel":204,"minecraft:creeper_head":1,"minecraft:rotten_flesh":62,"create_sa:copper_pickaxe":527,"create:cogwheel":14,"minecraft:tuff":3,"quark:birch_ladder":55,"minecraft:grass_block":1,"minecraft:birch_sapling":22,"ars_nouveau:green_archwood_sapling":4,"minecraft:birch_button":1,"create:shaft":7,"minecraft:furnace":4,"minecraft:oak_sapling":1,"minecraft:egg":1,"minecraft:diorite":2,"minecraft:stone_pickaxe":131,"minecraft:composter":1,"minecraft:diamond_axe":41,"minecraft:sugar_cane":7,"create_sa:copper_axe":46,"minecraft:blast_furnace":6,"minecraft:bread":16,"minecraft:smithing_table":1,"minecraft:andesite":1,"minecraft:bone_meal":49,"minecraft:experience_bottle":1,"create:large_cogwheel":9,"minecraft:cobweb":9,"travelersbackpack:blaze":2,"quark:birch_chest":5,"minecraft:stone_shovel":133,"minecraft:cooked_chicken":2,"minecraft:torch":390,"minecraft:dirt":80,"minecraft:anvil":1,"minecraft:granite":16,"minecraft:birch_door":2,"minecraft:iron_hoe":257,"slashblade:slashblade":2181,"minecraft:cobbled_deepslate":11,"minecraft:wheat_seeds":655,"minecraft:cooked_mutton":4,"minecraft:water_bucket":6,"minecraft:birch_planks":37,"quark:forgotten_hat":1,"minecraft:crafting_table":4,"minecraft:white_bed":1,"minecraft:smoker":2,"minecraft:diamond_pickaxe":2811,"minecraft:apple":13,"minecraft:iron_pickaxe":500,"minecraft:stone_axe":34,"minecraft:cobblestone":183,"travelersbackpack:standard":14,"minecraft:cooked_porkchop":6,"minecraft:bucket":14,"minecraft:diamond_leggings":1},"minecraft:killed":{"minecraft:cave_spider":2,"minecraft:zombified_piglin":1,"minecraft:witch":1,"minecraft:spider":25,"minecraft:skeleton":26,"minecraft:chicken":8,"minecraft:pig":10,"minecraft:creeper":28,"minecraft:sheep":10,"minecraft:zombie":88,"minecraft:cow":17,"minecraft:drowned":1,"ars_nouveau:drygmy":2,"ars_nouveau:starbuncle":3,"ars_nouveau:whirlisprig":2,"minecraft:enderman":5},"minecraft:crafted":{"minecraft:smooth_stone":18,"quark:birch_chest":9,"travelersbackpack:crafting_upgrade":1,"minecraft:cooked_chicken":8,"minecraft:birch_slab":12,"quark:birch_ladder":56,"minecraft:stone":18,"minecraft:cooked_mutton":15,"minecraft:glass":50,"minecraft:iron_boots":1,"minecraft:diamond_leggings":1,"minecraft:chest":4,"minecraft:birch_door":3,"minecraft:birch_button":1,"create_sa:copper_axe":1,"minecraft:smoker":2,"travelersbackpack:iron_tier_upgrade":1,"minecraft:cooked_porkchop":18,"minecraft:diamond_axe":1,"minecraft:crafting_table":2,"slashblade:slashblade":7,"travelersbackpack:standard":5,"minecraft:iron_helmet":1,"minecraft:smithing_table":1,"minecraft:copper_ingot":244,"minecraft:birch_planks":324,"slashblade:proudsoul_ingot":4,"minecraft:iron_chestplate":1,"minecraft:diamond_pickaxe":2,"minecraft:charcoal":25,"minecraft:stick":224,"minecraft:iron_ingot":377,"minecraft:iron_pickaxe":2,"minecraft:iron_block":3,"minecraft:stone_sword":1,"minecraft:gold_ingot":162,"minecraft:composter":1,"minecraft:wooden_sword":7,"slashblade:proudsoul_sphere":1,"minecraft:stone_shovel":1,"minecraft:furnace":8,"minecraft:blast_furnace":6,"minecraft:bone_meal":60,"travelersbackpack:gold_tier_upgrade":1,"travelersbackpack:blank_upgrade":4,"travelersbackpack:white_sleeping_bag":1,"minecraft:iron_hoe":2,"minecraft:stone_pickaxe":1,"minecraft:diamond_boots":1,"create_sa:copper_pickaxe":4,"travelersbackpack:diamond_tier_upgrade":1,"minecraft:cooked_beef":37,"minecraft:coal_block":1,"travelersbackpack:backpack_tank":4,"minecraft:iron_sword":2,"minecraft:bucket":2,"minecraft:stone_axe":1,"minecraft:bread":96,"minecraft:air":0,"minecraft:wooden_axe":1,"minecraft:iron_leggings":1,"minecraft:iron_shovel":1,"minecraft:anvil":1,"minecraft:torch":392,"create:zinc_ingot":111,"minecraft:lapis_block":1,"minecraft:diamond_chestplate":1,"slashblade:proudsoul_tiny":4}},"DataVersion":3465}