{"stats":{"minecraft:used":{"minecraft:iron_shovel":529,"quark:crimson_ladder":3,"minecraft:shield":67,"minecraft:iron_sword":277,"minecraft:creeper_head":1,"quark:iron_ladder":8,"minecraft:rotten_flesh":62,"create_sa:copper_pickaxe":527,"create:cogwheel":14,"minecraft:tuff":3,"quark:birch_ladder":55,"minecraft:lava_bucket":1,"minecraft:grass_block":1,"minecraft:birch_sapling":71,"twilightforest:twilight_oak_planks":199,"ars_nouveau:green_archwood_sapling":5,"minecraft:birch_button":1,"minecraft:sweet_berries":6,"minecraft:written_book":1,"create:shaft":7,"minecraft:oak_sapling":131,"minecraft:furnace":4,"minecraft:cooked_cod":1,"minecraft:egg":3,"minecraft:dark_oak_stairs":120,"minecraft:diorite":2,"minecraft:diamond_boots":1,"minecraft:stone_pickaxe":131,"minecraft:ender_pearl":3,"minecraft:composter":3,"minecraft:sugar_cane":7,"minecraft:diamond_axe":208,"create_sa:copper_axe":46,"minecraft:blast_furnace":6,"minecraft:bread":37,"nethersdelight:hoglin_sirloin":1,"minecraft:nether_wart_block":25,"minecraft:diamond_sword":73,"minecraft:crimson_door":3,"minecraft:smithing_table":1,"minecraft:andesite":1,"minecraft:cobweb":9,"minecraft:bone_meal":49,"create:large_cogwheel":9,"minecraft:experience_bottle":1,"travelersbackpack:blaze":2,"quark:birch_chest":5,"minecraft:stone_shovel":133,"minecraft:cooked_chicken":9,"minecraft:netherrack":177,"minecraft:oak_door":2,"minecraft:torch":507,"minecraft:dirt":269,"minecraft:anvil":4,"minecraft:diamond_helmet":1,"minecraft:granite":16,"minecraft:birch_door":2,"minecraft:iron_hoe":337,"ars_nouveau:frostaya_pod":1,"minecraft:rooted_dirt":2,"slashblade:slashblade":3518,"minecraft:crimson_slab":99,"minecraft:crimson_planks":154,"minecraft:barrel":9,"minecraft:diamond_chestplate":1,"minecraft:cooked_beef":8,"minecraft:cobbled_deepslate":11,"minecraft:wheat_seeds":1388,"minecraft:cooked_mutton":8,"farmersdelight:iron_knife":40,"minecraft:water_bucket":25,"minecraft:cobblestone_stairs":62,"minecraft:birch_planks":37,"quark:forgotten_hat":1,"minecraft:crafting_table":10,"minecraft:white_bed":1,"minecraft:smoker":2,"minecraft:diamond_pickaxe":4963,"minecraft:apple":24,"twilightforest:firefly":2,"minecraft:iron_pickaxe":500,"minecraft:spruce_sapling":76,"minecraft:stone_axe":34,"minecraft:cobblestone":265,"travelersbackpack:standard":20,"minecraft:cooked_porkchop":12,"minecraft:bucket":46,"quark:oak_chest":3,"minecraft:dandelion":16,"minecraft:diamond_leggings":2},"minecraft:broken":{"minecraft:iron_shovel":1,"create_sa:copper_axe":1,"minecraft:stone_pickaxe":1,"minecraft:diamond_pickaxe":2,"minecraft:stone_axe":1,"minecraft:iron_sword":1,"minecraft:stone_shovel":1,"minecraft:iron_hoe":1,"create_sa:copper_pickaxe":4,"slashblade:slashblade":20,"minecraft:iron_pickaxe":2},"minecraft:custom":{"minecraft:animals_bred":6,"minecraft:interact_with_crafting_table":138,"minecraft:open_barrel":82,"minecraft:leave_game":19,"minecraft:time_since_death":121635,"minecraft:sprint_one_cm":479201,"minecraft:damage_blocked_by_shield":1980,"minecraft:drop":112,"minecraft:talked_to_villager":3,"minecraft:play_time":866837,"minecraft:deaths":2,"minecraft:jump":4141,"minecraft:interact_with_brewingstand":2,"minecraft:walk_on_water_one_cm":52063,"minecraft:interact_with_furnace":223,"minecraft:sleep_in_bed":10,"minecraft:damage_dealt":73400,"minecraft:player_kills":1,"minecraft:crouch_one_cm":262567,"minecraft:interact_with_smoker":85,"minecraft:horse_one_cm":860,"minecraft:interact_with_smithing_table":16,"minecraft:interact_with_anvil":27,"minecraft:mob_kills":462,"minecraft:climb_one_cm":95172,"minecraft:walk_one_cm":5561865,"minecraft:sneak_time":32602,"minecraft:walk_under_water_one_cm":32572,"minecraft:interact_with_blast_furnace":135,"minecraft:total_world_time":866837,"minecraft:time_since_rest":121833,"minecraft:damage_taken":5410,"minecraft:swim_one_cm":65320,"minecraft:fly_one_cm":1094165,"minecraft:open_chest":653,"minecraft:fall_one_cm":104827},"minecraft:dropped":{"farmersdelight:iron_knife":1,"minecraft:birch_planks":2,"minecraft:dark_oak_stairs":28,"minecraft:lapis_lazuli":55,"minecraft:oak_log":14,"minecraft:cooked_beef":1,"minecraft:glow_ink_sac":1,"minecraft:diamond":2,"minecraft:weeping_vines":1,"minecraft:warped_roots":1,"create:cogwheel":7,"minecraft:birch_slab":5,"minecraft:red_mushroom":5,"minecraft:cobblestone_stairs":40,"minecraft:dirt":1,"minecraft:crimson_roots":4,"theoneprobe:probenote":3,"minecraft:sunflower":1,"create:large_cogwheel":4,"minecraft:dark_oak_planks":4,"minecraft:gravel":23,"minecraft:oak_door":2,"minecraft:wheat":1,"minecraft:rotten_flesh":14,"minecraft:oak_planks":2,"twilightforest:torchberries":2,"minecraft:stone_brick_stairs":2,"minecraft:written_book":1,"slashblade:proudsoul_tiny":1,"minecraft:bread":18,"minecraft:wheat_seeds":3,"minecraft:amethyst_block":8,"minecraft:granite":21,"minecraft:grass_block":1,"minecraft:oxeye_daisy":4,"ars_nouveau:worn_notebook":1,"minecraft:gray_wool":1,"minecraft:diorite":50,"minecraft:torch":1,"minecraft:wooden_axe":2,"minecraft:oak_stairs":1,"farmersdelight:rich_soil":2,"minecraft:dandelion":13,"minecraft:stone_brick_slab":6,"minecraft:smooth_basalt":4,"create:shaft":18,"slashblade:proudsoul":1,"minecraft:stone_sword":1,"minecraft:light_gray_wool":1,"ars_nouveau:frostaya_pod":1,"minecraft:stripped_oak_log":2,"farmersdelight:straw":1,"minecraft:diamond_pickaxe":1,"minecraft:andesite":25,"slashblade:slashblade":1,"minecraft:oak_sapling":6,"ars_nouveau:green_archwood_log":44,"minecraft:calcite":4,"minecraft:black_wool":1},"minecraft:picked_up":{"minecraft:wooden_axe":1,"ars_nouveau:caster_tome":1,"minecraft:wheat":720,"minecraft:creeper_head":1,"minecraft:anvil":3,"minecraft:diamond_sword":1,"minecraft:oak_stairs":1,"create:wrench":2,"minecraft:stone_brick_stairs":2,"minecraft:crimson_planks":17,"minecraft:golden_sword":3,"minecraft:amethyst_block":8,"minecraft:string":54,"minecraft:raw_copper":264,"minecraft:shroomlight":6,"travelersbackpack:blaze":1,"minecraft:diamond_leggings":2,"create:mechanical_press":1,"minecraft:gold_nugget":162,"minecraft:cobbled_deepslate":1167,"minecraft:bucket":1,"minecraft:spruce_planks":2,"minecraft:written_book":3,"minecraft:calcite":4,"nethersdelight:hoglin_sirloin":1,"minecraft:furnace":4,"minecraft:stick":234,"minecraft:composter":2,"minecraft:torch":409,"minecraft:porkchop":27,"minecraft:diorite":109,"create:large_cogwheel":21,"slashblade:proudsoul":20,"minecraft:rotten_flesh":128,"minecraft:bookshelf":24,"minecraft:blaze_rod":16,"minecraft:obsidian":3,"minecraft:cobblestone":1799,"minecraft:birch_log":242,"minecraft:enchanting_table":1,"minecraft:magma_block":318,"minecraft:feather":17,"minecraft:cooked_beef":5,"minecraft:magma_cream":1,"twilightforest:twilight_oak_log":223,"minecraft:water_bucket":1,"minecraft:andesite":282,"twilightforest:twilight_oak_wood":117,"minecraft:potato":1,"quark:iron_ladder":2,"minecraft:flint":13,"minecraft:tuff":100,"create:raw_zinc":131,"minecraft:lapis_lazuli":197,"minecraft:dirt":640,"minecraft:glass":18,"minecraft:bone":56,"farmersdelight:iron_knife":1,"minecraft:bow":3,"minecraft:wheat_seeds":1250,"minecraft:raw_gold":291,"create_new_age:magnetite_block":21,"create:goggles":1,"create:shaft":70,"minecraft:rabbit":1,"minecraft:diamond_helmet":2,"slashblade:slashblade":2,"minecraft:glowstone_dust":10,"minecraft:cooked_porkchop":3,"create:cogwheel":33,"minecraft:sand":94,"minecraft:grass_block":2,"minecraft:dark_oak_log":49,"quark:birch_ladder":2,"twilightforest:twilight_oak_sapling":42,"minecraft:diamond":131,"minecraft:crossbow":2,"minecraft:granite":103,"minecraft:bone_meal":63,"minecraft:golden_apple":1,"minecraft:bread":5,"mahoutsukai:guidebook":1,"minecraft:rooted_dirt":2,"minecraft:oak_sapling":160,"minecraft:netherrack":361,"twilightforest:torchberries":2,"minecraft:crimson_roots":61,"minecraft:diamond_pickaxe":3,"nethersdelight:hoglin_loin":3,"minecraft:crafting_table":7,"create_new_age:thorium":60,"minecraft:azure_bluet":5,"minecraft:chicken":13,"minecraft:nether_wart":19,"nethersdelight:propelpearl":13,"minecraft:shield":1,"ars_nouveau:archwood_planks":4,"minecraft:iron_shovel":2,"minecraft:beef":51,"farmersdelight:straw":1,"minecraft:iron_nugget":1,"minecraft:light_gray_wool":1,"minecraft:sugar_cane":30,"minecraft:birch_sapling":79,"minecraft:diamond_hoe":1,"minecraft:egg":14,"minecraft:raw_iron":687,"minecraft:oak_door":1,"minecraft:copper_ingot":1,"ars_nouveau:frostaya_pod":2,"create:hand_crank":1,"minecraft:carrot":7,"minecraft:redstone":183,"ars_nouveau:green_archwood_log":49,"minecraft:arrow":51,"minecraft:weeping_vines":8,"minecraft:diamond_chestplate":2,"minecraft:nether_bricks":36,"minecraft:diamond_boots":2,"minecraft:gold_ingot":1,"minecraft:mutton":25,"minecraft:white_wool":16,"minecraft:crimson_slab":4,"minecraft:oxeye_daisy":8,"minecraft:stripped_oak_log":2,"farmersdelight:rich_soil":2,"minecraft:golden_carrot":1,"minecraft:glow_ink_sac":1,"minecraft:crimson_stem":93,"minecraft:leather":35,"minecraft:red_mushroom":5,"minecraft:birch_planks":15,"minecraft:crimson_fungus":20,"minecraft:oak_log":309,"create:andesite_alloy":9,"minecraft:nether_wart_block":263,"minecraft:gunpowder":43,"minecraft:cobblestone_stairs":22,"quark:forgotten_hat":1,"twilightforest:twilight_oak_planks":3,"minecraft:cooked_mutton":6,"twilightforest:raw_venison":5,"ars_nouveau:green_archwood_sapling":5,"minecraft:apple":31,"minecraft:rabbit_hide":8,"minecraft:iron_ingot":10,"minecraft:cooked_chicken":2,"minecraft:cobweb":9,"minecraft:soul_sand":15,"minecraft:dark_oak_stairs":20,"minecraft:book":1,"slashblade:proudsoul_tiny":1,"minecraft:smooth_basalt":5,"minecraft:stone_brick_slab":6,"minecraft:quartz":71,"minecraft:dandelion":53,"minecraft:gravel":105,"minecraft:spruce_sapling":76,"minecraft:white_bed":1,"quark:oak_chest":1,"minecraft:spider_eye":15,"travelersbackpack:standard":7,"minecraft:diamond_axe":2,"minecraft:gray_wool":1,"minecraft:warped_roots":1,"minecraft:black_wool":1,"minecraft:coal":1447,"minecraft:sunflower":1,"minecraft:ender_pearl":6},"minecraft:crafted":{"minecraft:smooth_stone":18,"minecraft:oak_planks":44,"minecraft:barrel":9,"quark:birch_chest":10,"travelersbackpack:crafting_upgrade":2,"minecraft:cooked_chicken":13,"minecraft:birch_slab":12,"quark:birch_ladder":56,"minecraft:cobblestone_stairs":80,"minecraft:stone":18,"minecraft:cooked_mutton":25,"nethersdelight:hoglin_sirloin":3,"minecraft:glass":50,"minecraft:diamond_helmet":1,"minecraft:diamond_leggings":2,"minecraft:iron_boots":1,"quark:crimson_ladder":56,"minecraft:chest":6,"minecraft:birch_door":3,"minecraft:birch_button":1,"create_sa:copper_axe":1,"minecraft:smoker":2,"travelersbackpack:iron_tier_upgrade":2,"minecraft:cooked_porkchop":27,"minecraft:diamond_axe":2,"minecraft:crafting_table":5,"slashblade:slashblade":8,"travelersbackpack:standard":10,"minecraft:iron_helmet":1,"create:zinc_nugget":90,"minecraft:smithing_table":1,"twilightforest:twilight_oak_slab":18,"minecraft:copper_ingot":264,"minecraft:birch_planks":324,"slashblade:proudsoul_ingot":6,"minecraft:iron_chestplate":1,"minecraft:diamond_pickaxe":4,"minecraft:charcoal":25,"minecraft:shield":1,"minecraft:stick":332,"quark:oak_chest":4,"minecraft:iron_ingot":508,"minecraft:iron_pickaxe":2,"minecraft:iron_block":6,"minecraft:stone_sword":1,"minecraft:gold_ingot":291,"minecraft:composter":1,"minecraft:shears":1,"minecraft:wooden_sword":8,"minecraft:oak_door":3,"slashblade:proudsoul_sphere":2,"minecraft:stone_shovel":1,"quark:iron_ladder":30,"minecraft:furnace":8,"minecraft:blast_furnace":6,"minecraft:bone_meal":126,"travelersbackpack:blank_upgrade":8,"travelersbackpack:gold_tier_upgrade":2,"travelersbackpack:white_sleeping_bag":2,"twilightforest:twilight_oak_planks":468,"minecraft:iron_hoe":4,"minecraft:stone_pickaxe":1,"minecraft:diamond_boots":2,"minecraft:dark_oak_planks":196,"create_sa:copper_pickaxe":4,"travelersbackpack:diamond_tier_upgrade":2,"minecraft:cooked_beef":51,"minecraft:coal_block":2,"minecraft:crimson_planks":348,"create:andesite_alloy":45,"minecraft:diamond_sword":1,"minecraft:dark_oak_stairs":128,"travelersbackpack:backpack_tank":8,"minecraft:crimson_slab":210,"minecraft:iron_sword":2,"minecraft:bucket":4,"minecraft:stone_axe":1,"minecraft:air":0,"minecraft:bread":236,"minecraft:wooden_axe":1,"minecraft:iron_shovel":1,"minecraft:iron_leggings":1,"minecraft:crimson_door":3,"minecraft:anvil":2,"minecraft:torch":512,"create:zinc_ingot":131,"minecraft:lapis_block":2,"minecraft:diamond_chestplate":2,"slashblade:proudsoul_tiny":4},"minecraft:killed":{"minecraft:cave_spider":2,"minecraft:zombified_piglin":21,"minecraft:witch":1,"minecraft:spider":34,"minecraft:skeleton":39,"minecraft:chicken":13,"minecraft:magma_cube":4,"minecraft:piglin":24,"minecraft:pig":14,"minecraft:creeper":32,"twilightforest:skeleton_druid":1,"minecraft:sheep":15,"minecraft:zombie":113,"minecraft:ghast":2,"minecraft:cow":23,"minecraft:blaze":44,"twilightforest:deer":3,"minecraft:horse":2,"twilightforest:swarm_spider":5,"twilightforest:hedge_spider":3,"minecraft:drowned":2,"ars_nouveau:drygmy":2,"ars_nouveau:starbuncle":4,"twilightforest:kobold":12,"minecraft:hoglin":2,"ars_nouveau:whirlisprig":2,"minecraft:enderman":10},"minecraft:mined":{"create:deepslate_zinc_ore":37,"minecraft:spruce_planks":2,"minecraft:oak_sapling":45,"minecraft:white_bed":1,"farmersdelight:rich_soil":2,"minecraft:cobblestone_stairs":22,"travelersbackpack:blaze":1,"minecraft:obsidian":2,"minecraft:granite":103,"minecraft:grass_block":341,"minecraft:composter":2,"minecraft:crimson_fungus":13,"minecraft:oxeye_daisy":4,"minecraft:nether_wart":10,"minecraft:spawner":6,"minecraft:magma_block":321,"minecraft:glowstone":4,"minecraft:iron_ore":344,"minecraft:fire":34,"minecraft:anvil":3,"minecraft:deepslate_lapis_ore":13,"minecraft:dark_oak_stairs":20,"minecraft:dirt_path":4,"minecraft:oak_stairs":1,"minecraft:deepslate_redstone_ore":35,"create:cogwheel":3,"minecraft:crimson_nylium":2,"minecraft:torch":5,"minecraft:calcite":4,"twilightforest:twilight_oak_log":16,"minecraft:nether_quartz_ore":72,"minecraft:cobblestone":30,"minecraft:sugar_cane":15,"minecraft:wall_torch":22,"minecraft:amethyst_block":8,"minecraft:deepslate_copper_ore":5,"minecraft:birch_sapling":6,"ars_nouveau:green_archwood_sapling":1,"minecraft:nether_wart_block":8,"ars_nouveau:archwood_planks":4,"minecraft:birch_log":27,"minecraft:wheat":7,"twilightforest:root":9,"minecraft:stone_brick_stairs":2,"twilightforest:twilight_oak_planks":3,"minecraft:grass":205,"quark:birch_ladder":2,"minecraft:oak_log":28,"minecraft:sand":94,"minecraft:dirt":284,"minecraft:crimson_planks":17,"minecraft:smooth_basalt":5,"minecraft:netherrack":374,"minecraft:deepslate":1164,"minecraft:oak_leaves":4,"quark:iron_ladder":2,"create:zinc_ore":85,"minecraft:nether_gold_ore":38,"minecraft:diamond_ore":4,"minecraft:tuff":101,"minecraft:deepslate_diamond_ore":96,"ars_nouveau:green_archwood_leaves":2,"minecraft:nether_bricks":37,"create:large_cogwheel":4,"minecraft:crimson_roots":15,"minecraft:weeping_vines":1,"create_new_age:thorium_ore":17,"minecraft:spruce_leaves":8,"minecraft:rooted_dirt":1,"minecraft:crimson_stem":17,"create:shaft":4,"minecraft:redstone_ore":5,"minecraft:spruce_sapling":5,"minecraft:furnace":4,"minecraft:andesite":282,"minecraft:deepslate_iron_ore":144,"minecraft:stripped_oak_log":1,"minecraft:stone":1570,"ars_nouveau:green_archwood_log":1,"minecraft:soul_sand":14,"quark:oak_chest":1,"twilightforest:hedge":1,"minecraft:stone_brick_slab":4,"create_new_age:magnetite_block":21,"minecraft:dandelion":28,"travelersbackpack:standard":7,"minecraft:crafting_table":7,"minecraft:crimson_slab":3,"minecraft:copper_ore":73,"minecraft:tall_grass":5,"minecraft:deepslate_coal_ore":13,"minecraft:lapis_ore":13,"minecraft:deepslate_gold_ore":187,"twilightforest:mayapple":17,"minecraft:diorite":109,"minecraft:birch_planks":6,"minecraft:birch_leaves":1,"ars_nouveau:mage_block":107,"minecraft:coal_ore":730,"minecraft:sunflower":1,"minecraft:gravel":91,"minecraft:gold_ore":17}},"DataVersion":3465}