{"stats":{"minecraft:broken":{"create_sa:copper_axe":1,"minecraft:stone_pickaxe":1,"minecraft:diamond_pickaxe":1,"minecraft:stone_axe":1,"minecraft:iron_sword":1,"minecraft:stone_shovel":1,"minecraft:iron_hoe":1,"create_sa:copper_pickaxe":4,"slashblade:slashblade":15,"minecraft:iron_pickaxe":2},"minecraft:custom":{"minecraft:animals_bred":6,"minecraft:interact_with_crafting_table":127,"minecraft:open_barrel":1,"minecraft:leave_game":12,"minecraft:time_since_death":147803,"minecraft:sprint_one_cm":442971,"minecraft:damage_blocked_by_shield":1980,"minecraft:drop":88,"minecraft:talked_to_villager":3,"minecraft:play_time":644009,"minecraft:deaths":1,"minecraft:jump":3484,"minecraft:interact_with_brewingstand":2,"minecraft:walk_on_water_one_cm":43326,"minecraft:interact_with_furnace":212,"minecraft:sleep_in_bed":6,"minecraft:damage_dealt":64327,"minecraft:player_kills":1,"minecraft:crouch_one_cm":194539,"minecraft:interact_with_smoker":67,"minecraft:horse_one_cm":860,"minecraft:interact_with_smithing_table":15,"minecraft:interact_with_anvil":18,"minecraft:mob_kills":388,"minecraft:climb_one_cm":76112,"minecraft:walk_one_cm":3697744,"minecraft:sneak_time":25345,"minecraft:walk_under_water_one_cm":24913,"minecraft:interact_with_blast_furnace":82,"minecraft:total_world_time":644009,"minecraft:time_since_rest":4005,"minecraft:damage_taken":4327,"minecraft:swim_one_cm":57287,"minecraft:fly_one_cm":415238,"minecraft:open_chest":568,"minecraft:fall_one_cm":82147},"minecraft:picked_up":{"minecraft:wooden_axe":1,"minecraft:wheat":710,"minecraft:creeper_head":1,"minecraft:diamond_sword":1,"create:wrench":2,"minecraft:oak_stairs":1,"minecraft:stone_brick_stairs":2,"minecraft:crimson_planks":17,"minecraft:golden_sword":3,"minecraft:amethyst_block":8,"minecraft:string":41,"minecraft:raw_copper":264,"minecraft:shroomlight":6,"travelersbackpack:blaze":1,"minecraft:diamond_leggings":1,"create:mechanical_press":1,"minecraft:gold_nugget":159,"minecraft:cobbled_deepslate":790,"minecraft:bucket":1,"minecraft:spruce_planks":2,"minecraft:calcite":4,"nethersdelight:hoglin_sirloin":1,"minecraft:furnace":4,"minecraft:stick":165,"minecraft:torch":30,"minecraft:porkchop":24,"minecraft:diorite":104,"create:large_cogwheel":21,"slashblade:proudsoul":15,"minecraft:rotten_flesh":117,"minecraft:bookshelf":24,"minecraft:blaze_rod":16,"minecraft:obsidian":3,"minecraft:cobblestone":1538,"minecraft:birch_log":242,"minecraft:enchanting_table":1,"minecraft:magma_block":318,"minecraft:feather":12,"minecraft:magma_cream":1,"minecraft:water_bucket":1,"minecraft:andesite":188,"minecraft:potato":1,"minecraft:flint":13,"minecraft:tuff":72,"create:raw_zinc":111,"minecraft:lapis_lazuli":116,"minecraft:dirt":281,"minecraft:glass":18,"minecraft:bone":43,"minecraft:bow":2,"minecraft:wheat_seeds":1238,"minecraft:raw_gold":162,"create_new_age:magnetite_block":20,"create:goggles":1,"create:shaft":70,"minecraft:diamond_helmet":1,"minecraft:glowstone_dust":10,"create:cogwheel":33,"minecraft:sand":94,"minecraft:grass_block":2,"quark:birch_ladder":2,"minecraft:diamond":79,"minecraft:crossbow":2,"minecraft:granite":103,"minecraft:bone_meal":47,"minecraft:golden_apple":1,"minecraft:bread":5,"mahoutsukai:guidebook":1,"minecraft:oak_sapling":160,"minecraft:netherrack":361,"minecraft:crimson_roots":61,"minecraft:diamond_pickaxe":2,"nethersdelight:hoglin_loin":3,"create_new_age:thorium":60,"minecraft:crafting_table":7,"minecraft:chicken":10,"minecraft:nether_wart":19,"nethersdelight:propelpearl":13,"minecraft:shield":1,"ars_nouveau:archwood_planks":4,"minecraft:beef":51,"minecraft:iron_nugget":1,"minecraft:light_gray_wool":1,"minecraft:sugar_cane":30,"minecraft:birch_sapling":79,"minecraft:diamond_hoe":1,"minecraft:egg":13,"minecraft:raw_iron":461,"ars_nouveau:frostaya_pod":2,"create:hand_crank":1,"minecraft:carrot":7,"minecraft:redstone":183,"ars_nouveau:green_archwood_log":49,"minecraft:arrow":37,"minecraft:weeping_vines":8,"minecraft:diamond_chestplate":1,"minecraft:nether_bricks":36,"minecraft:diamond_boots":1,"minecraft:gold_ingot":1,"minecraft:mutton":19,"minecraft:white_wool":14,"minecraft:crimson_slab":4,"minecraft:stripped_oak_log":2,"farmersdelight:rich_soil":2,"minecraft:glow_ink_sac":1,"minecraft:crimson_stem":93,"minecraft:leather":29,"minecraft:red_mushroom":5,"minecraft:birch_planks":13,"minecraft:crimson_fungus":20,"minecraft:oak_log":303,"create:andesite_alloy":9,"minecraft:nether_wart_block":263,"minecraft:gunpowder":43,"quark:forgotten_hat":1,"ars_nouveau:green_archwood_sapling":5,"minecraft:apple":19,"minecraft:rabbit_hide":8,"minecraft:iron_ingot":10,"minecraft:cobweb":9,"minecraft:soul_sand":15,"minecraft:book":1,"slashblade:proudsoul_tiny":1,"minecraft:smooth_basalt":4,"minecraft:stone_brick_slab":5,"minecraft:quartz":71,"minecraft:dandelion":1,"minecraft:gravel":104,"minecraft:spruce_sapling":76,"minecraft:white_bed":1,"minecraft:spider_eye":12,"travelersbackpack:standard":4,"minecraft:diamond_axe":1,"minecraft:gray_wool":1,"minecraft:warped_roots":1,"minecraft:coal":934,"minecraft:sunflower":1,"minecraft:ender_pearl":5},"minecraft:dropped":{"minecraft:lapis_lazuli":55,"minecraft:oak_log":14,"minecraft:glow_ink_sac":1,"minecraft:diamond":1,"minecraft:weeping_vines":1,"minecraft:warped_roots":1,"create:cogwheel":7,"minecraft:red_mushroom":5,"minecraft:dirt":1,"minecraft:crimson_roots":4,"theoneprobe:probenote":2,"minecraft:sunflower":1,"create:large_cogwheel":4,"minecraft:gravel":23,"minecraft:rotten_flesh":11,"minecraft:stone_brick_stairs":2,"slashblade:proudsoul_tiny":1,"minecraft:bread":18,"minecraft:wheat_seeds":2,"minecraft:amethyst_block":8,"minecraft:granite":21,"minecraft:grass_block":1,"ars_nouveau:worn_notebook":1,"minecraft:gray_wool":1,"minecraft:diorite":50,"minecraft:torch":1,"minecraft:wooden_axe":2,"minecraft:oak_stairs":1,"farmersdelight:rich_soil":2,"minecraft:stone_brick_slab":5,"minecraft:smooth_basalt":4,"create:shaft":18,"slashblade:proudsoul":1,"minecraft:stone_sword":1,"minecraft:light_gray_wool":1,"minecraft:stripped_oak_log":2,"ars_nouveau:frostaya_pod":1,"minecraft:diamond_pickaxe":1,"minecraft:andesite":25,"minecraft:oak_sapling":6,"ars_nouveau:green_archwood_log":44,"minecraft:calcite":4},"minecraft:killed":{"minecraft:cave_spider":2,"minecraft:zombified_piglin":21,"minecraft:witch":1,"minecraft:spider":33,"minecraft:skeleton":32,"minecraft:chicken":10,"minecraft:magma_cube":4,"minecraft:piglin":24,"minecraft:pig":12,"minecraft:creeper":31,"minecraft:sheep":12,"minecraft:zombie":100,"minecraft:ghast":2,"minecraft:cow":23,"minecraft:blaze":44,"minecraft:drowned":1,"ars_nouveau:drygmy":2,"ars_nouveau:starbuncle":4,"minecraft:hoglin":2,"ars_nouveau:whirlisprig":2,"minecraft:enderman":7},"minecraft:used":{"minecraft:iron_shovel":204,"quark:crimson_ladder":3,"minecraft:shield":67,"minecraft:iron_sword":277,"minecraft:creeper_head":1,"minecraft:rotten_flesh":62,"create_sa:copper_pickaxe":527,"create:cogwheel":14,"minecraft:tuff":3,"quark:birch_ladder":55,"minecraft:grass_block":1,"minecraft:birch_sapling":71,"ars_nouveau:green_archwood_sapling":5,"minecraft:birch_button":1,"create:shaft":7,"minecraft:oak_sapling":131,"minecraft:furnace":4,"minecraft:egg":2,"minecraft:diorite":2,"minecraft:diamond_boots":1,"minecraft:stone_pickaxe":131,"minecraft:composter":1,"minecraft:sugar_cane":7,"minecraft:diamond_axe":151,"create_sa:copper_axe":46,"minecraft:blast_furnace":6,"minecraft:bread":37,"nethersdelight:hoglin_sirloin":1,"minecraft:nether_wart_block":25,"minecraft:diamond_sword":73,"minecraft:smithing_table":1,"minecraft:crimson_door":3,"minecraft:andesite":1,"minecraft:cobweb":9,"minecraft:bone_meal":49,"create:large_cogwheel":9,"minecraft:experience_bottle":1,"travelersbackpack:blaze":2,"quark:birch_chest":5,"minecraft:stone_shovel":133,"minecraft:cooked_chicken":6,"minecraft:netherrack":177,"minecraft:torch":422,"minecraft:dirt":80,"minecraft:anvil":1,"minecraft:diamond_helmet":1,"minecraft:granite":16,"minecraft:birch_door":2,"minecraft:iron_hoe":257,"ars_nouveau:frostaya_pod":1,"slashblade:slashblade":2627,"minecraft:crimson_slab":99,"minecraft:crimson_planks":154,"minecraft:diamond_chestplate":1,"minecraft:cooked_beef":4,"minecraft:cobbled_deepslate":11,"minecraft:wheat_seeds":991,"minecraft:cooked_mutton":8,"minecraft:water_bucket":7,"minecraft:birch_planks":37,"quark:forgotten_hat":1,"minecraft:crafting_table":10,"minecraft:white_bed":1,"minecraft:smoker":2,"minecraft:diamond_pickaxe":3724,"minecraft:apple":13,"minecraft:iron_pickaxe":500,"minecraft:spruce_sapling":76,"minecraft:stone_axe":34,"minecraft:cobblestone":183,"travelersbackpack:standard":15,"minecraft:cooked_porkchop":12,"minecraft:bucket":17,"minecraft:diamond_leggings":2},"minecraft:mined":{"create:deepslate_zinc_ore":37,"minecraft:white_bed":1,"minecraft:spruce_planks":2,"minecraft:oak_sapling":45,"farmersdelight:rich_soil":2,"travelersbackpack:blaze":1,"minecraft:obsidian":2,"minecraft:granite":103,"minecraft:grass_block":167,"minecraft:crimson_fungus":13,"minecraft:nether_wart":10,"minecraft:magma_block":321,"minecraft:glowstone":4,"minecraft:iron_ore":266,"minecraft:fire":34,"minecraft:deepslate_lapis_ore":7,"minecraft:dirt_path":4,"minecraft:oak_stairs":1,"minecraft:deepslate_redstone_ore":35,"create:cogwheel":3,"minecraft:crimson_nylium":2,"minecraft:torch":3,"minecraft:calcite":4,"minecraft:nether_quartz_ore":72,"minecraft:cobblestone":28,"minecraft:sugar_cane":15,"minecraft:wall_torch":21,"minecraft:amethyst_block":8,"minecraft:deepslate_copper_ore":5,"minecraft:birch_sapling":6,"ars_nouveau:green_archwood_sapling":1,"minecraft:nether_wart_block":8,"ars_nouveau:archwood_planks":4,"minecraft:birch_log":27,"minecraft:wheat":7,"minecraft:stone_brick_stairs":2,"minecraft:grass":103,"quark:birch_ladder":2,"minecraft:oak_log":28,"minecraft:sand":94,"minecraft:dirt":72,"minecraft:crimson_planks":17,"minecraft:smooth_basalt":4,"minecraft:netherrack":374,"minecraft:oak_leaves":4,"minecraft:deepslate":787,"create:zinc_ore":75,"minecraft:nether_gold_ore":38,"minecraft:diamond_ore":4,"minecraft:tuff":73,"minecraft:deepslate_diamond_ore":74,"ars_nouveau:green_archwood_leaves":2,"minecraft:nether_bricks":37,"create:large_cogwheel":4,"minecraft:crimson_roots":15,"minecraft:weeping_vines":1,"create_new_age:thorium_ore":17,"minecraft:spruce_leaves":8,"minecraft:crimson_stem":17,"minecraft:redstone_ore":5,"create:shaft":4,"minecraft:spruce_sapling":5,"minecraft:furnace":4,"minecraft:andesite":188,"minecraft:deepslate_iron_ore":120,"minecraft:stripped_oak_log":1,"minecraft:stone":1313,"ars_nouveau:green_archwood_log":1,"minecraft:soul_sand":14,"minecraft:stone_brick_slab":3,"create_new_age:magnetite_block":20,"travelersbackpack:standard":4,"minecraft:crafting_table":7,"minecraft:crimson_slab":3,"minecraft:tall_grass":4,"minecraft:copper_ore":73,"minecraft:deepslate_coal_ore":9,"minecraft:lapis_ore":12,"minecraft:deepslate_gold_ore":131,"minecraft:diorite":104,"minecraft:birch_planks":5,"minecraft:birch_leaves":1,"minecraft:coal_ore":495,"minecraft:sunflower":1,"minecraft:gravel":90,"minecraft:gold_ore":17},"minecraft:crafted":{"minecraft:smooth_stone":18,"minecraft:oak_planks":20,"quark:birch_chest":9,"travelersbackpack:crafting_upgrade":2,"minecraft:cooked_chicken":10,"minecraft:birch_slab":12,"quark:birch_ladder":56,"minecraft:stone":18,"minecraft:cooked_mutton":19,"nethersdelight:hoglin_sirloin":3,"minecraft:glass":50,"minecraft:diamond_helmet":1,"minecraft:diamond_leggings":2,"minecraft:iron_boots":1,"quark:crimson_ladder":56,"minecraft:chest":4,"minecraft:birch_door":3,"minecraft:birch_button":1,"create_sa:copper_axe":1,"minecraft:smoker":2,"travelersbackpack:iron_tier_upgrade":2,"minecraft:cooked_porkchop":24,"minecraft:diamond_axe":2,"minecraft:crafting_table":5,"slashblade:slashblade":8,"travelersbackpack:standard":10,"minecraft:iron_helmet":1,"minecraft:smithing_table":1,"minecraft:copper_ingot":244,"minecraft:birch_planks":324,"slashblade:proudsoul_ingot":4,"minecraft:iron_chestplate":1,"minecraft:diamond_pickaxe":3,"minecraft:charcoal":25,"minecraft:shield":1,"minecraft:stick":332,"quark:oak_chest":2,"minecraft:iron_ingot":380,"minecraft:iron_pickaxe":2,"minecraft:iron_block":3,"minecraft:stone_sword":1,"minecraft:gold_ingot":162,"minecraft:composter":1,"minecraft:shears":1,"minecraft:wooden_sword":8,"slashblade:proudsoul_sphere":1,"minecraft:stone_shovel":1,"minecraft:furnace":8,"minecraft:blast_furnace":6,"minecraft:bone_meal":114,"travelersbackpack:blank_upgrade":8,"travelersbackpack:gold_tier_upgrade":2,"travelersbackpack:white_sleeping_bag":2,"minecraft:iron_hoe":2,"minecraft:stone_pickaxe":1,"minecraft:diamond_boots":2,"create_sa:copper_pickaxe":4,"travelersbackpack:diamond_tier_upgrade":2,"minecraft:cooked_beef":51,"minecraft:coal_block":1,"minecraft:crimson_planks":348,"minecraft:diamond_sword":1,"travelersbackpack:backpack_tank":8,"minecraft:crimson_slab":210,"minecraft:iron_sword":2,"minecraft:bucket":4,"minecraft:stone_axe":1,"minecraft:air":0,"minecraft:bread":233,"minecraft:wooden_axe":1,"minecraft:iron_shovel":1,"minecraft:iron_leggings":1,"minecraft:anvil":1,"minecraft:crimson_door":3,"minecraft:torch":448,"create:zinc_ingot":111,"minecraft:lapis_block":1,"minecraft:diamond_chestplate":2,"slashblade:proudsoul_tiny":4}},"DataVersion":3465}