{"stats":{"minecraft:killed_by":{"minecraft:player":1},"minecraft:custom":{"minecraft:time_since_rest":7364,"minecraft:interact_with_furnace":1,"minecraft:sprint_one_cm":53742,"minecraft:damage_taken":434,"minecraft:walk_one_cm":18399,"minecraft:damage_dealt":244,"minecraft:interact_with_crafting_table":5,"minecraft:player_kills":1,"minecraft:fly_one_cm":66149,"minecraft:open_chest":36,"minecraft:crouch_one_cm":324,"minecraft:play_time":10936,"minecraft:deaths":1,"minecraft:sneak_time":166,"minecraft:jump":226,"minecraft:eat_cake_slice":2,"minecraft:interact_with_blast_furnace":1,"minecraft:time_since_death":7335,"minecraft:climb_one_cm":254,"minecraft:total_world_time":10936,"minecraft:fall_one_cm":8106},"minecraft:mined":{"farmersdelight:rich_soil":1,"minecraft:grass":4,"minecraft:grass_block":1,"minecraft:oak_log":5,"minecraft:tall_grass":2},"minecraft:picked_up":{"slashblade:proudsoul_tiny":1,"minecraft:stick":1,"farmersdelight:rich_soil":1,"minecraft:water_bucket":1,"minecraft:torch":1,"minecraft:oak_log":5,"minecraft:dirt":1,"minecraft:oak_sign":2,"minecraft:rotten_flesh":7,"minecraft:bread":9,"minecraft:oak_sapling":3},"minecraft:used":{"minecraft:stone_sword":4,"minecraft:bread":1,"minecraft:oak_planks":8,"minecraft:oak_sign":11,"farmersdelight:rich_soil":1,"minecraft:rotten_flesh":2,"minecraft:oak_door":1,"minecraft:dirt":3,"minecraft:crafting_table":1,"minecraft:oak_sapling":3},"minecraft:crafted":{"minecraft:oak_door":3,"minecraft:oak_planks":40,"minecraft:oak_sign":9,"minecraft:crafting_table":1,"minecraft:stick":4}},"DataVersion":3465}