{"stats":{"minecraft:broken":{"minecraft:stone_pickaxe":2,"minecraft:iron_axe":1,"minecraft:iron_pickaxe":1},"minecraft:custom":{"minecraft:mob_kills":5,"minecraft:interact_with_crafting_table":47,"minecraft:open_barrel":1,"minecraft:bell_ring":178,"minecraft:eat_cake_slice":2,"minecraft:time_since_death":96879,"minecraft:climb_one_cm":8029,"minecraft:sprint_one_cm":286101,"minecraft:walk_one_cm":180770,"minecraft:drop":18,"minecraft:play_time":100480,"minecraft:deaths":1,"minecraft:sneak_time":13810,"minecraft:walk_under_water_one_cm":1604,"minecraft:jump":1793,"minecraft:interact_with_blast_furnace":24,"minecraft:walk_on_water_one_cm":2950,"minecraft:total_world_time":100480,"minecraft:interact_with_furnace":27,"minecraft:pot_flower":1,"minecraft:sleep_in_bed":1,"minecraft:time_since_rest":15870,"minecraft:damage_taken":1418,"minecraft:damage_dealt":1431,"minecraft:fly_one_cm":364642,"minecraft:swim_one_cm":22585,"minecraft:player_kills":1,"minecraft:open_chest":220,"minecraft:crouch_one_cm":38842,"minecraft:fall_one_cm":43905},"minecraft:picked_up":{"minecraft:charcoal":4,"minecraft:crafting_table":2,"create_new_age:thorium":44,"minecraft:azure_bluet":1,"minecraft:chicken":2,"minecraft:flower_pot":2,"minecraft:oak_stairs":13,"minecraft:cornflower":1,"minecraft:item_frame":2,"minecraft:armor_stand":4,"minecraft:oak_sign":4,"minecraft:cobbled_deepslate":25,"minecraft:lectern":1,"minecraft:spruce_trapdoor":12,"minecraft:furnace":2,"minecraft:golden_helmet":4,"minecraft:stick":1,"minecraft:beehive":1,"minecraft:raw_iron":30,"minecraft:oak_door":3,"minecraft:torch":35,"minecraft:diorite":23,"minecraft:warped_button":1,"minecraft:redstone":22,"quark:blossom_planks":1,"minecraft:brown_carpet":5,"minecraft:rotten_flesh":8,"create:ochrum":3,"minecraft:mutton":2,"minecraft:skeleton_skull":1,"minecraft:cobblestone":829,"farmersdelight:rich_soil":1,"minecraft:water_bucket":1,"minecraft:andesite":27,"minecraft:golden_leggings":3,"minecraft:potato":5,"create:raw_zinc":19,"minecraft:tuff":2,"minecraft:oak_log":37,"minecraft:lapis_lazuli":40,"minecraft:dirt":15,"minecraft:lantern":2,"minecraft:white_banner":1,"minecraft:stone_bricks":5,"minecraft:wheat_seeds":5,"minecraft:bell":3,"minecraft:oak_planks":3,"minecraft:book":2,"minecraft:scaffolding":5,"slashblade:proudsoul_tiny":1,"minecraft:dripstone_block":21,"minecraft:blast_furnace":7,"minecraft:white_bed":3,"minecraft:spider_eye":1,"farmersdelight:cake_slice":4,"minecraft:diamond":2,"minecraft:crossbow":1,"minecraft:granite":114,"minecraft:bread":9,"minecraft:oak_sapling":3,"minecraft:coal":41},"minecraft:killed":{"minecraft:spider":1,"minecraft:pillager":2,"minecraft:zombie":2},"minecraft:dropped":{"minecraft:wheat_seeds":2,"minecraft:oak_log":1,"minecraft:cobblestone":7,"minecraft:lantern":1,"minecraft:coal":3,"minecraft:stick":4,"minecraft:mutton":1,"minecraft:oak_door":2,"minecraft:raw_iron":6,"minecraft:oak_planks":1,"minecraft:spider_eye":1,"minecraft:warped_button":1,"farmersdelight:cake_slice":1},"minecraft:used":{"minecraft:stone_sword":4,"minecraft:armor_stand":1,"minecraft:oak_sign":13,"farmersdelight:rich_soil":1,"minecraft:bell":2,"minecraft:rotten_flesh":5,"minecraft:oak_door":6,"minecraft:torch":121,"minecraft:dirt":5,"minecraft:glass":7,"create_sa:zinc_chestplate":1,"minecraft:lantern":2,"minecraft:iron_axe":41,"minecraft:oak_stairs":53,"minecraft:stone_bricks":19,"minecraft:scaffolding":3,"minecraft:furnace":4,"minecraft:oak_sapling":3,"minecraft:cooked_beef":8,"minecraft:cobbled_deepslate":13,"minecraft:cooked_mutton":1,"minecraft:stone_pickaxe":536,"minecraft:oak_planks":31,"farmersdelight:golden_knife":11,"minecraft:crafting_table":3,"minecraft:blast_furnace":7,"minecraft:white_bed":3,"create_sa:zinc_boots":1,"minecraft:dripstone_block":9,"minecraft:oak_log":35,"minecraft:flower_pot":1,"minecraft:apple":26,"farmersdelight:cake_slice":3,"minecraft:bread":1,"minecraft:iron_pickaxe":431,"minecraft:golden_helmet":1,"minecraft:stone_axe":50,"minecraft:diamond_sword":8,"minecraft:cobblestone":62,"minecraft:white_banner":1,"minecraft:andesite":3,"minecraft:birch_log":13,"quark:oak_chest":8},"minecraft:killed_by":{"minecraft:player":1},"minecraft:mined":{"create:deepslate_zinc_ore":19,"minecraft:white_bed":3,"farmersdelight:rich_soil":1,"minecraft:deepslate_diamond_ore":2,"minecraft:oak_door":1,"minecraft:spruce_trapdoor":12,"minecraft:granite":113,"minecraft:grass_block":9,"create_new_age:thorium_ore":14,"create:ochrum":2,"minecraft:oak_wall_sign":1,"minecraft:furnace":2,"minecraft:iron_ore":22,"minecraft:cobbled_deepslate":3,"minecraft:andesite":27,"quark:blossom_planks":1,"minecraft:deepslate_lapis_ore":5,"minecraft:bell":3,"minecraft:deepslate_iron_ore":8,"minecraft:oak_stairs":13,"minecraft:lantern":2,"minecraft:potted_cornflower":1,"minecraft:stone":583,"minecraft:deepslate_redstone_ore":5,"minecraft:scaffolding":5,"minecraft:brown_carpet":1,"minecraft:crafting_table":2,"minecraft:torch":8,"minecraft:blast_furnace":5,"minecraft:campfire":2,"minecraft:lectern":1,"minecraft:tall_grass":5,"minecraft:cobblestone":14,"minecraft:oak_planks":1,"minecraft:diorite":23,"minecraft:wall_torch":19,"minecraft:skeleton_skull":1,"minecraft:beehive":1,"minecraft:grass":17,"minecraft:potted_azure_bluet":1,"minecraft:coal_ore":41,"minecraft:oak_log":35,"minecraft:dripstone_block":24,"minecraft:dirt":5,"minecraft:stone_bricks":4,"minecraft:deepslate":12},"minecraft:crafted":{"minecraft:oak_door":6,"minecraft:oak_planks":356,"minecraft:oak_sign":12,"minecraft:furnace":3,"minecraft:stone":23,"create_sa:zinc_chestplate":1,"create_sa:zinc_helmet":1,"minecraft:stone_pickaxe":7,"minecraft:stone_bricks":16,"minecraft:diamond_sword":1,"minecraft:crafting_table":2,"minecraft:stone_axe":1,"minecraft:air":0,"minecraft:shield":1,"minecraft:stick":52,"quark:oak_chest":8,"minecraft:iron_ingot":16,"minecraft:iron_pickaxe":2,"minecraft:oak_stairs":52,"minecraft:torch":84,"create:zinc_ingot":19,"create_sa:zinc_sword":1,"create_sa:zinc_boots":1}},"DataVersion":3465}