{"stats":{"minecraft:broken":{"minecraft:stone_pickaxe":2,"minecraft:iron_axe":1},"minecraft:custom":{"minecraft:interact_with_furnace":25,"minecraft:mob_kills":3,"minecraft:interact_with_crafting_table":39,"minecraft:open_barrel":1,"minecraft:pot_flower":1,"minecraft:eat_cake_slice":2,"minecraft:time_since_death":72879,"minecraft:climb_one_cm":2337,"minecraft:time_since_rest":72908,"minecraft:sprint_one_cm":253331,"minecraft:damage_taken":1182,"minecraft:walk_one_cm":132841,"minecraft:drop":17,"minecraft:damage_dealt":951,"minecraft:swim_one_cm":17113,"minecraft:player_kills":1,"minecraft:fly_one_cm":328814,"minecraft:open_chest":197,"minecraft:crouch_one_cm":34900,"minecraft:play_time":76480,"minecraft:deaths":1,"minecraft:sneak_time":12071,"minecraft:walk_under_water_one_cm":1417,"minecraft:jump":1549,"minecraft:interact_with_blast_furnace":11,"minecraft:walk_on_water_one_cm":1366,"minecraft:total_world_time":76480,"minecraft:fall_one_cm":37679},"minecraft:picked_up":{"minecraft:charcoal":4,"minecraft:crafting_table":2,"farmersdelight:rich_soil":1,"minecraft:azure_bluet":1,"minecraft:flower_pot":2,"minecraft:chicken":2,"minecraft:andesite":24,"minecraft:water_bucket":1,"minecraft:golden_leggings":3,"minecraft:potato":5,"minecraft:oak_stairs":8,"minecraft:tuff":2,"minecraft:oak_log":37,"minecraft:cornflower":1,"minecraft:dirt":15,"minecraft:lantern":2,"minecraft:armor_stand":4,"minecraft:item_frame":2,"minecraft:oak_sign":4,"minecraft:stone_bricks":5,"minecraft:wheat_seeds":5,"minecraft:cobbled_deepslate":13,"minecraft:bell":1,"minecraft:lectern":1,"minecraft:beehive":1,"minecraft:spruce_trapdoor":12,"minecraft:oak_planks":2,"minecraft:golden_helmet":4,"minecraft:book":2,"minecraft:furnace":2,"minecraft:scaffolding":5,"slashblade:proudsoul_tiny":1,"minecraft:stick":1,"minecraft:raw_iron":30,"minecraft:oak_door":3,"minecraft:torch":21,"minecraft:dripstone_block":11,"minecraft:warped_button":1,"minecraft:blast_furnace":7,"minecraft:diorite":23,"minecraft:white_bed":2,"farmersdelight:cake_slice":4,"minecraft:brown_carpet":5,"minecraft:spider_eye":1,"quark:blossom_planks":1,"minecraft:rotten_flesh":8,"create:ochrum":3,"minecraft:bread":9,"minecraft:oak_sapling":3,"minecraft:mutton":2,"minecraft:coal":41,"minecraft:skeleton_skull":1,"minecraft:cobblestone":581},"minecraft:killed":{"minecraft:spider":1,"minecraft:zombie":2},"minecraft:dropped":{"minecraft:oak_door":2,"minecraft:wheat_seeds":2,"minecraft:oak_log":1,"minecraft:raw_iron":6,"minecraft:cobblestone":7,"minecraft:lantern":1,"minecraft:coal":3,"minecraft:stick":4,"minecraft:mutton":1,"minecraft:spider_eye":1,"minecraft:warped_button":1,"farmersdelight:cake_slice":1},"minecraft:used":{"minecraft:cooked_mutton":1,"minecraft:stone_sword":4,"minecraft:armor_stand":1,"minecraft:stone_pickaxe":534,"farmersdelight:golden_knife":11,"minecraft:oak_planks":31,"minecraft:oak_sign":13,"farmersdelight:rich_soil":1,"minecraft:rotten_flesh":5,"minecraft:oak_door":6,"minecraft:torch":103,"minecraft:dirt":5,"minecraft:crafting_table":3,"minecraft:blast_furnace":7,"minecraft:white_bed":2,"minecraft:oak_log":35,"minecraft:glass":7,"minecraft:flower_pot":1,"minecraft:apple":15,"farmersdelight:cake_slice":3,"minecraft:lantern":2,"minecraft:iron_axe":41,"minecraft:oak_stairs":24,"minecraft:bread":1,"minecraft:stone_bricks":19,"minecraft:golden_helmet":1,"minecraft:stone_axe":42,"minecraft:cobblestone":57,"minecraft:scaffolding":3,"minecraft:oak_sapling":3,"minecraft:furnace":4,"minecraft:birch_log":11,"quark:oak_chest":8,"minecraft:cooked_beef":8,"minecraft:cobbled_deepslate":9},"minecraft:killed_by":{"minecraft:player":1},"minecraft:mined":{"minecraft:scaffolding":5,"minecraft:white_bed":2,"farmersdelight:rich_soil":1,"minecraft:oak_door":1,"minecraft:brown_carpet":1,"minecraft:crafting_table":2,"minecraft:spruce_trapdoor":12,"minecraft:torch":3,"minecraft:blast_furnace":5,"minecraft:grass_block":9,"minecraft:lectern":1,"create:ochrum":2,"minecraft:campfire":2,"minecraft:tall_grass":5,"minecraft:cobblestone":13,"minecraft:oak_planks":1,"minecraft:oak_wall_sign":1,"minecraft:diorite":23,"minecraft:wall_torch":15,"minecraft:skeleton_skull":1,"minecraft:furnace":2,"minecraft:beehive":1,"minecraft:iron_ore":22,"minecraft:cobbled_deepslate":3,"minecraft:andesite":24,"quark:blossom_planks":1,"minecraft:bell":1,"minecraft:grass":17,"minecraft:potted_azure_bluet":1,"minecraft:oak_log":35,"minecraft:coal_ore":41,"minecraft:deepslate_iron_ore":8,"minecraft:oak_stairs":8,"minecraft:lantern":2,"minecraft:dripstone_block":14,"minecraft:dirt":5,"minecraft:potted_cornflower":1,"minecraft:stone_bricks":4,"minecraft:stone":336,"minecraft:deepslate":3},"minecraft:crafted":{"minecraft:oak_door":6,"minecraft:oak_planks":228,"minecraft:oak_sign":12,"minecraft:crafting_table":2,"minecraft:furnace":3,"minecraft:stone":23,"minecraft:stone_axe":1,"minecraft:air":0,"minecraft:stick":40,"quark:oak_chest":8,"minecraft:stone_pickaxe":7,"minecraft:oak_stairs":24,"minecraft:torch":84,"minecraft:stone_bricks":16}},"DataVersion":3465}