{"stats":{"minecraft:killed_by":{"minecraft:player":1},"minecraft:custom":{"minecraft:interact_with_furnace":17,"minecraft:mob_kills":2,"minecraft:interact_with_crafting_table":30,"minecraft:eat_cake_slice":2,"minecraft:time_since_death":31335,"minecraft:climb_one_cm":254,"minecraft:time_since_rest":31364,"minecraft:sprint_one_cm":98254,"minecraft:damage_taken":809,"minecraft:walk_one_cm":71251,"minecraft:drop":3,"minecraft:damage_dealt":631,"minecraft:swim_one_cm":6045,"minecraft:fly_one_cm":155460,"minecraft:player_kills":1,"minecraft:open_chest":105,"minecraft:crouch_one_cm":12873,"minecraft:play_time":34936,"minecraft:deaths":1,"minecraft:sneak_time":4367,"minecraft:walk_under_water_one_cm":557,"minecraft:jump":580,"minecraft:interact_with_blast_furnace":3,"minecraft:walk_on_water_one_cm":78,"minecraft:total_world_time":34936,"minecraft:fall_one_cm":16433},"minecraft:broken":{"minecraft:stone_pickaxe":1,"minecraft:iron_axe":1},"minecraft:mined":{"minecraft:white_bed":2,"farmersdelight:rich_soil":1,"minecraft:oak_door":1,"minecraft:crafting_table":1,"minecraft:torch":1,"minecraft:blast_furnace":5,"minecraft:grass_block":6,"create:ochrum":1,"minecraft:tall_grass":3,"minecraft:cobblestone":4,"minecraft:oak_wall_sign":1,"minecraft:wall_torch":3,"minecraft:iron_ore":1,"minecraft:cobbled_deepslate":2,"quark:blossom_planks":1,"minecraft:bell":1,"minecraft:grass":7,"minecraft:coal_ore":5,"minecraft:oak_log":34,"minecraft:oak_stairs":2,"minecraft:stone_bricks":1,"minecraft:stone":171},"minecraft:dropped":{"minecraft:raw_iron":6,"minecraft:coal":3,"minecraft:spider_eye":1},"minecraft:picked_up":{"minecraft:crafting_table":1,"farmersdelight:rich_soil":1,"minecraft:water_bucket":1,"minecraft:oak_stairs":2,"minecraft:oak_log":34,"minecraft:dirt":5,"minecraft:oak_sign":3,"minecraft:stone_bricks":2,"minecraft:wheat_seeds":3,"minecraft:cobbled_deepslate":3,"minecraft:bell":1,"minecraft:stick":1,"slashblade:proudsoul_tiny":1,"minecraft:raw_iron":1,"minecraft:oak_door":1,"minecraft:torch":6,"minecraft:blast_furnace":7,"minecraft:white_bed":2,"quark:blossom_planks":1,"minecraft:spider_eye":1,"minecraft:rotten_flesh":7,"create:ochrum":2,"minecraft:bread":9,"minecraft:oak_sapling":3,"minecraft:coal":5,"minecraft:cobblestone":164},"minecraft:used":{"minecraft:stone_sword":4,"minecraft:stone_pickaxe":209,"minecraft:oak_planks":18,"minecraft:oak_sign":13,"farmersdelight:rich_soil":1,"minecraft:rotten_flesh":4,"minecraft:oak_door":4,"minecraft:torch":11,"minecraft:dirt":4,"minecraft:crafting_table":3,"minecraft:blast_furnace":7,"minecraft:white_bed":2,"minecraft:oak_log":29,"minecraft:glass":7,"minecraft:apple":2,"minecraft:oak_stairs":11,"minecraft:lantern":1,"minecraft:iron_axe":41,"minecraft:bread":1,"minecraft:stone_bricks":12,"minecraft:golden_helmet":1,"minecraft:stone_axe":7,"minecraft:cobblestone":23,"minecraft:oak_sapling":3,"minecraft:furnace":3,"minecraft:birch_log":11,"quark:oak_chest":8,"minecraft:cooked_beef":6,"minecraft:cobbled_deepslate":1},"minecraft:killed":{"minecraft:spider":1,"minecraft:zombie":1},"minecraft:crafted":{"minecraft:oak_door":6,"minecraft:oak_planks":152,"minecraft:oak_sign":12,"minecraft:crafting_table":2,"minecraft:furnace":3,"minecraft:stone":12,"minecraft:stone_axe":1,"minecraft:air":0,"minecraft:stick":20,"quark:oak_chest":8,"minecraft:stone_pickaxe":3,"minecraft:oak_stairs":12,"minecraft:torch":20,"minecraft:stone_bricks":12}},"DataVersion":3465}