{"stats":{"minecraft:killed_by":{"minecraft:player":1},"minecraft:custom":{"minecraft:interact_with_furnace":19,"minecraft:mob_kills":2,"minecraft:interact_with_crafting_table":38,"minecraft:eat_cake_slice":2,"minecraft:time_since_death":43335,"minecraft:climb_one_cm":747,"minecraft:time_since_rest":43364,"minecraft:sprint_one_cm":136618,"minecraft:damage_taken":858,"minecraft:walk_one_cm":94831,"minecraft:drop":9,"minecraft:damage_dealt":631,"minecraft:swim_one_cm":6045,"minecraft:fly_one_cm":188669,"minecraft:player_kills":1,"minecraft:open_chest":130,"minecraft:crouch_one_cm":18838,"minecraft:play_time":46936,"minecraft:deaths":1,"minecraft:sneak_time":6314,"minecraft:walk_under_water_one_cm":557,"minecraft:jump":752,"minecraft:interact_with_blast_furnace":3,"minecraft:walk_on_water_one_cm":78,"minecraft:total_world_time":46936,"minecraft:fall_one_cm":19582},"minecraft:broken":{"minecraft:stone_pickaxe":1,"minecraft:iron_axe":1},"minecraft:mined":{"minecraft:white_bed":2,"farmersdelight:rich_soil":1,"minecraft:oak_door":1,"minecraft:crafting_table":2,"minecraft:torch":2,"minecraft:blast_furnace":5,"minecraft:grass_block":8,"create:ochrum":2,"minecraft:tall_grass":5,"minecraft:cobblestone":12,"minecraft:oak_planks":1,"minecraft:oak_wall_sign":1,"minecraft:wall_torch":5,"minecraft:furnace":2,"minecraft:iron_ore":1,"minecraft:cobbled_deepslate":3,"quark:blossom_planks":1,"minecraft:bell":1,"minecraft:grass":16,"minecraft:coal_ore":18,"minecraft:oak_log":35,"minecraft:oak_stairs":2,"minecraft:lantern":1,"minecraft:stone_bricks":2,"minecraft:stone":202},"minecraft:picked_up":{"minecraft:crafting_table":2,"farmersdelight:rich_soil":1,"minecraft:water_bucket":1,"minecraft:oak_stairs":2,"minecraft:tuff":2,"minecraft:oak_log":36,"minecraft:dirt":9,"minecraft:lantern":1,"minecraft:oak_sign":3,"minecraft:stone_bricks":3,"minecraft:wheat_seeds":4,"minecraft:cobbled_deepslate":5,"minecraft:bell":1,"minecraft:oak_planks":1,"minecraft:furnace":2,"minecraft:stick":1,"slashblade:proudsoul_tiny":1,"minecraft:raw_iron":1,"minecraft:oak_door":3,"minecraft:torch":10,"minecraft:blast_furnace":7,"minecraft:white_bed":2,"quark:blossom_planks":1,"minecraft:spider_eye":1,"minecraft:rotten_flesh":7,"create:ochrum":3,"minecraft:bread":9,"minecraft:oak_sapling":3,"minecraft:coal":18,"minecraft:cobblestone":210},"minecraft:dropped":{"minecraft:oak_door":2,"minecraft:wheat_seeds":1,"minecraft:raw_iron":6,"minecraft:cobblestone":6,"minecraft:coal":3,"minecraft:spider_eye":1},"minecraft:used":{"minecraft:stone_sword":4,"minecraft:stone_pickaxe":268,"minecraft:oak_planks":31,"minecraft:oak_sign":13,"farmersdelight:rich_soil":1,"minecraft:rotten_flesh":4,"minecraft:oak_door":6,"minecraft:torch":29,"minecraft:dirt":4,"minecraft:crafting_table":3,"minecraft:blast_furnace":7,"minecraft:white_bed":2,"minecraft:oak_log":35,"minecraft:glass":7,"minecraft:apple":2,"minecraft:oak_stairs":24,"minecraft:lantern":2,"minecraft:iron_axe":41,"minecraft:bread":1,"minecraft:stone_bricks":17,"minecraft:golden_helmet":1,"minecraft:stone_axe":15,"minecraft:cobblestone":27,"minecraft:oak_sapling":3,"minecraft:furnace":4,"minecraft:birch_log":11,"quark:oak_chest":8,"minecraft:cooked_beef":7,"minecraft:cobbled_deepslate":1},"minecraft:killed":{"minecraft:spider":1,"minecraft:zombie":1},"minecraft:crafted":{"minecraft:oak_door":6,"minecraft:oak_planks":228,"minecraft:oak_sign":12,"minecraft:crafting_table":2,"minecraft:furnace":3,"minecraft:stone":23,"minecraft:stone_axe":1,"minecraft:air":0,"minecraft:stick":20,"quark:oak_chest":8,"minecraft:stone_pickaxe":3,"minecraft:oak_stairs":24,"minecraft:torch":20,"minecraft:stone_bricks":16}},"DataVersion":3465}