{"stats":{"minecraft:killed_by":{"minecraft:player":1},"minecraft:custom":{"minecraft:mob_kills":18,"minecraft:interact_with_crafting_table":52,"minecraft:open_barrel":1,"minecraft:bell_ring":178,"minecraft:eat_cake_slice":2,"minecraft:leave_game":1,"minecraft:time_since_death":155683,"minecraft:climb_one_cm":10921,"minecraft:sprint_one_cm":521614,"minecraft:walk_one_cm":275314,"minecraft:damage_blocked_by_shield":570,"minecraft:drop":23,"minecraft:play_time":159284,"minecraft:deaths":1,"minecraft:sneak_time":20304,"minecraft:walk_under_water_one_cm":2415,"minecraft:jump":3388,"minecraft:interact_with_blast_furnace":28,"minecraft:walk_on_water_one_cm":7463,"minecraft:enchant_item":1,"minecraft:total_world_time":159284,"minecraft:interact_with_furnace":39,"minecraft:raid_trigger":1,"minecraft:pot_flower":2,"minecraft:sleep_in_bed":2,"minecraft:time_since_rest":19511,"minecraft:damage_taken":1941,"minecraft:damage_dealt":4331,"minecraft:player_kills":1,"minecraft:swim_one_cm":44112,"minecraft:fly_one_cm":706848,"minecraft:open_chest":361,"minecraft:crouch_one_cm":58241,"minecraft:interact_with_smoker":1,"minecraft:fall_one_cm":79117},"minecraft:broken":{"minecraft:stone_pickaxe":2,"minecraft:iron_axe":1,"minecraft:iron_pickaxe":2},"minecraft:mined":{"create:zinc_ore":1,"create:deepslate_zinc_ore":19,"minecraft:tuff":1,"minecraft:white_bed":3,"minecraft:oak_sapling":3,"farmersdelight:rich_soil":1,"minecraft:deepslate_diamond_ore":6,"minecraft:oak_door":1,"minecraft:cobblestone_stairs":1,"minecraft:obsidian":10,"minecraft:spruce_trapdoor":14,"minecraft:granite":113,"minecraft:grass_block":11,"minecraft:stone_brick_wall":1,"minecraft:crimson_roots":1,"create_new_age:thorium_ore":14,"create:ochrum":2,"minecraft:spruce_leaves":6,"minecraft:oak_wall_sign":2,"minecraft:oxeye_daisy":1,"create:shaft":2,"minecraft:spruce_sapling":2,"minecraft:glowstone":33,"minecraft:furnace":2,"minecraft:iron_ore":26,"minecraft:cobbled_deepslate":3,"minecraft:fire":3,"minecraft:andesite":27,"quark:blossom_planks":1,"minecraft:deepslate_lapis_ore":5,"minecraft:bell":3,"minecraft:deepslate_iron_ore":13,"minecraft:oak_stairs":13,"minecraft:lantern":3,"minecraft:potted_cornflower":1,"minecraft:stone":588,"create:limestone":90,"minecraft:deepslate_redstone_ore":25,"minecraft:scaffolding":5,"minecraft:brown_carpet":1,"minecraft:crafting_table":2,"minecraft:torch":9,"minecraft:blast_furnace":5,"minecraft:calcite":4,"create:scoria":1,"minecraft:campfire":2,"minecraft:lectern":1,"minecraft:tall_grass":9,"minecraft:cobblestone":14,"minecraft:oak_planks":5,"minecraft:diorite":23,"minecraft:wall_torch":19,"minecraft:skeleton_skull":1,"minecraft:beehive":1,"minecraft:grass":21,"minecraft:potted_azure_bluet":1,"minecraft:oak_log":35,"minecraft:coal_ore":41,"minecraft:gravel":19,"minecraft:dripstone_block":26,"minecraft:dirt":19,"minecraft:stone_bricks":4,"minecraft:deepslate":31,"minecraft:oak_leaves":1},"minecraft:dropped":{"minecraft:wheat_seeds":3,"minecraft:lapis_lazuli":2,"minecraft:oak_log":1,"minecraft:cobblestone":7,"minecraft:lantern":1,"minecraft:coal":3,"minecraft:stick":4,"minecraft:mutton":1,"minecraft:oak_door":2,"minecraft:raw_iron":6,"minecraft:rotten_flesh":1,"minecraft:oak_planks":1,"minecraft:spider_eye":3,"minecraft:warped_button":1,"farmersdelight:cake_slice":1},"minecraft:picked_up":{"nethersdelight:hoglin_loin":1,"minecraft:charcoal":4,"minecraft:crafting_table":2,"create_new_age:thorium":44,"minecraft:azure_bluet":1,"minecraft:chicken":3,"minecraft:flower_pot":2,"minecraft:oak_stairs":13,"minecraft:stone_brick_wall":1,"minecraft:cornflower":3,"minecraft:string":2,"minecraft:raw_copper":7,"create:limestone":90,"minecraft:item_frame":2,"minecraft:armor_stand":4,"minecraft:oak_sign":5,"minecraft:diamond_leggings":1,"minecraft:cobbled_deepslate":55,"minecraft:calcite":4,"minecraft:poppy":2,"minecraft:lectern":1,"minecraft:spruce_trapdoor":14,"minecraft:furnace":2,"minecraft:golden_helmet":4,"minecraft:beehive":1,"minecraft:stick":1,"minecraft:raw_iron":39,"minecraft:oak_door":3,"minecraft:torch":40,"minecraft:stone_button":3,"minecraft:diorite":23,"minecraft:warped_button":1,"minecraft:carrot":3,"minecraft:redstone":111,"quark:blossom_planks":1,"minecraft:brown_carpet":5,"minecraft:arrow":1,"minecraft:rotten_flesh":17,"create:scoria":1,"create:ochrum":3,"minecraft:diamond_boots":1,"minecraft:obsidian":10,"minecraft:mutton":2,"minecraft:skeleton_skull":1,"minecraft:cobblestone":839,"minecraft:oxeye_daisy":3,"farmersdelight:rich_soil":1,"minecraft:clock":1,"minecraft:golden_carrot":11,"minecraft:water_bucket":1,"minecraft:andesite":27,"minecraft:leather":3,"minecraft:golden_leggings":3,"minecraft:potato":5,"minecraft:oak_log":37,"minecraft:flint":1,"minecraft:tuff":3,"create:raw_zinc":20,"minecraft:cobblestone_stairs":1,"minecraft:lapis_lazuli":41,"minecraft:dirt":31,"minecraft:lantern":3,"minecraft:white_banner":1,"minecraft:bone":5,"minecraft:stone_bricks":5,"minecraft:wheat_seeds":10,"minecraft:raw_gold":8,"minecraft:bell":3,"minecraft:cobweb":15,"create:shaft":2,"minecraft:diamond_helmet":1,"minecraft:glowstone_dust":106,"minecraft:oak_planks":7,"minecraft:book":2,"minecraft:scaffolding":5,"slashblade:proudsoul_tiny":1,"minecraft:dandelion":5,"minecraft:dripstone_block":22,"minecraft:gravel":17,"minecraft:spruce_sapling":2,"minecraft:blast_furnace":7,"minecraft:white_bed":3,"minecraft:grass_block":1,"minecraft:spider_eye":3,"farmersdelight:cake_slice":4,"minecraft:diamond":8,"minecraft:granite":114,"minecraft:crossbow":1,"minecraft:bone_meal":26,"minecraft:bread":9,"minecraft:oak_sapling":7,"minecraft:coal":41,"minecraft:crimson_roots":2},"minecraft:used":{"minecraft:stone_sword":4,"minecraft:armor_stand":1,"minecraft:flint_and_steel":4,"minecraft:stone_shovel":31,"minecraft:oak_sign":14,"minecraft:shield":6,"minecraft:bell":2,"minecraft:cooked_chicken":3,"farmersdelight:rich_soil":1,"minecraft:rotten_flesh":5,"minecraft:oak_door":6,"minecraft:torch":190,"minecraft:dirt":63,"minecraft:azure_bluet":1,"minecraft:obsidian":10,"minecraft:glass":7,"create_sa:zinc_chestplate":1,"minecraft:lantern":3,"minecraft:iron_axe":41,"minecraft:oak_stairs":53,"ars_nouveau:green_archwood_sapling":4,"minecraft:stone_bricks":21,"minecraft:glowstone":26,"minecraft:golden_carrot":6,"create:shaft":2,"minecraft:scaffolding":3,"minecraft:oak_sapling":249,"minecraft:furnace":4,"minecraft:cooked_beef":8,"minecraft:cobbled_deepslate":13,"minecraft:cooked_mutton":1,"minecraft:water_bucket":13,"minecraft:cobblestone_stairs":8,"minecraft:baked_potato":5,"minecraft:stone_pickaxe":536,"minecraft:oak_planks":31,"farmersdelight:golden_knife":11,"minecraft:diamond_axe":2,"minecraft:crafting_table":3,"minecraft:blast_furnace":7,"minecraft:white_bed":3,"create_sa:zinc_boots":1,"minecraft:stone_brick_wall":1,"minecraft:dripstone_block":9,"minecraft:oak_log":37,"minecraft:flower_pot":2,"minecraft:diamond_pickaxe":17,"minecraft:apple":32,"minecraft:oxeye_daisy":1,"farmersdelight:cake_slice":3,"minecraft:bread":1,"minecraft:iron_pickaxe":587,"minecraft:spruce_trapdoor":5,"minecraft:spruce_sapling":94,"minecraft:golden_helmet":1,"minecraft:stone_axe":55,"minecraft:diamond_sword":54,"minecraft:cobblestone":96,"minecraft:white_banner":1,"minecraft:andesite":3,"minecraft:bucket":13,"minecraft:birch_log":13,"quark:oak_chest":8,"minecraft:bone_meal":35},"minecraft:killed":{"minecraft:witch":1,"minecraft:spider":2,"minecraft:skeleton":2,"minecraft:piglin":2,"minecraft:pillager":2,"minecraft:zombie":8,"minecraft:enderman":1},"minecraft:crafted":{"minecraft:oak_door":6,"minecraft:oak_planks":356,"minecraft:oak_sign":12,"minecraft:cooked_chicken":3,"minecraft:furnace":3,"minecraft:cobblestone_stairs":8,"minecraft:stone":23,"minecraft:bone_meal":15,"minecraft:cooked_mutton":1,"minecraft:flint_and_steel":1,"create_sa:zinc_chestplate":1,"minecraft:stone_pickaxe":7,"create_sa:zinc_helmet":1,"minecraft:stone_bricks":16,"minecraft:diamond_sword":1,"minecraft:diamond_axe":1,"minecraft:crafting_table":2,"minecraft:baked_potato":5,"minecraft:stone_axe":1,"minecraft:glowstone":26,"minecraft:air":0,"minecraft:diamond_pickaxe":1,"minecraft:shield":1,"minecraft:stick":56,"quark:oak_chest":8,"minecraft:iron_ingot":16,"minecraft:iron_pickaxe":4,"minecraft:oak_stairs":52,"minecraft:torch":84,"create:zinc_ingot":19,"create_sa:zinc_sword":1,"create_sa:zinc_boots":1}},"DataVersion":3465}