{"stats":{"minecraft:broken":{"minecraft:stone_pickaxe":2,"minecraft:iron_axe":1},"minecraft:custom":{"minecraft:interact_with_furnace":20,"minecraft:mob_kills":2,"minecraft:interact_with_crafting_table":39,"minecraft:eat_cake_slice":2,"minecraft:time_since_death":60879,"minecraft:climb_one_cm":1983,"minecraft:time_since_rest":60908,"minecraft:sprint_one_cm":207433,"minecraft:damage_taken":967,"minecraft:walk_one_cm":113693,"minecraft:drop":11,"minecraft:damage_dealt":631,"minecraft:swim_one_cm":17113,"minecraft:player_kills":1,"minecraft:fly_one_cm":258571,"minecraft:open_chest":167,"minecraft:crouch_one_cm":30488,"minecraft:play_time":64480,"minecraft:deaths":1,"minecraft:sneak_time":10801,"minecraft:walk_under_water_one_cm":1417,"minecraft:jump":1178,"minecraft:interact_with_blast_furnace":7,"minecraft:walk_on_water_one_cm":1141,"minecraft:total_world_time":64480,"minecraft:fall_one_cm":24153},"minecraft:picked_up":{"minecraft:charcoal":4,"minecraft:crafting_table":2,"farmersdelight:rich_soil":1,"minecraft:azure_bluet":1,"minecraft:flower_pot":2,"minecraft:chicken":2,"minecraft:andesite":24,"minecraft:water_bucket":1,"minecraft:potato":5,"minecraft:oak_stairs":8,"minecraft:tuff":2,"minecraft:oak_log":37,"minecraft:cornflower":1,"minecraft:dirt":14,"minecraft:lantern":2,"minecraft:item_frame":2,"minecraft:oak_sign":4,"minecraft:stone_bricks":3,"minecraft:wheat_seeds":5,"minecraft:cobbled_deepslate":5,"minecraft:bell":1,"minecraft:lectern":1,"minecraft:spruce_trapdoor":12,"minecraft:oak_planks":2,"minecraft:book":2,"minecraft:furnace":2,"minecraft:scaffolding":4,"slashblade:proudsoul_tiny":1,"minecraft:stick":1,"minecraft:raw_iron":14,"minecraft:oak_door":3,"minecraft:torch":15,"minecraft:dripstone_block":8,"minecraft:blast_furnace":7,"minecraft:diorite":23,"minecraft:white_bed":2,"minecraft:brown_carpet":4,"minecraft:spider_eye":1,"quark:blossom_planks":1,"minecraft:rotten_flesh":7,"create:ochrum":3,"minecraft:bread":9,"minecraft:oak_sapling":3,"minecraft:mutton":1,"minecraft:coal":41,"minecraft:skeleton_skull":1,"minecraft:cobblestone":558},"minecraft:killed":{"minecraft:spider":1,"minecraft:zombie":1},"minecraft:dropped":{"minecraft:oak_door":2,"minecraft:wheat_seeds":2,"minecraft:oak_log":1,"minecraft:raw_iron":6,"minecraft:cobblestone":6,"minecraft:coal":3,"minecraft:spider_eye":1},"minecraft:used":{"minecraft:stone_sword":4,"minecraft:stone_pickaxe":482,"minecraft:oak_planks":31,"minecraft:oak_sign":13,"farmersdelight:rich_soil":1,"minecraft:rotten_flesh":4,"minecraft:oak_door":6,"minecraft:torch":54,"minecraft:dirt":4,"minecraft:crafting_table":3,"minecraft:blast_furnace":7,"minecraft:white_bed":2,"minecraft:oak_log":35,"minecraft:glass":7,"minecraft:apple":12,"minecraft:lantern":2,"minecraft:iron_axe":41,"minecraft:oak_stairs":24,"minecraft:bread":1,"minecraft:stone_bricks":17,"minecraft:golden_helmet":1,"minecraft:stone_axe":38,"minecraft:cobblestone":36,"minecraft:oak_sapling":3,"minecraft:furnace":4,"minecraft:birch_log":11,"quark:oak_chest":8,"minecraft:cooked_beef":7,"minecraft:cobbled_deepslate":1},"minecraft:killed_by":{"minecraft:player":1},"minecraft:mined":{"minecraft:scaffolding":4,"minecraft:white_bed":2,"farmersdelight:rich_soil":1,"minecraft:oak_door":1,"minecraft:crafting_table":2,"minecraft:spruce_trapdoor":12,"minecraft:torch":3,"minecraft:blast_furnace":5,"minecraft:grass_block":8,"minecraft:lectern":1,"create:ochrum":2,"minecraft:campfire":2,"minecraft:tall_grass":5,"minecraft:cobblestone":13,"minecraft:oak_planks":1,"minecraft:oak_wall_sign":1,"minecraft:diorite":23,"minecraft:wall_torch":9,"minecraft:skeleton_skull":1,"minecraft:furnace":2,"minecraft:iron_ore":14,"minecraft:cobbled_deepslate":3,"minecraft:andesite":24,"quark:blossom_planks":1,"minecraft:bell":1,"minecraft:grass":17,"minecraft:potted_azure_bluet":1,"minecraft:oak_log":35,"minecraft:coal_ore":41,"minecraft:oak_stairs":8,"minecraft:lantern":2,"minecraft:dripstone_block":11,"minecraft:dirt":5,"minecraft:potted_cornflower":1,"minecraft:stone_bricks":2,"minecraft:stone":313},"minecraft:crafted":{"minecraft:oak_door":6,"minecraft:oak_planks":228,"minecraft:oak_sign":12,"minecraft:crafting_table":2,"minecraft:furnace":3,"minecraft:stone":23,"minecraft:stone_axe":1,"minecraft:air":0,"minecraft:stick":40,"quark:oak_chest":8,"minecraft:stone_pickaxe":5,"minecraft:oak_stairs":24,"minecraft:torch":84,"minecraft:stone_bricks":16}},"DataVersion":3465}