{"stats":{"minecraft:killed_by":{"minecraft:player":1},"minecraft:custom":{"minecraft:time_since_rest":19364,"minecraft:interact_with_furnace":1,"minecraft:sprint_one_cm":83454,"minecraft:damage_taken":594,"minecraft:walk_one_cm":44833,"minecraft:mob_kills":2,"minecraft:drop":1,"minecraft:damage_dealt":622,"minecraft:swim_one_cm":6045,"minecraft:interact_with_crafting_table":12,"minecraft:player_kills":1,"minecraft:fly_one_cm":132507,"minecraft:open_chest":91,"minecraft:crouch_one_cm":6499,"minecraft:play_time":22936,"minecraft:deaths":1,"minecraft:walk_under_water_one_cm":557,"minecraft:sneak_time":2352,"minecraft:jump":482,"minecraft:eat_cake_slice":2,"minecraft:interact_with_blast_furnace":2,"minecraft:walk_on_water_one_cm":78,"minecraft:time_since_death":19335,"minecraft:climb_one_cm":254,"minecraft:total_world_time":22936,"minecraft:fall_one_cm":14217},"minecraft:mined":{"minecraft:white_bed":1,"farmersdelight:rich_soil":1,"minecraft:cobbled_deepslate":1,"minecraft:bell":1,"minecraft:blast_furnace":4,"minecraft:torch":1,"minecraft:grass":7,"minecraft:grass_block":4,"minecraft:oak_log":31,"minecraft:tall_grass":3,"minecraft:cobblestone":1,"minecraft:stone":81,"minecraft:stone_bricks":1,"minecraft:oak_wall_sign":1,"minecraft:wall_torch":1},"minecraft:dropped":{"minecraft:spider_eye":1},"minecraft:picked_up":{"slashblade:proudsoul_tiny":1,"minecraft:stick":1,"farmersdelight:rich_soil":1,"minecraft:water_bucket":1,"minecraft:torch":3,"minecraft:oak_log":31,"minecraft:blast_furnace":6,"minecraft:white_bed":1,"minecraft:spider_eye":1,"minecraft:dirt":3,"minecraft:oak_sign":3,"minecraft:rotten_flesh":7,"minecraft:stone_bricks":1,"minecraft:wheat_seeds":3,"minecraft:cobbled_deepslate":1,"minecraft:bell":1,"minecraft:bread":9,"minecraft:oak_sapling":3,"minecraft:cobblestone":71},"minecraft:used":{"minecraft:glass":6,"minecraft:apple":2,"minecraft:stone_sword":4,"minecraft:iron_axe":29,"minecraft:lantern":1,"minecraft:oak_stairs":4,"minecraft:bread":1,"minecraft:stone_pickaxe":102,"minecraft:oak_planks":17,"minecraft:oak_sign":12,"farmersdelight:rich_soil":1,"minecraft:stone_bricks":1,"minecraft:rotten_flesh":4,"minecraft:oak_door":2,"minecraft:torch":6,"minecraft:dirt":4,"minecraft:cobblestone":2,"minecraft:crafting_table":2,"minecraft:furnace":1,"minecraft:oak_sapling":3,"quark:oak_chest":2,"minecraft:cooked_beef":3,"minecraft:cobbled_deepslate":1},"minecraft:killed":{"minecraft:zombie":1,"minecraft:spider":1},"minecraft:crafted":{"minecraft:oak_door":3,"minecraft:oak_planks":76,"minecraft:oak_sign":9,"minecraft:crafting_table":2,"minecraft:stick":4,"quark:oak_chest":2,"minecraft:stone_pickaxe":1,"minecraft:oak_stairs":4,"minecraft:furnace":1}},"DataVersion":3465}