{"stats":{"minecraft:crafted":{"minecraft:brick":64,"farmersdelight:stove":1,"minecraft:oak_door":3,"minecraft:oak_planks":88,"minecraft:cobblestone_slab":6,"minecraft:stone_shovel":1,"minecraft:crafting_table":2,"farmersdelight:iron_knife":1,"minecraft:wooden_pickaxe":1,"minecraft:bucket":1,"minecraft:campfire":2,"minecraft:stone_axe":1,"farmersdelight:skillet":1,"minecraft:air":0,"farmersdelight:cutting_board":1,"minecraft:stick":8,"minecraft:iron_ingot":18,"minecraft:stone_pickaxe":1,"minecraft:bricks":5,"minecraft:torch":20},"minecraft:used":{"farmersdelight:skillet":1,"minecraft:stone_shovel":23,"minecraft:stone_pickaxe":114,"minecraft:oak_planks":1,"farmersdelight:stove":1,"minecraft:wooden_pickaxe":14,"minecraft:cobblestone_slab":1,"minecraft:oak_door":1,"minecraft:torch":19,"minecraft:dirt":7,"minecraft:crafting_table":4,"minecraft:campfire":1,"minecraft:lava_bucket":2,"minecraft:bread":10,"minecraft:stone_axe":46,"farmersdelight:cutting_board":1,"minecraft:cobblestone":11,"minecraft:furnace":2,"minecraft:bucket":2,"minecraft:egg":2},"minecraft:mined":{"minecraft:clay":23,"minecraft:crafting_table":2,"minecraft:torch":2,"minecraft:grass_block":7,"minecraft:cobblestone":6,"minecraft:grindstone":1,"minecraft:oak_planks":1,"minecraft:wall_torch":1,"minecraft:furnace":2,"minecraft:iron_ore":18,"minecraft:grass":45,"minecraft:oak_log":29,"minecraft:pointed_dripstone":1,"minecraft:coal_ore":29,"minecraft:dirt":2,"minecraft:stone":62,"minecraft:oak_leaves":12},"minecraft:picked_up":{"minecraft:crafting_table":2,"minecraft:feather":2,"minecraft:chicken":2,"minecraft:clay_ball":92,"minecraft:oak_log":28,"minecraft:dirt":7,"minecraft:string":1,"minecraft:wheat_seeds":5,"minecraft:grindstone":1,"minecraft:cooked_chicken":1,"minecraft:oak_planks":1,"minecraft:furnace":2,"minecraft:egg":5,"minecraft:stick":3,"minecraft:raw_iron":18,"minecraft:torch":8,"minecraft:pointed_dripstone":2,"minecraft:spider_eye":1,"minecraft:rotten_flesh":2,"farmersdelight:cooked_chicken_cuts":2,"minecraft:bone_meal":1,"minecraft:coal":29,"minecraft:cobblestone":68},"minecraft:killed":{"minecraft:spider":1,"minecraft:chicken":2,"minecraft:drowned":1},"minecraft:custom":{"minecraft:interact_with_furnace":13,"minecraft:mob_kills":4,"minecraft:interact_with_crafting_table":14,"minecraft:leave_game":1,"minecraft:time_since_death":55172,"minecraft:time_since_rest":55172,"minecraft:sprint_one_cm":133468,"minecraft:damage_taken":270,"minecraft:walk_one_cm":79081,"minecraft:damage_dealt":341,"minecraft:swim_one_cm":21783,"minecraft:fly_one_cm":205749,"minecraft:open_chest":26,"minecraft:crouch_one_cm":177,"minecraft:play_time":55172,"minecraft:sneak_time":173,"minecraft:walk_under_water_one_cm":8377,"minecraft:jump":859,"minecraft:walk_on_water_one_cm":15330,"minecraft:total_world_time":55172,"minecraft:fall_one_cm":25093}},"DataVersion":3465}