{"stats":{"minecraft:broken":{"minecraft:iron_shovel":1,"minecraft:stone_pickaxe":2,"minecraft:stone_axe":1,"minecraft:stone_shovel":1},"minecraft:custom":{"minecraft:mob_kills":10,"minecraft:interact_with_crafting_table":39,"minecraft:open_barrel":1,"minecraft:leave_game":5,"minecraft:time_since_death":92796,"minecraft:climb_one_cm":11837,"minecraft:sprint_one_cm":404046,"minecraft:walk_one_cm":277149,"minecraft:drop":17,"minecraft:play_time":144450,"minecraft:deaths":2,"minecraft:sneak_time":8291,"minecraft:walk_under_water_one_cm":1770,"minecraft:jump":2373,"minecraft:interact_with_blast_furnace":6,"minecraft:walk_on_water_one_cm":2588,"minecraft:total_world_time":144450,"minecraft:interact_with_furnace":45,"minecraft:time_since_rest":92821,"minecraft:damage_taken":1340,"minecraft:damage_dealt":2311,"minecraft:swim_one_cm":3566,"minecraft:fly_one_cm":550695,"minecraft:player_kills":2,"minecraft:open_chest":110,"minecraft:crouch_one_cm":31873,"minecraft:interact_with_smoker":3,"minecraft:fall_one_cm":60068,"minecraft:horse_one_cm":134},"minecraft:picked_up":{"minecraft:iron_chestplate":1,"minecraft:crafting_table":11,"minecraft:wheat":220,"create_new_age:thorium":3,"minecraft:ladder":1,"quark:spruce_ladder":1,"minecraft:diamond_sword":3,"minecraft:gold_block":1,"minecraft:string":7,"minecraft:raw_copper":5,"minecraft:iron_leggings":1,"minecraft:item_frame":2,"minecraft:oak_sign":4,"minecraft:cobbled_deepslate":44,"minecraft:beef":24,"minecraft:red_dye":2,"minecraft:rose_bush":1,"minecraft:iron_pickaxe":2,"minecraft:egg":1,"minecraft:iron_boots":1,"minecraft:furnace":17,"minecraft:stick":32,"minecraft:raw_iron":14,"minecraft:stone":6,"minecraft:oak_door":3,"minecraft:torch":31,"minecraft:porkchop":3,"minecraft:diorite":12,"minecraft:carrot":1,"minecraft:stone_pressure_plate":2,"minecraft:rotten_flesh":14,"minecraft:arrow":10,"create:ochrum":64,"minecraft:gold_ingot":2,"minecraft:white_wool":3,"minecraft:cobblestone":562,"minecraft:andesite":4,"minecraft:leather":6,"minecraft:smoker":4,"minecraft:flint":1,"minecraft:tuff":24,"create:raw_zinc":6,"minecraft:oak_log":319,"minecraft:dirt":556,"minecraft:lantern":1,"minecraft:glass":12,"minecraft:bone":10,"farmersdelight:iron_knife":3,"minecraft:apple":4,"minecraft:stone_bricks":8,"minecraft:wheat_seeds":1155,"minecraft:stone_pickaxe":1,"theoneprobe:probenote":1,"minecraft:iron_ingot":2,"minecraft:oak_planks":93,"slashblade:proudsoul_tiny":3,"minecraft:dripstone_block":24,"minecraft:gravel":5,"minecraft:sand":104,"quark:oak_chest":2,"minecraft:spider_eye":6,"travelersbackpack:standard":2,"minecraft:diamond":6,"minecraft:stone_axe":2,"minecraft:iron_helmet":2,"minecraft:granite":9,"minecraft:bread":126,"minecraft:oak_sapling":13,"minecraft:coal":26,"minecraft:sunflower":1},"minecraft:killed":{"minecraft:spider":1,"minecraft:skeleton":1,"minecraft:horse":2,"minecraft:pig":1,"minecraft:cow":5},"minecraft:dropped":{"minecraft:porkchop":1,"minecraft:dripstone_block":2,"minecraft:iron_helmet":1,"minecraft:cobblestone":1,"minecraft:dirt":21,"ars_nouveau:worn_notebook":1,"minecraft:sunflower":1,"minecraft:gravel":2,"minecraft:stone_pressure_plate":1,"minecraft:spider_eye":1},"minecraft:used":{"minecraft:iron_shovel":250,"minecraft:stone_shovel":187,"minecraft:ladder":41,"minecraft:oak_sign":3,"minecraft:stone":42,"minecraft:oak_door":6,"minecraft:torch":18,"minecraft:dirt":8,"minecraft:lantern":1,"minecraft:oak_stairs":7,"minecraft:stone_bricks":8,"minecraft:item_frame":2,"minecraft:furnace":18,"minecraft:egg":1,"minecraft:iron_leggings":1,"minecraft:wheat_seeds":113,"farmersdelight:iron_knife":9,"minecraft:stone_pickaxe":360,"minecraft:oak_planks":293,"minecraft:crafting_table":13,"minecraft:dripstone_block":1,"minecraft:smoker":2,"minecraft:oak_log":62,"minecraft:bread":32,"minecraft:string":1,"minecraft:iron_pickaxe":184,"minecraft:stone_axe":97,"minecraft:diamond_sword":35,"minecraft:cobblestone":44,"travelersbackpack:standard":1,"quark:spruce_ladder":1,"quark:oak_chest":12},"minecraft:killed_by":{"minecraft:player":2},"minecraft:mined":{"create:deepslate_zinc_ore":6,"minecraft:tuff":26,"minecraft:oak_sapling":1,"minecraft:oak_door":1,"minecraft:ladder":1,"minecraft:granite":10,"minecraft:grass_block":8,"create_new_age:thorium_ore":1,"create:ochrum":66,"minecraft:oak_wall_sign":1,"minecraft:furnace":17,"minecraft:iron_ore":14,"minecraft:andesite":4,"minecraft:gold_block":1,"minecraft:oak_sign":2,"minecraft:stone":218,"minecraft:tripwire":1,"minecraft:podzol":2,"quark:oak_chest":2,"minecraft:smoker":2,"travelersbackpack:standard":2,"minecraft:crafting_table":9,"minecraft:torch":14,"minecraft:blast_furnace":2,"minecraft:rose_bush":1,"minecraft:tall_grass":1,"minecraft:copper_ore":2,"minecraft:cobblestone":16,"minecraft:oak_planks":37,"minecraft:diorite":12,"minecraft:wall_torch":14,"quark:spruce_ladder":1,"minecraft:wheat":238,"minecraft:grass":6,"minecraft:oak_log":43,"minecraft:coal_ore":26,"minecraft:dripstone_block":21,"minecraft:sunflower":1,"minecraft:gravel":5,"minecraft:sand":38,"minecraft:dirt":537,"minecraft:stone_bricks":11,"minecraft:oak_leaves":5,"minecraft:deepslate":50},"minecraft:crafted":{"minecraft:oak_door":3,"minecraft:oak_planks":484,"minecraft:stone_shovel":5,"minecraft:furnace":11,"minecraft:stone":38,"minecraft:glass":16,"travelersbackpack:white_sleeping_bag":1,"minecraft:ladder":40,"minecraft:stone_pickaxe":6,"minecraft:red_dye":2,"minecraft:crafting_table":4,"travelersbackpack:backpack_tank":2,"travelersbackpack:standard":1,"minecraft:iron_sword":1,"minecraft:stone_axe":1,"minecraft:bread":83,"minecraft:air":0,"travelersbackpack:red_sleeping_bag":1,"minecraft:shield":2,"minecraft:stick":84,"quark:oak_chest":11,"minecraft:iron_pickaxe":1,"minecraft:iron_ingot":2,"minecraft:oak_stairs":48,"minecraft:iron_shovel":1}},"DataVersion":3465}