{"stats":{"minecraft:crafted":{"minecraft:oak_planks":16,"minecraft:crafting_table":1,"minecraft:stick":4,"minecraft:stone_pickaxe":1,"minecraft:bread":19},"minecraft:killed":{"minecraft:pig":1},"minecraft:custom":{"minecraft:time_since_rest":11853,"minecraft:interact_with_furnace":2,"minecraft:sprint_one_cm":40128,"minecraft:damage_taken":116,"minecraft:walk_one_cm":20759,"minecraft:mob_kills":1,"minecraft:drop":1,"minecraft:damage_dealt":126,"minecraft:swim_one_cm":1989,"minecraft:interact_with_crafting_table":2,"minecraft:fly_one_cm":68956,"minecraft:open_barrel":1,"minecraft:open_chest":6,"minecraft:crouch_one_cm":333,"minecraft:play_time":11853,"minecraft:sneak_time":144,"minecraft:walk_under_water_one_cm":1224,"minecraft:jump":244,"minecraft:interact_with_blast_furnace":3,"minecraft:leave_game":1,"minecraft:walk_on_water_one_cm":1314,"minecraft:time_since_death":11853,"minecraft:total_world_time":11853,"minecraft:climb_one_cm":685,"minecraft:fall_one_cm":8248,"minecraft:horse_one_cm":134},"minecraft:dropped":{"ars_nouveau:worn_notebook":1},"minecraft:mined":{"minecraft:furnace":3,"minecraft:wheat":70,"minecraft:smoker":1,"minecraft:crafting_table":2,"minecraft:grass":2,"minecraft:grass_block":1,"minecraft:oak_log":4,"minecraft:dirt":2,"minecraft:oak_leaves":3},"minecraft:picked_up":{"minecraft:crafting_table":2,"minecraft:wheat":58,"minecraft:smoker":1,"minecraft:porkchop":1,"minecraft:oak_log":4,"minecraft:dirt":2,"minecraft:stone_pressure_plate":1,"farmersdelight:iron_knife":1,"minecraft:wheat_seeds":156,"minecraft:oak_sapling":2,"minecraft:furnace":3},"minecraft:used":{"minecraft:wheat_seeds":70,"minecraft:bread":3,"minecraft:stone_pickaxe":4,"minecraft:crafting_table":2}},"DataVersion":3465}