{"stats":{"minecraft:broken":{"minecraft:iron_shovel":1,"minecraft:stone_pickaxe":1,"minecraft:stone_shovel":1},"minecraft:custom":{"minecraft:mob_kills":10,"minecraft:interact_with_crafting_table":29,"minecraft:open_barrel":1,"minecraft:leave_game":5,"minecraft:time_since_death":56796,"minecraft:climb_one_cm":2724,"minecraft:sprint_one_cm":334983,"minecraft:walk_one_cm":204680,"minecraft:drop":17,"minecraft:play_time":108450,"minecraft:deaths":2,"minecraft:sneak_time":6610,"minecraft:walk_under_water_one_cm":1770,"minecraft:jump":1983,"minecraft:interact_with_blast_furnace":6,"minecraft:walk_on_water_one_cm":2588,"minecraft:total_world_time":108450,"minecraft:interact_with_furnace":13,"minecraft:time_since_rest":56821,"minecraft:damage_taken":1159,"minecraft:damage_dealt":2306,"minecraft:swim_one_cm":3566,"minecraft:fly_one_cm":463863,"minecraft:player_kills":2,"minecraft:open_chest":77,"minecraft:crouch_one_cm":25739,"minecraft:fall_one_cm":50815,"minecraft:horse_one_cm":134},"minecraft:picked_up":{"minecraft:iron_chestplate":1,"minecraft:crafting_table":10,"minecraft:wheat":220,"create_new_age:thorium":3,"minecraft:diamond_sword":3,"minecraft:gold_block":1,"minecraft:string":7,"minecraft:raw_copper":5,"minecraft:iron_leggings":1,"minecraft:item_frame":1,"minecraft:oak_sign":4,"minecraft:cobbled_deepslate":18,"minecraft:beef":24,"minecraft:red_dye":2,"minecraft:rose_bush":1,"minecraft:iron_pickaxe":2,"minecraft:iron_boots":1,"minecraft:furnace":7,"minecraft:stick":26,"minecraft:raw_iron":12,"minecraft:oak_door":3,"minecraft:torch":21,"minecraft:porkchop":3,"minecraft:diorite":9,"minecraft:stone_pressure_plate":2,"minecraft:rotten_flesh":14,"minecraft:arrow":10,"create:ochrum":58,"minecraft:gold_ingot":2,"minecraft:white_wool":3,"minecraft:cobblestone":423,"minecraft:leather":6,"minecraft:smoker":3,"minecraft:tuff":21,"create:raw_zinc":6,"minecraft:oak_log":276,"minecraft:dirt":510,"minecraft:glass":12,"minecraft:bone":10,"farmersdelight:iron_knife":3,"minecraft:stone_bricks":8,"minecraft:wheat_seeds":1155,"minecraft:stone_pickaxe":1,"theoneprobe:probenote":1,"minecraft:iron_ingot":2,"minecraft:oak_planks":85,"slashblade:proudsoul_tiny":3,"minecraft:dripstone_block":23,"minecraft:gravel":2,"minecraft:sand":104,"quark:oak_chest":2,"minecraft:spider_eye":6,"travelersbackpack:standard":2,"minecraft:diamond":6,"minecraft:stone_axe":2,"minecraft:iron_helmet":2,"minecraft:granite":1,"minecraft:bread":126,"minecraft:oak_sapling":2,"minecraft:coal":26,"minecraft:sunflower":1},"minecraft:killed":{"minecraft:spider":1,"minecraft:skeleton":1,"minecraft:horse":2,"minecraft:pig":1,"minecraft:cow":5},"minecraft:dropped":{"minecraft:porkchop":1,"minecraft:dripstone_block":2,"minecraft:iron_helmet":1,"minecraft:cobblestone":1,"minecraft:dirt":21,"ars_nouveau:worn_notebook":1,"minecraft:sunflower":1,"minecraft:gravel":2,"minecraft:stone_pressure_plate":1,"minecraft:spider_eye":1},"minecraft:used":{"minecraft:iron_shovel":250,"minecraft:stone_shovel":149,"minecraft:oak_sign":3,"minecraft:oak_door":6,"minecraft:torch":12,"minecraft:dirt":8,"minecraft:stone_bricks":8,"minecraft:item_frame":1,"minecraft:furnace":6,"minecraft:iron_leggings":1,"minecraft:wheat_seeds":113,"farmersdelight:iron_knife":9,"minecraft:stone_pickaxe":280,"minecraft:oak_planks":177,"minecraft:crafting_table":12,"minecraft:dripstone_block":1,"minecraft:smoker":1,"minecraft:oak_log":50,"minecraft:bread":26,"minecraft:string":1,"minecraft:iron_pickaxe":135,"minecraft:stone_axe":83,"minecraft:diamond_sword":35,"minecraft:cobblestone":41,"travelersbackpack:standard":1,"quark:oak_chest":6},"minecraft:killed_by":{"minecraft:player":2},"minecraft:mined":{"create:deepslate_zinc_ore":6,"minecraft:tuff":23,"minecraft:oak_door":1,"minecraft:granite":1,"minecraft:grass_block":8,"create_new_age:thorium_ore":1,"create:ochrum":60,"minecraft:oak_wall_sign":1,"minecraft:furnace":7,"minecraft:iron_ore":12,"minecraft:gold_block":1,"minecraft:oak_sign":2,"minecraft:stone":175,"minecraft:tripwire":1,"minecraft:podzol":2,"quark:oak_chest":2,"minecraft:smoker":1,"travelersbackpack:standard":2,"minecraft:crafting_table":8,"minecraft:torch":14,"minecraft:blast_furnace":2,"minecraft:rose_bush":1,"minecraft:tall_grass":1,"minecraft:copper_ore":2,"minecraft:cobblestone":12,"minecraft:oak_planks":29,"minecraft:diorite":9,"minecraft:wall_torch":6,"minecraft:wheat":238,"minecraft:grass":6,"minecraft:oak_log":42,"minecraft:coal_ore":26,"minecraft:dripstone_block":21,"minecraft:sunflower":1,"minecraft:gravel":1,"minecraft:sand":38,"minecraft:dirt":491,"minecraft:stone_bricks":11,"minecraft:oak_leaves":3,"minecraft:deepslate":20},"minecraft:crafted":{"minecraft:oak_door":3,"minecraft:oak_planks":396,"minecraft:stone_shovel":5,"minecraft:glass":16,"travelersbackpack:white_sleeping_bag":1,"minecraft:stone_pickaxe":6,"minecraft:red_dye":2,"minecraft:crafting_table":4,"travelersbackpack:backpack_tank":2,"travelersbackpack:standard":1,"minecraft:iron_sword":1,"minecraft:stone_axe":1,"minecraft:bread":83,"minecraft:air":0,"travelersbackpack:red_sleeping_bag":1,"minecraft:shield":1,"minecraft:stick":32,"quark:oak_chest":5,"minecraft:iron_pickaxe":1,"minecraft:iron_ingot":2,"minecraft:iron_shovel":1}},"DataVersion":3465}