{"stats":{"minecraft:killed_by":{"minecraft:player":2},"minecraft:custom":{"minecraft:interact_with_furnace":11,"minecraft:mob_kills":10,"minecraft:interact_with_crafting_table":17,"minecraft:open_barrel":1,"minecraft:leave_game":5,"minecraft:time_since_death":6111,"minecraft:climb_one_cm":2236,"minecraft:time_since_rest":6136,"minecraft:sprint_one_cm":229158,"minecraft:damage_taken":1141,"minecraft:walk_one_cm":76880,"minecraft:drop":14,"minecraft:damage_dealt":2116,"minecraft:player_kills":2,"minecraft:swim_one_cm":3566,"minecraft:fly_one_cm":364752,"minecraft:open_chest":37,"minecraft:play_time":57765,"minecraft:crouch_one_cm":3021,"minecraft:sneak_time":1664,"minecraft:deaths":2,"minecraft:walk_under_water_one_cm":1770,"minecraft:jump":1342,"minecraft:interact_with_blast_furnace":3,"minecraft:walk_on_water_one_cm":2588,"minecraft:total_world_time":57765,"minecraft:fall_one_cm":43533,"minecraft:horse_one_cm":134},"minecraft:mined":{"minecraft:podzol":2,"minecraft:smoker":1,"travelersbackpack:standard":2,"minecraft:crafting_table":5,"minecraft:grass_block":2,"minecraft:rose_bush":1,"minecraft:oak_planks":1,"minecraft:furnace":6,"minecraft:iron_ore":2,"minecraft:wheat":238,"minecraft:gold_block":1,"minecraft:grass":6,"minecraft:oak_log":5,"minecraft:coal_ore":3,"minecraft:oak_sign":2,"minecraft:sunflower":1,"minecraft:dripstone_block":1,"minecraft:gravel":1,"minecraft:sand":38,"minecraft:dirt":7,"minecraft:stone_bricks":11,"minecraft:stone":16,"minecraft:oak_leaves":3},"minecraft:picked_up":{"minecraft:crafting_table":7,"minecraft:iron_chestplate":1,"minecraft:wheat":218,"minecraft:leather":6,"minecraft:diamond_sword":3,"minecraft:smoker":3,"minecraft:gold_block":1,"minecraft:oak_log":241,"minecraft:dirt":12,"minecraft:string":6,"minecraft:iron_leggings":1,"minecraft:glass":8,"minecraft:bone":7,"farmersdelight:iron_knife":3,"minecraft:oak_sign":1,"minecraft:stone_bricks":8,"minecraft:wheat_seeds":1155,"minecraft:beef":24,"minecraft:red_dye":2,"minecraft:stone_pickaxe":1,"minecraft:rose_bush":1,"minecraft:iron_pickaxe":2,"minecraft:oak_planks":57,"minecraft:iron_boots":1,"minecraft:furnace":6,"minecraft:stick":26,"minecraft:raw_iron":2,"slashblade:proudsoul_tiny":2,"minecraft:dripstone_block":2,"minecraft:gravel":2,"minecraft:porkchop":2,"minecraft:sand":82,"minecraft:spider_eye":4,"minecraft:stone_pressure_plate":2,"travelersbackpack:standard":2,"minecraft:arrow":7,"minecraft:rotten_flesh":7,"minecraft:diamond":6,"minecraft:stone_axe":2,"minecraft:iron_helmet":2,"minecraft:bread":126,"minecraft:oak_sapling":2,"minecraft:coal":3,"minecraft:white_wool":3,"minecraft:cobblestone":176,"minecraft:sunflower":1},"minecraft:dropped":{"minecraft:gravel":2,"minecraft:porkchop":1,"minecraft:dripstone_block":1,"minecraft:iron_helmet":1,"minecraft:dirt":5,"ars_nouveau:worn_notebook":1,"minecraft:stone_pressure_plate":1,"minecraft:spider_eye":1,"minecraft:sunflower":1},"minecraft:used":{"farmersdelight:iron_knife":5,"minecraft:wheat_seeds":113,"minecraft:stone_pickaxe":31,"minecraft:oak_planks":3,"minecraft:dirt":2,"minecraft:crafting_table":7,"minecraft:bread":21,"minecraft:iron_pickaxe":14,"minecraft:stone_bricks":8,"minecraft:diamond_sword":35,"minecraft:stone_axe":9,"minecraft:cobblestone":26,"minecraft:furnace":5,"quark:oak_chest":2,"minecraft:iron_leggings":1},"minecraft:killed":{"minecraft:pig":1,"minecraft:spider":1,"minecraft:horse":2,"minecraft:skeleton":1,"minecraft:cow":5},"minecraft:crafted":{"minecraft:red_dye":2,"minecraft:oak_planks":56,"minecraft:crafting_table":2,"travelersbackpack:backpack_tank":2,"travelersbackpack:standard":1,"minecraft:iron_sword":1,"minecraft:stone_axe":1,"minecraft:bread":83,"minecraft:air":0,"travelersbackpack:red_sleeping_bag":1,"minecraft:glass":16,"travelersbackpack:white_sleeping_bag":1,"minecraft:stick":20,"quark:oak_chest":5,"minecraft:iron_ingot":2,"minecraft:iron_pickaxe":1,"minecraft:stone_pickaxe":1}},"DataVersion":3465}