{"stats":{"minecraft:killed":{"minecraft:pig":1},"minecraft:custom":{"minecraft:time_since_rest":3893,"minecraft:crouch_one_cm":273,"minecraft:play_time":3893,"minecraft:sprint_one_cm":10960,"minecraft:damage_taken":10,"minecraft:walk_one_cm":5352,"minecraft:sneak_time":61,"minecraft:mob_kills":1,"minecraft:drop":1,"minecraft:jump":68,"minecraft:damage_dealt":100,"minecraft:leave_game":1,"minecraft:time_since_death":3893,"minecraft:total_world_time":3893,"minecraft:climb_one_cm":685,"minecraft:fall_one_cm":3265,"minecraft:fly_one_cm":16337,"minecraft:horse_one_cm":134},"minecraft:dropped":{"ars_nouveau:worn_notebook":1},"minecraft:mined":{"minecraft:oak_log":4,"minecraft:oak_leaves":3},"minecraft:picked_up":{"minecraft:porkchop":1,"minecraft:oak_log":4,"minecraft:oak_sapling":2}},"DataVersion":3465}