{"stats":{"minecraft:custom":{"minecraft:interact_with_furnace":11,"minecraft:mob_kills":10,"minecraft:interact_with_crafting_table":15,"minecraft:open_barrel":1,"minecraft:leave_game":3,"minecraft:time_since_death":46552,"minecraft:climb_one_cm":1576,"minecraft:time_since_rest":46552,"minecraft:sprint_one_cm":167255,"minecraft:damage_taken":576,"minecraft:walk_one_cm":56405,"minecraft:drop":2,"minecraft:damage_dealt":1518,"minecraft:swim_one_cm":3566,"minecraft:fly_one_cm":278488,"minecraft:open_chest":21,"minecraft:crouch_one_cm":2957,"minecraft:play_time":46552,"minecraft:sneak_time":1659,"minecraft:walk_under_water_one_cm":1770,"minecraft:jump":1063,"minecraft:interact_with_blast_furnace":3,"minecraft:walk_on_water_one_cm":2588,"minecraft:total_world_time":46552,"minecraft:fall_one_cm":32956,"minecraft:horse_one_cm":134},"minecraft:mined":{"minecraft:smoker":1,"minecraft:crafting_table":5,"minecraft:grass_block":2,"minecraft:rose_bush":1,"minecraft:oak_planks":1,"minecraft:furnace":6,"minecraft:iron_ore":2,"minecraft:wheat":70,"minecraft:gold_block":1,"minecraft:grass":5,"minecraft:oak_log":5,"minecraft:coal_ore":3,"minecraft:dripstone_block":1,"minecraft:sunflower":1,"minecraft:gravel":1,"minecraft:sand":38,"minecraft:dirt":5,"minecraft:stone":16,"minecraft:stone_bricks":11,"minecraft:oak_leaves":3},"minecraft:dropped":{"ars_nouveau:worn_notebook":1,"minecraft:sunflower":1},"minecraft:picked_up":{"minecraft:crafting_table":5,"minecraft:wheat":58,"minecraft:leather":5,"minecraft:diamond_sword":1,"minecraft:smoker":1,"minecraft:gold_block":1,"minecraft:oak_log":5,"minecraft:dirt":4,"minecraft:string":2,"minecraft:bone":2,"farmersdelight:iron_knife":1,"minecraft:stone_bricks":8,"minecraft:wheat_seeds":156,"minecraft:beef":8,"minecraft:rose_bush":1,"minecraft:oak_planks":1,"minecraft:furnace":6,"minecraft:raw_iron":2,"minecraft:dripstone_block":1,"minecraft:gravel":1,"minecraft:porkchop":1,"minecraft:sand":38,"minecraft:stone_pressure_plate":1,"minecraft:spider_eye":1,"minecraft:arrow":2,"minecraft:diamond":6,"minecraft:oak_sapling":2,"minecraft:coal":3,"minecraft:sunflower":1,"minecraft:white_wool":3,"minecraft:cobblestone":16},"minecraft:used":{"farmersdelight:iron_knife":5,"minecraft:wheat_seeds":70,"minecraft:stone_pickaxe":31,"minecraft:oak_planks":3,"minecraft:crafting_table":6,"minecraft:iron_pickaxe":13,"minecraft:bread":18,"minecraft:stone_bricks":8,"minecraft:stone_axe":5,"minecraft:diamond_sword":25,"minecraft:cobblestone":26,"minecraft:furnace":5},"minecraft:killed":{"minecraft:pig":1,"minecraft:spider":1,"minecraft:skeleton":1,"minecraft:horse":2,"minecraft:cow":5},"minecraft:crafted":{"minecraft:red_dye":2,"minecraft:oak_planks":48,"minecraft:crafting_table":2,"travelersbackpack:backpack_tank":2,"travelersbackpack:standard":1,"minecraft:iron_sword":1,"minecraft:stone_axe":1,"minecraft:bread":19,"minecraft:air":0,"travelersbackpack:red_sleeping_bag":1,"minecraft:glass":16,"travelersbackpack:white_sleeping_bag":1,"minecraft:stick":20,"quark:oak_chest":1,"minecraft:iron_pickaxe":1,"minecraft:iron_ingot":2,"minecraft:stone_pickaxe":1}},"DataVersion":3465}