{"stats":{"minecraft:custom":{"minecraft:interact_with_furnace":11,"minecraft:mob_kills":8,"minecraft:interact_with_crafting_table":15,"minecraft:open_barrel":1,"minecraft:leave_game":2,"minecraft:time_since_death":38256,"minecraft:climb_one_cm":1576,"minecraft:time_since_rest":38256,"minecraft:sprint_one_cm":127440,"minecraft:damage_taken":226,"minecraft:walk_one_cm":47684,"minecraft:drop":1,"minecraft:damage_dealt":1240,"minecraft:swim_one_cm":3566,"minecraft:fly_one_cm":193609,"minecraft:open_chest":13,"minecraft:crouch_one_cm":2172,"minecraft:play_time":38256,"minecraft:sneak_time":1162,"minecraft:walk_under_water_one_cm":1770,"minecraft:jump":778,"minecraft:interact_with_blast_furnace":3,"minecraft:walk_on_water_one_cm":2588,"minecraft:total_world_time":38256,"minecraft:fall_one_cm":25250,"minecraft:horse_one_cm":134},"minecraft:mined":{"minecraft:smoker":1,"minecraft:crafting_table":5,"minecraft:grass_block":1,"minecraft:rose_bush":1,"minecraft:furnace":5,"minecraft:iron_ore":2,"minecraft:wheat":70,"minecraft:gold_block":1,"minecraft:grass":5,"minecraft:oak_log":5,"minecraft:coal_ore":3,"minecraft:dripstone_block":1,"minecraft:sunflower":1,"minecraft:gravel":1,"minecraft:sand":38,"minecraft:dirt":2,"minecraft:stone":16,"minecraft:oak_leaves":3},"minecraft:dropped":{"ars_nouveau:worn_notebook":1},"minecraft:picked_up":{"minecraft:crafting_table":5,"minecraft:wheat":58,"minecraft:leather":5,"minecraft:diamond_sword":1,"minecraft:smoker":1,"minecraft:gold_block":1,"minecraft:oak_log":5,"minecraft:dirt":2,"minecraft:bone":1,"farmersdelight:iron_knife":1,"minecraft:wheat_seeds":156,"minecraft:beef":8,"minecraft:rose_bush":1,"minecraft:furnace":5,"minecraft:raw_iron":2,"minecraft:dripstone_block":1,"minecraft:gravel":1,"minecraft:porkchop":1,"minecraft:sand":38,"minecraft:stone_pressure_plate":1,"minecraft:diamond":6,"minecraft:oak_sapling":2,"minecraft:coal":3,"minecraft:sunflower":1,"minecraft:white_wool":3,"minecraft:cobblestone":16},"minecraft:used":{"minecraft:wheat_seeds":70,"minecraft:stone_pickaxe":29,"minecraft:crafting_table":6,"minecraft:iron_pickaxe":1,"minecraft:bread":11,"minecraft:stone_axe":4,"minecraft:diamond_sword":23,"minecraft:cobblestone":26,"minecraft:furnace":4},"minecraft:killed":{"minecraft:pig":1,"minecraft:horse":2,"minecraft:cow":5},"minecraft:crafted":{"minecraft:red_dye":2,"minecraft:oak_planks":20,"minecraft:crafting_table":2,"travelersbackpack:backpack_tank":2,"travelersbackpack:standard":1,"minecraft:iron_sword":1,"minecraft:stone_axe":1,"minecraft:bread":19,"minecraft:air":0,"travelersbackpack:red_sleeping_bag":1,"minecraft:glass":16,"travelersbackpack:white_sleeping_bag":1,"minecraft:stick":20,"quark:oak_chest":1,"minecraft:iron_ingot":2,"minecraft:iron_pickaxe":1,"minecraft:stone_pickaxe":1}},"DataVersion":3465}