{"stats":{"minecraft:crafted":{"minecraft:oak_planks":16,"minecraft:crafting_table":1,"minecraft:stick":20,"minecraft:iron_ingot":2,"minecraft:stone_pickaxe":1,"minecraft:iron_sword":1,"minecraft:stone_axe":1,"minecraft:air":0,"minecraft:bread":19},"minecraft:killed":{"minecraft:pig":1},"minecraft:custom":{"minecraft:time_since_rest":23853,"minecraft:interact_with_furnace":5,"minecraft:sprint_one_cm":75322,"minecraft:damage_taken":226,"minecraft:walk_one_cm":37852,"minecraft:mob_kills":1,"minecraft:drop":1,"minecraft:damage_dealt":127,"minecraft:swim_one_cm":2588,"minecraft:interact_with_crafting_table":6,"minecraft:fly_one_cm":120955,"minecraft:open_barrel":1,"minecraft:open_chest":10,"minecraft:crouch_one_cm":1648,"minecraft:play_time":23853,"minecraft:sneak_time":596,"minecraft:walk_under_water_one_cm":1682,"minecraft:jump":487,"minecraft:interact_with_blast_furnace":3,"minecraft:leave_game":1,"minecraft:walk_on_water_one_cm":1925,"minecraft:time_since_death":23853,"minecraft:total_world_time":23853,"minecraft:climb_one_cm":1576,"minecraft:fall_one_cm":17165,"minecraft:horse_one_cm":134},"minecraft:dropped":{"ars_nouveau:worn_notebook":1},"minecraft:mined":{"minecraft:furnace":4,"minecraft:iron_ore":2,"minecraft:wheat":70,"minecraft:smoker":1,"minecraft:crafting_table":3,"minecraft:grass":2,"minecraft:coal_ore":3,"minecraft:grass_block":1,"minecraft:oak_log":4,"minecraft:sand":38,"minecraft:gravel":1,"minecraft:dripstone_block":1,"minecraft:dirt":2,"minecraft:stone":16,"minecraft:oak_leaves":3},"minecraft:picked_up":{"minecraft:raw_iron":2,"minecraft:crafting_table":3,"minecraft:wheat":58,"minecraft:sand":38,"minecraft:diamond_sword":1,"minecraft:smoker":1,"minecraft:gravel":1,"minecraft:dripstone_block":1,"minecraft:porkchop":1,"minecraft:oak_log":4,"minecraft:dirt":2,"minecraft:stone_pressure_plate":1,"minecraft:bone":1,"farmersdelight:iron_knife":1,"minecraft:diamond":6,"minecraft:wheat_seeds":156,"minecraft:oak_sapling":2,"minecraft:coal":3,"minecraft:cobblestone":16,"minecraft:furnace":4},"minecraft:used":{"minecraft:wheat_seeds":70,"minecraft:bread":8,"minecraft:stone_pickaxe":28,"minecraft:stone_axe":1,"minecraft:cobblestone":23,"minecraft:crafting_table":3,"minecraft:furnace":1}},"DataVersion":3465}