{"stats":{"minecraft:killed_by":{"minecraft:player":2},"minecraft:custom":{"minecraft:interact_with_furnace":13,"minecraft:mob_kills":10,"minecraft:interact_with_crafting_table":25,"minecraft:open_barrel":1,"minecraft:leave_game":5,"minecraft:time_since_death":39306,"minecraft:climb_one_cm":2236,"minecraft:time_since_rest":39331,"minecraft:sprint_one_cm":313554,"minecraft:damage_taken":1159,"minecraft:walk_one_cm":159811,"minecraft:drop":17,"minecraft:damage_dealt":2306,"minecraft:player_kills":2,"minecraft:swim_one_cm":3566,"minecraft:fly_one_cm":451404,"minecraft:open_chest":71,"minecraft:play_time":90960,"minecraft:crouch_one_cm":16719,"minecraft:sneak_time":4396,"minecraft:deaths":2,"minecraft:walk_under_water_one_cm":1770,"minecraft:jump":1836,"minecraft:interact_with_blast_furnace":6,"minecraft:walk_on_water_one_cm":2588,"minecraft:total_world_time":90960,"minecraft:fall_one_cm":50546,"minecraft:horse_one_cm":134},"minecraft:broken":{"minecraft:iron_shovel":1},"minecraft:mined":{"minecraft:podzol":2,"create:deepslate_zinc_ore":6,"minecraft:tuff":9,"quark:oak_chest":2,"minecraft:oak_door":1,"minecraft:smoker":1,"travelersbackpack:standard":2,"minecraft:crafting_table":7,"minecraft:torch":9,"minecraft:blast_furnace":2,"minecraft:grass_block":6,"minecraft:rose_bush":1,"create_new_age:thorium_ore":1,"create:ochrum":29,"minecraft:copper_ore":2,"minecraft:tall_grass":1,"minecraft:cobblestone":12,"minecraft:oak_planks":5,"minecraft:oak_wall_sign":1,"minecraft:diorite":9,"minecraft:wall_torch":5,"minecraft:furnace":7,"minecraft:iron_ore":12,"minecraft:wheat":238,"minecraft:gold_block":1,"minecraft:grass":6,"minecraft:oak_log":34,"minecraft:coal_ore":26,"minecraft:oak_sign":2,"minecraft:sunflower":1,"minecraft:dripstone_block":12,"minecraft:gravel":1,"minecraft:sand":38,"minecraft:dirt":316,"minecraft:stone_bricks":11,"minecraft:stone":102,"minecraft:tripwire":1,"minecraft:deepslate":12,"minecraft:oak_leaves":3},"minecraft:dropped":{"minecraft:gravel":2,"minecraft:porkchop":1,"minecraft:dripstone_block":2,"minecraft:iron_helmet":1,"minecraft:cobblestone":1,"minecraft:dirt":21,"ars_nouveau:worn_notebook":1,"minecraft:stone_pressure_plate":1,"minecraft:spider_eye":1,"minecraft:sunflower":1},"minecraft:picked_up":{"create_new_age:thorium":3,"minecraft:crafting_table":9,"minecraft:iron_chestplate":1,"minecraft:wheat":220,"minecraft:leather":6,"minecraft:diamond_sword":3,"minecraft:smoker":3,"minecraft:gold_block":1,"minecraft:tuff":7,"create:raw_zinc":6,"minecraft:oak_log":268,"minecraft:dirt":335,"minecraft:string":7,"minecraft:raw_copper":5,"minecraft:iron_leggings":1,"minecraft:item_frame":1,"minecraft:glass":12,"minecraft:bone":10,"farmersdelight:iron_knife":3,"minecraft:oak_sign":4,"minecraft:stone_bricks":8,"minecraft:wheat_seeds":1155,"minecraft:cobbled_deepslate":10,"theoneprobe:probenote":1,"minecraft:iron_ingot":2,"minecraft:beef":24,"minecraft:red_dye":2,"minecraft:stone_pickaxe":1,"minecraft:rose_bush":1,"minecraft:iron_pickaxe":2,"minecraft:oak_planks":61,"minecraft:iron_boots":1,"minecraft:furnace":7,"minecraft:stick":26,"minecraft:raw_iron":12,"slashblade:proudsoul_tiny":3,"minecraft:oak_door":3,"minecraft:torch":14,"minecraft:dripstone_block":15,"minecraft:gravel":2,"minecraft:porkchop":3,"minecraft:sand":104,"minecraft:diorite":9,"quark:oak_chest":2,"minecraft:spider_eye":6,"minecraft:stone_pressure_plate":2,"travelersbackpack:standard":2,"minecraft:arrow":10,"minecraft:rotten_flesh":14,"minecraft:diamond":6,"minecraft:stone_axe":2,"create:ochrum":27,"minecraft:iron_helmet":2,"minecraft:gold_ingot":2,"minecraft:bread":126,"minecraft:oak_sapling":2,"minecraft:coal":26,"minecraft:white_wool":3,"minecraft:cobblestone":350,"minecraft:sunflower":1},"minecraft:used":{"farmersdelight:iron_knife":9,"minecraft:wheat_seeds":113,"minecraft:iron_shovel":250,"minecraft:stone_pickaxe":141,"minecraft:oak_planks":64,"minecraft:oak_sign":3,"minecraft:oak_door":4,"minecraft:torch":9,"minecraft:dirt":5,"minecraft:crafting_table":11,"minecraft:dripstone_block":1,"minecraft:oak_log":22,"minecraft:string":1,"minecraft:bread":26,"minecraft:iron_pickaxe":135,"minecraft:stone_bricks":8,"minecraft:diamond_sword":35,"minecraft:stone_axe":50,"travelersbackpack:standard":1,"minecraft:cobblestone":41,"minecraft:furnace":5,"quark:oak_chest":6,"minecraft:iron_leggings":1},"minecraft:killed":{"minecraft:pig":1,"minecraft:spider":1,"minecraft:horse":2,"minecraft:skeleton":1,"minecraft:cow":5},"minecraft:crafted":{"minecraft:red_dye":2,"minecraft:oak_door":3,"minecraft:oak_planks":200,"minecraft:crafting_table":4,"travelersbackpack:backpack_tank":2,"travelersbackpack:standard":1,"minecraft:iron_sword":1,"minecraft:stone_axe":1,"minecraft:bread":83,"minecraft:air":0,"travelersbackpack:red_sleeping_bag":1,"minecraft:glass":16,"travelersbackpack:white_sleeping_bag":1,"minecraft:shield":1,"minecraft:stick":20,"quark:oak_chest":5,"minecraft:iron_ingot":2,"minecraft:iron_pickaxe":1,"minecraft:stone_pickaxe":6,"minecraft:iron_shovel":1}},"DataVersion":3465}