{"stats":{"minecraft:mined":{"create:zinc_ore":12,"minecraft:tuff":4,"minecraft:white_bed":7,"minecraft:deepslate_diamond_ore":7,"minecraft:granite":98,"minecraft:grass_block":16,"minecraft:spruce_leaves":11,"minecraft:raw_iron_block":1,"minecraft:iron_ore":27,"minecraft:cobbled_deepslate":3,"minecraft:bell":1,"minecraft:bookshelf":8,"minecraft:pointed_dripstone":1,"minecraft:water_cauldron":3,"minecraft:deepslate_iron_ore":21,"minecraft:cobblestone_slab":1,"minecraft:stone":192,"minecraft:podzol":3,"minecraft:crafting_table":4,"minecraft:torch":6,"minecraft:lectern":2,"minecraft:tall_grass":1,"minecraft:copper_ore":7,"minecraft:cobblestone":2,"minecraft:deepslate_gold_ore":13,"minecraft:sugar_cane":4,"minecraft:diorite":6,"minecraft:wall_torch":2,"minecraft:cobblestone_wall":1,"minecraft:sweet_berry_bush":4,"minecraft:spruce_log":15,"minecraft:yellow_bed":3,"quark:glow_shroom":4,"quark:deepslate_furnace":3,"minecraft:grass":40,"minecraft:oak_log":38,"minecraft:coal_ore":58,"minecraft:gravel":4,"minecraft:dirt":76,"minecraft:oak_leaves":1,"minecraft:deepslate":29,"minecraft:fern":1},"minecraft:broken":{"minecraft:stone_pickaxe":1},"minecraft:custom":{"minecraft:mob_kills":50,"minecraft:interact_with_crafting_table":24,"minecraft:bell_ring":6,"minecraft:leave_game":4,"minecraft:time_since_death":74125,"minecraft:sprint_one_cm":176549,"minecraft:walk_one_cm":177638,"minecraft:damage_blocked_by_shield":1440,"minecraft:drop":8,"minecraft:talked_to_villager":1,"minecraft:play_time":89194,"minecraft:deaths":1,"minecraft:sneak_time":10658,"minecraft:walk_under_water_one_cm":7514,"minecraft:jump":2030,"minecraft:walk_on_water_one_cm":20827,"minecraft:total_world_time":89194,"minecraft:interact_with_furnace":40,"minecraft:sleep_in_bed":1,"minecraft:time_since_rest":1523,"minecraft:damage_taken":2313,"minecraft:damage_dealt":8307,"minecraft:swim_one_cm":61399,"minecraft:fly_one_cm":324604,"minecraft:open_chest":10,"minecraft:crouch_one_cm":31387,"minecraft:fall_one_cm":56560},"minecraft:used":{"minecraft:stone_sword":78,"minecraft:stone_shovel":71,"minecraft:shield":71,"minecraft:iron_sword":37,"minecraft:bell":1,"minecraft:iron_chestplate":1,"minecraft:torch":97,"minecraft:dirt":21,"minecraft:tuff":4,"minecraft:granite":90,"minecraft:lava_bucket":1,"quark:deepslate_furnace":5,"minecraft:iron_helmet":1,"minecraft:iron_boots":1,"minecraft:sweet_berries":8,"minecraft:furnace":1,"minecraft:cobbled_deepslate":9,"minecraft:water_bucket":13,"minecraft:diorite":6,"minecraft:stone_pickaxe":254,"minecraft:oak_planks":18,"quark:forgotten_hat":1,"minecraft:wooden_pickaxe":22,"minecraft:cobblestone_slab":2,"minecraft:crafting_table":6,"minecraft:white_bed":7,"minecraft:bread":43,"minecraft:iron_pickaxe":227,"minecraft:stone_axe":92,"minecraft:cobblestone":67,"minecraft:bucket":14,"minecraft:yellow_bed":3,"quark:oak_chest":4},"minecraft:picked_up":{"minecraft:crafting_table":4,"minecraft:chicken":4,"minecraft:enchanted_book":1,"minecraft:string":10,"minecraft:raw_copper":25,"minecraft:zombie_head":1,"minecraft:cobbled_deepslate":41,"minecraft:beef":1,"minecraft:cobblestone_slab":1,"minecraft:lectern":2,"minecraft:sugar_cane":8,"minecraft:raw_iron":58,"minecraft:stick":1,"minecraft:torch":11,"minecraft:porkchop":6,"quark:deepslate_furnace":3,"minecraft:pointed_dripstone":10,"minecraft:diorite":6,"minecraft:cauldron":1,"minecraft:arrow":10,"minecraft:rotten_flesh":15,"minecraft:mutton":10,"minecraft:white_wool":6,"minecraft:bone_block":10,"minecraft:cobblestone":196,"minecraft:feather":3,"minecraft:glow_ink_sac":8,"minecraft:leather":2,"create:raw_zinc":12,"minecraft:tuff":4,"minecraft:oak_log":38,"minecraft:yellow_bed":3,"minecraft:gunpowder":1,"minecraft:dirt":93,"quark:forgotten_hat":1,"minecraft:name_tag":1,"minecraft:bone":11,"minecraft:bow":2,"minecraft:wheat_seeds":2,"minecraft:raw_gold":16,"minecraft:bell":1,"minecraft:rabbit_hide":7,"quark:glow_shroom":4,"minecraft:book":24,"minecraft:sweet_berries":8,"minecraft:raw_iron_block":1,"minecraft:dripstone_block":6,"minecraft:spruce_sapling":2,"minecraft:white_bed":7,"minecraft:spruce_log":15,"minecraft:diamond":7,"minecraft:granite":93,"minecraft:bread":4,"minecraft:coal":78},"minecraft:crafted":{"minecraft:oak_planks":136,"minecraft:raw_iron":9,"minecraft:cobblestone_slab":6,"minecraft:stone_shovel":1,"minecraft:furnace":1,"quark:deepslate_furnace":2,"minecraft:iron_boots":1,"minecraft:stone_pickaxe":3,"minecraft:crafting_table":4,"minecraft:spruce_planks":60,"minecraft:wooden_pickaxe":2,"minecraft:iron_helmet":1,"minecraft:iron_sword":1,"minecraft:bucket":1,"minecraft:stone_axe":2,"minecraft:air":0,"minecraft:iron_chestplate":1,"minecraft:charcoal":4,"minecraft:shield":1,"minecraft:stick":92,"quark:oak_chest":4,"minecraft:iron_ingot":44,"minecraft:stone_sword":2,"minecraft:torch":112},"minecraft:killed":{"minecraft:cave_spider":2,"minecraft:spider":1,"quark:forgotten":1,"minecraft:skeleton":8,"minecraft:chicken":4,"minecraft:pig":2,"minecraft:sheep":6,"minecraft:zombie":22,"minecraft:villager":1,"minecraft:cow":1},"minecraft:killed_by":{"minecraft:skeleton":1},"minecraft:dropped":{"minecraft:dripstone_block":6,"minecraft:granite":3,"minecraft:dirt":8,"minecraft:string":5,"minecraft:spruce_sapling":1,"minecraft:cobbled_deepslate":15,"minecraft:pointed_dripstone":5}},"DataVersion":3465}