{"stats":{"minecraft:mined":{"create:zinc_ore":12,"minecraft:tuff":4,"minecraft:white_bed":7,"minecraft:deepslate_diamond_ore":7,"minecraft:granite":98,"minecraft:grass_block":16,"minecraft:spruce_leaves":11,"minecraft:raw_iron_block":1,"minecraft:iron_ore":27,"minecraft:cobbled_deepslate":3,"minecraft:fletching_table":2,"minecraft:bell":1,"minecraft:bookshelf":8,"minecraft:pointed_dripstone":1,"minecraft:water_cauldron":3,"minecraft:deepslate_iron_ore":21,"minecraft:cobblestone_slab":1,"minecraft:stone":192,"minecraft:smithing_table":1,"minecraft:podzol":3,"minecraft:crafting_table":4,"minecraft:torch":6,"minecraft:blast_furnace":1,"minecraft:lectern":2,"minecraft:tall_grass":3,"minecraft:copper_ore":7,"minecraft:cobblestone":2,"minecraft:deepslate_gold_ore":13,"minecraft:sugar_cane":4,"minecraft:diorite":6,"minecraft:wall_torch":2,"minecraft:cobblestone_wall":1,"minecraft:sweet_berry_bush":4,"minecraft:spruce_log":22,"minecraft:yellow_bed":3,"quark:glow_shroom":4,"quark:deepslate_furnace":3,"minecraft:grass":76,"minecraft:oak_log":103,"minecraft:coal_ore":58,"minecraft:gravel":33,"minecraft:sand":20,"minecraft:dirt":76,"minecraft:oak_leaves":3,"minecraft:deepslate":29,"minecraft:fern":1},"minecraft:broken":{"minecraft:stone_pickaxe":1,"minecraft:stone_axe":1},"minecraft:custom":{"minecraft:mob_kills":56,"minecraft:interact_with_crafting_table":35,"minecraft:bell_ring":6,"minecraft:leave_game":6,"minecraft:time_since_death":113460,"minecraft:sprint_one_cm":227702,"minecraft:walk_one_cm":233668,"minecraft:damage_blocked_by_shield":1440,"minecraft:drop":8,"minecraft:talked_to_villager":57,"minecraft:play_time":128529,"minecraft:deaths":1,"minecraft:sneak_time":12618,"minecraft:walk_under_water_one_cm":7931,"minecraft:jump":2571,"minecraft:walk_on_water_one_cm":22800,"minecraft:total_world_time":128529,"minecraft:interact_with_furnace":64,"minecraft:traded_with_villager":103,"minecraft:sleep_in_bed":4,"minecraft:time_since_rest":5498,"minecraft:damage_taken":2313,"minecraft:damage_dealt":8932,"minecraft:swim_one_cm":65350,"minecraft:fly_one_cm":419175,"minecraft:open_chest":56,"minecraft:crouch_one_cm":40202,"minecraft:fall_one_cm":63730},"minecraft:used":{"minecraft:stone_sword":78,"minecraft:stone_shovel":130,"minecraft:shield":71,"minecraft:iron_sword":44,"minecraft:bell":1,"minecraft:iron_chestplate":1,"minecraft:torch":97,"minecraft:dirt":21,"minecraft:tuff":4,"minecraft:granite":90,"minecraft:lava_bucket":1,"quark:deepslate_furnace":5,"minecraft:iron_helmet":1,"minecraft:iron_boots":1,"minecraft:sweet_berries":8,"minecraft:furnace":1,"minecraft:cobbled_deepslate":9,"minecraft:water_bucket":13,"minecraft:diorite":6,"minecraft:stone_pickaxe":254,"minecraft:oak_planks":18,"quark:forgotten_hat":1,"minecraft:wooden_pickaxe":22,"minecraft:fletching_table":4,"minecraft:diamond_axe":74,"minecraft:cobblestone_slab":2,"minecraft:crafting_table":6,"minecraft:blast_furnace":2,"minecraft:white_bed":7,"minecraft:bread":49,"minecraft:iron_pickaxe":228,"minecraft:spruce_sapling":1,"minecraft:gravel":21,"minecraft:stone_axe":96,"minecraft:cobblestone":67,"travelersbackpack:standard":1,"minecraft:grindstone":1,"minecraft:smithing_table":2,"minecraft:bucket":15,"minecraft:yellow_bed":3,"quark:oak_chest":4,"minecraft:bone_meal":2},"minecraft:picked_up":{"minecraft:crafting_table":4,"minecraft:chicken":4,"minecraft:smithing_table":1,"minecraft:enchanted_book":1,"minecraft:string":10,"minecraft:raw_copper":25,"minecraft:zombie_head":1,"minecraft:cobbled_deepslate":41,"minecraft:beef":17,"minecraft:cobblestone_slab":1,"minecraft:lectern":2,"minecraft:sugar_cane":8,"minecraft:stick":3,"minecraft:raw_iron":58,"minecraft:torch":11,"minecraft:porkchop":6,"quark:deepslate_furnace":3,"minecraft:pointed_dripstone":10,"minecraft:diorite":6,"minecraft:cauldron":1,"minecraft:arrow":10,"minecraft:rotten_flesh":15,"minecraft:mutton":10,"minecraft:bone_block":10,"minecraft:white_wool":6,"minecraft:cobblestone":196,"minecraft:feather":3,"minecraft:glow_ink_sac":8,"minecraft:leather":5,"minecraft:flint":3,"minecraft:tuff":4,"create:raw_zinc":12,"minecraft:oak_log":103,"minecraft:yellow_bed":3,"minecraft:gunpowder":1,"minecraft:dirt":93,"quark:forgotten_hat":1,"minecraft:name_tag":1,"minecraft:bone":11,"minecraft:bow":3,"minecraft:wheat_seeds":7,"minecraft:raw_gold":16,"minecraft:rabbit_hide":7,"minecraft:bell":1,"quark:glow_shroom":4,"minecraft:fletching_table":2,"minecraft:book":24,"minecraft:sweet_berries":8,"minecraft:gravel":25,"minecraft:raw_iron_block":1,"minecraft:dripstone_block":6,"minecraft:sand":20,"minecraft:spruce_sapling":4,"minecraft:blast_furnace":1,"minecraft:white_bed":7,"minecraft:spruce_log":22,"minecraft:diamond":7,"minecraft:granite":93,"minecraft:bread":4,"minecraft:coal":78},"minecraft:crafted":{"minecraft:oak_planks":396,"minecraft:smooth_stone":9,"minecraft:raw_iron":9,"minecraft:cobblestone_slab":6,"minecraft:stone_shovel":1,"minecraft:furnace":7,"minecraft:blast_furnace":1,"minecraft:stone":9,"minecraft:bone_meal":33,"quark:deepslate_furnace":2,"minecraft:glass":20,"travelersbackpack:white_sleeping_bag":1,"minecraft:diamond_helmet":1,"minecraft:diamond_leggings":1,"minecraft:iron_boots":1,"minecraft:leather":1,"minecraft:iron_axe":1,"minecraft:stone_pickaxe":3,"minecraft:diamond_boots":1,"minecraft:emerald":97,"minecraft:diamond_axe":1,"minecraft:crafting_table":4,"minecraft:spruce_planks":60,"travelersbackpack:backpack_tank":2,"minecraft:wooden_pickaxe":2,"minecraft:iron_helmet":1,"travelersbackpack:standard":1,"minecraft:iron_sword":1,"minecraft:smithing_table":1,"minecraft:fletching_table":2,"minecraft:bucket":1,"minecraft:stone_axe":2,"minecraft:air":0,"minecraft:iron_chestplate":1,"minecraft:charcoal":4,"minecraft:shield":1,"minecraft:stick":652,"quark:oak_chest":5,"minecraft:iron_ingot":67,"minecraft:iron_pickaxe":2,"minecraft:stone_sword":2,"minecraft:gold_ingot":16,"minecraft:torch":112},"minecraft:killed":{"minecraft:cave_spider":2,"minecraft:spider":1,"quark:forgotten":1,"minecraft:skeleton":8,"minecraft:chicken":4,"minecraft:pig":2,"minecraft:sheep":6,"minecraft:zombie":22,"minecraft:villager":1,"minecraft:cow":7},"minecraft:killed_by":{"minecraft:skeleton":1},"minecraft:dropped":{"minecraft:dripstone_block":6,"minecraft:granite":3,"minecraft:dirt":8,"minecraft:string":5,"minecraft:spruce_sapling":1,"minecraft:cobbled_deepslate":15,"minecraft:pointed_dripstone":5}},"DataVersion":3465}