{"stats":{"minecraft:broken":{"minecraft:stone_pickaxe":1},"minecraft:custom":{"minecraft:interact_with_furnace":9,"minecraft:mob_kills":26,"minecraft:interact_with_crafting_table":8,"minecraft:leave_game":4,"minecraft:time_since_death":74194,"minecraft:sleep_in_bed":1,"minecraft:climb_one_cm":645,"minecraft:time_since_rest":42232,"minecraft:sprint_one_cm":102888,"minecraft:damage_taken":745,"minecraft:walk_one_cm":124029,"minecraft:damage_blocked_by_shield":390,"minecraft:drop":2,"minecraft:damage_dealt":3839,"minecraft:swim_one_cm":987,"minecraft:talked_to_villager":1,"minecraft:fly_one_cm":492911,"minecraft:open_chest":18,"minecraft:crouch_one_cm":23733,"minecraft:play_time":74194,"minecraft:sneak_time":9072,"minecraft:walk_under_water_one_cm":3639,"minecraft:jump":1067,"minecraft:aviate_one_cm":1442071,"minecraft:walk_on_water_one_cm":5803,"minecraft:total_world_time":74194,"minecraft:fall_one_cm":22623},"minecraft:used":{"minecraft:calcite":2,"minecraft:stone_sword":73,"minecraft:stone_pickaxe":126,"minecraft:oak_planks":1,"minecraft:elytra":1,"quark:jungle_chest":3,"minecraft:wooden_pickaxe":24,"minecraft:shield":18,"minecraft:torch":83,"minecraft:target":1,"minecraft:crafting_table":3,"minecraft:jungle_planks":2,"minecraft:tuff":1,"minecraft:firework_rocket":149,"quark:deepslate_furnace":1,"minecraft:bread":18,"minecraft:iron_pickaxe":53,"minecraft:item_frame":1,"minecraft:stone_axe":42,"minecraft:cobblestone":37,"minecraft:cobbled_deepslate":12},"minecraft:crafted":{"minecraft:oak_planks":36,"minecraft:stone_shovel":1,"minecraft:crafting_table":2,"minecraft:wooden_pickaxe":1,"quark:jungle_chest":3,"minecraft:bucket":1,"quark:deepslate_furnace":1,"minecraft:stone_axe":1,"minecraft:bread":51,"minecraft:air":0,"minecraft:jungle_planks":28,"minecraft:shield":1,"minecraft:stick":32,"minecraft:iron_ingot":23,"minecraft:stone_pickaxe":1,"minecraft:stone_sword":1,"minecraft:torch":80,"minecraft:wheat":153},"minecraft:mined":{"minecraft:tuff":1,"minecraft:deepslate_diamond_ore":1,"create_new_age:magnetite_block":3,"minecraft:crafting_table":2,"minecraft:torch":1,"minecraft:budding_amethyst":1,"minecraft:calcite":2,"minecraft:jungle_log":7,"minecraft:tall_grass":4,"minecraft:cobblestone":1,"minecraft:deepslate_gold_ore":9,"minecraft:oak_planks":1,"minecraft:diorite":2,"minecraft:wall_torch":2,"minecraft:amethyst_block":2,"minecraft:hay_block":17,"minecraft:iron_ore":23,"minecraft:cobbled_deepslate":1,"minecraft:andesite":9,"minecraft:target":1,"quark:deepslate_furnace":1,"minecraft:grass":4,"minecraft:oak_log":28,"minecraft:coal_ore":43,"minecraft:deepslate_iron_ore":24,"minecraft:smooth_basalt":2,"minecraft:stone":47,"create:veridium":2,"minecraft:gold_ore":1,"minecraft:deepslate":23},"minecraft:killed":{"minecraft:cave_spider":4,"minecraft:witch":1,"minecraft:zombie_villager":1,"minecraft:spider":4,"minecraft:sheep":2,"minecraft:skeleton":5,"minecraft:zombie":5,"minecraft:cow":4},"minecraft:dropped":{"minecraft:raw_iron":64,"minecraft:shield":1},"minecraft:picked_up":{"minecraft:crafting_table":2,"minecraft:iron_chestplate":4,"minecraft:andesite":9,"minecraft:jungle_log":7,"minecraft:leather":6,"minecraft:tuff":1,"minecraft:oak_log":28,"minecraft:shield":1,"minecraft:amethyst_block":1,"minecraft:string":8,"minecraft:armor_stand":4,"minecraft:iron_leggings":4,"minecraft:item_frame":1,"minecraft:bone":3,"minecraft:cobbled_deepslate":24,"minecraft:raw_gold":10,"create_new_age:magnetite_block":3,"minecraft:beef":7,"minecraft:calcite":2,"minecraft:iron_pickaxe":1,"minecraft:oak_planks":1,"minecraft:iron_boots":4,"minecraft:stick":2,"minecraft:raw_iron":122,"minecraft:smooth_basalt":2,"minecraft:torch":3,"quark:deepslate_furnace":1,"minecraft:target":1,"minecraft:diorite":2,"minecraft:spider_eye":1,"minecraft:tnt":1,"minecraft:arrow":2,"minecraft:rotten_flesh":4,"minecraft:diamond":1,"minecraft:iron_helmet":4,"minecraft:hay_block":17,"create:veridium":2,"minecraft:mutton":1,"minecraft:coal":84,"minecraft:white_wool":2,"minecraft:cobblestone":46}},"DataVersion":3465}