{"stats":{"minecraft:mined":{"minecraft:podzol":3,"create:zinc_ore":12,"minecraft:tuff":3,"minecraft:white_bed":7,"minecraft:deepslate_diamond_ore":1,"minecraft:crafting_table":3,"minecraft:torch":2,"minecraft:granite":94,"minecraft:grass_block":14,"minecraft:lectern":2,"minecraft:tall_grass":1,"minecraft:copper_ore":7,"minecraft:cobblestone":1,"minecraft:spruce_leaves":11,"minecraft:deepslate_gold_ore":13,"minecraft:sugar_cane":4,"minecraft:wall_torch":1,"minecraft:cobblestone_wall":1,"minecraft:cobbled_deepslate":3,"minecraft:iron_ore":23,"minecraft:sweet_berry_bush":4,"minecraft:spruce_log":15,"minecraft:yellow_bed":3,"quark:glow_shroom":4,"minecraft:bell":1,"minecraft:deepslate_iron_ore":11,"minecraft:grass":17,"minecraft:bookshelf":8,"minecraft:oak_log":38,"minecraft:pointed_dripstone":1,"minecraft:coal_ore":33,"minecraft:water_cauldron":3,"minecraft:cobblestone_slab":1,"minecraft:dirt":72,"minecraft:stone":172,"minecraft:oak_leaves":1,"minecraft:deepslate":25,"minecraft:fern":1},"minecraft:broken":{"minecraft:stone_pickaxe":1},"minecraft:used":{"minecraft:water_bucket":13,"minecraft:stone_sword":78,"minecraft:stone_pickaxe":254,"minecraft:stone_shovel":62,"minecraft:wooden_pickaxe":22,"minecraft:shield":56,"minecraft:cobblestone_slab":2,"minecraft:bell":1,"minecraft:torch":76,"minecraft:dirt":16,"minecraft:crafting_table":6,"minecraft:white_bed":7,"minecraft:granite":90,"quark:deepslate_furnace":2,"minecraft:bread":31,"minecraft:iron_pickaxe":140,"minecraft:stone_axe":80,"minecraft:cobblestone":48,"minecraft:sweet_berries":8,"minecraft:furnace":1,"minecraft:bucket":13,"minecraft:yellow_bed":3,"quark:oak_chest":4,"minecraft:cobbled_deepslate":9},"minecraft:custom":{"minecraft:interact_with_furnace":9,"minecraft:mob_kills":36,"minecraft:interact_with_crafting_table":18,"minecraft:bell_ring":6,"minecraft:leave_game":3,"minecraft:time_since_death":55652,"minecraft:time_since_rest":55677,"minecraft:sprint_one_cm":144861,"minecraft:damage_taken":1682,"minecraft:walk_one_cm":146014,"minecraft:damage_blocked_by_shield":1135,"minecraft:drop":4,"minecraft:damage_dealt":5315,"minecraft:swim_one_cm":59036,"minecraft:talked_to_villager":1,"minecraft:fly_one_cm":260530,"minecraft:open_chest":9,"minecraft:play_time":70721,"minecraft:crouch_one_cm":26869,"minecraft:sneak_time":8762,"minecraft:deaths":1,"minecraft:walk_under_water_one_cm":6985,"minecraft:jump":1527,"minecraft:walk_on_water_one_cm":18636,"minecraft:total_world_time":70721,"minecraft:fall_one_cm":45163},"minecraft:picked_up":{"minecraft:crafting_table":3,"minecraft:feather":3,"minecraft:chicken":4,"minecraft:glow_ink_sac":8,"minecraft:leather":2,"minecraft:tuff":2,"create:raw_zinc":12,"minecraft:oak_log":38,"minecraft:yellow_bed":3,"minecraft:gunpowder":1,"minecraft:string":3,"minecraft:dirt":88,"minecraft:raw_copper":25,"minecraft:zombie_head":1,"minecraft:bone":6,"minecraft:bow":2,"minecraft:wheat_seeds":1,"minecraft:cobbled_deepslate":28,"minecraft:raw_gold":16,"minecraft:bell":1,"quark:glow_shroom":4,"minecraft:beef":1,"minecraft:cobblestone_slab":1,"minecraft:lectern":2,"minecraft:sugar_cane":8,"minecraft:book":24,"minecraft:stick":1,"minecraft:raw_iron":44,"minecraft:sweet_berries":8,"minecraft:torch":6,"minecraft:dripstone_block":6,"minecraft:porkchop":6,"minecraft:spruce_sapling":2,"minecraft:pointed_dripstone":5,"minecraft:white_bed":7,"minecraft:spruce_log":15,"minecraft:cauldron":1,"minecraft:arrow":4,"minecraft:rotten_flesh":8,"minecraft:diamond":1,"minecraft:granite":93,"minecraft:bone_block":10,"minecraft:mutton":10,"minecraft:coal":33,"minecraft:white_wool":6,"minecraft:cobblestone":175},"minecraft:crafted":{"minecraft:oak_planks":136,"minecraft:cobblestone_slab":6,"minecraft:stone_shovel":1,"minecraft:crafting_table":4,"minecraft:spruce_planks":60,"minecraft:wooden_pickaxe":2,"minecraft:furnace":1,"minecraft:bucket":1,"quark:deepslate_furnace":2,"minecraft:stone_axe":2,"minecraft:air":0,"minecraft:charcoal":4,"minecraft:shield":1,"minecraft:stick":92,"quark:oak_chest":4,"minecraft:iron_ingot":5,"minecraft:stone_pickaxe":3,"minecraft:stone_sword":2,"minecraft:torch":96},"minecraft:killed":{"minecraft:cave_spider":1,"minecraft:pig":2,"minecraft:skeleton":6,"minecraft:sheep":6,"minecraft:zombie":13,"minecraft:chicken":4,"minecraft:villager":1,"minecraft:cow":1},"minecraft:killed_by":{"minecraft:skeleton":1},"minecraft:dropped":{"minecraft:granite":3,"minecraft:dirt":8,"minecraft:spruce_sapling":1}},"DataVersion":3465}