{"stats":{"minecraft:mined":{"minecraft:podzol":3,"create:zinc_ore":12,"minecraft:white_bed":7,"minecraft:crafting_table":3,"minecraft:torch":2,"minecraft:granite":94,"minecraft:grass_block":14,"minecraft:lectern":2,"minecraft:tall_grass":1,"minecraft:copper_ore":7,"minecraft:cobblestone":1,"minecraft:spruce_leaves":11,"minecraft:deepslate_gold_ore":13,"minecraft:sugar_cane":4,"minecraft:wall_torch":1,"minecraft:cobblestone_wall":1,"minecraft:cobbled_deepslate":1,"minecraft:iron_ore":23,"minecraft:sweet_berry_bush":4,"minecraft:spruce_log":15,"minecraft:yellow_bed":3,"minecraft:bell":1,"minecraft:grass":17,"minecraft:bookshelf":8,"minecraft:oak_log":38,"minecraft:pointed_dripstone":1,"minecraft:coal_ore":33,"minecraft:water_cauldron":3,"minecraft:cobblestone_slab":1,"minecraft:dirt":72,"minecraft:stone":172,"minecraft:oak_leaves":1,"minecraft:deepslate":2,"minecraft:fern":1},"minecraft:broken":{"minecraft:stone_pickaxe":1},"minecraft:used":{"minecraft:water_bucket":5,"minecraft:stone_sword":49,"minecraft:stone_pickaxe":254,"minecraft:stone_shovel":62,"minecraft:wooden_pickaxe":22,"minecraft:shield":13,"minecraft:cobblestone_slab":2,"minecraft:bell":1,"minecraft:torch":41,"minecraft:dirt":16,"minecraft:crafting_table":5,"minecraft:white_bed":7,"minecraft:granite":90,"minecraft:bread":19,"minecraft:iron_pickaxe":100,"minecraft:stone_axe":71,"minecraft:cobblestone":39,"minecraft:sweet_berries":8,"minecraft:furnace":1,"minecraft:bucket":6,"minecraft:yellow_bed":3,"quark:oak_chest":4,"minecraft:cobbled_deepslate":3},"minecraft:custom":{"minecraft:interact_with_furnace":5,"minecraft:mob_kills":25,"minecraft:interact_with_crafting_table":16,"minecraft:bell_ring":6,"minecraft:leave_game":2,"minecraft:time_since_death":43652,"minecraft:time_since_rest":43677,"minecraft:sprint_one_cm":120271,"minecraft:damage_taken":1049,"minecraft:walk_one_cm":116368,"minecraft:damage_blocked_by_shield":345,"minecraft:drop":4,"minecraft:damage_dealt":3262,"minecraft:swim_one_cm":58750,"minecraft:talked_to_villager":1,"minecraft:fly_one_cm":212857,"minecraft:open_chest":9,"minecraft:play_time":58721,"minecraft:crouch_one_cm":22616,"minecraft:sneak_time":6843,"minecraft:deaths":1,"minecraft:walk_under_water_one_cm":4424,"minecraft:jump":1191,"minecraft:walk_on_water_one_cm":13625,"minecraft:total_world_time":58721,"minecraft:fall_one_cm":36059},"minecraft:picked_up":{"minecraft:crafting_table":3,"minecraft:feather":3,"minecraft:chicken":4,"minecraft:leather":2,"create:raw_zinc":12,"minecraft:oak_log":38,"minecraft:yellow_bed":3,"minecraft:dirt":88,"minecraft:raw_copper":25,"minecraft:bone":6,"minecraft:bow":2,"minecraft:wheat_seeds":1,"minecraft:cobbled_deepslate":4,"minecraft:raw_gold":13,"minecraft:bell":1,"minecraft:beef":1,"minecraft:cobblestone_slab":1,"minecraft:lectern":2,"minecraft:sugar_cane":8,"minecraft:book":24,"minecraft:stick":1,"minecraft:raw_iron":23,"minecraft:sweet_berries":8,"minecraft:torch":3,"minecraft:dripstone_block":6,"minecraft:porkchop":6,"minecraft:spruce_sapling":2,"minecraft:pointed_dripstone":5,"minecraft:white_bed":7,"minecraft:spruce_log":15,"minecraft:cauldron":1,"minecraft:arrow":4,"minecraft:rotten_flesh":1,"minecraft:granite":93,"minecraft:mutton":10,"minecraft:coal":33,"minecraft:white_wool":6,"minecraft:cobblestone":175},"minecraft:crafted":{"minecraft:oak_planks":136,"minecraft:cobblestone_slab":6,"minecraft:stone_shovel":1,"minecraft:crafting_table":3,"minecraft:spruce_planks":60,"minecraft:wooden_pickaxe":2,"minecraft:furnace":1,"minecraft:bucket":1,"minecraft:stone_axe":2,"minecraft:air":0,"minecraft:charcoal":4,"minecraft:shield":1,"minecraft:stick":92,"quark:oak_chest":4,"minecraft:iron_ingot":5,"minecraft:stone_pickaxe":3,"minecraft:stone_sword":2,"minecraft:torch":96},"minecraft:killed":{"minecraft:pig":2,"minecraft:skeleton":6,"minecraft:sheep":6,"minecraft:zombie":4,"minecraft:chicken":4,"minecraft:villager":1,"minecraft:cow":1},"minecraft:killed_by":{"minecraft:skeleton":1},"minecraft:dropped":{"minecraft:granite":3,"minecraft:dirt":8,"minecraft:spruce_sapling":1}},"DataVersion":3465}