{"stats":{"minecraft:broken":{"minecraft:flint_and_steel":1,"minecraft:diamond_pickaxe":1,"minecraft:iron_pickaxe":1},"minecraft:custom":{"minecraft:interact_with_smithing_table":2,"minecraft:mob_kills":18,"minecraft:interact_with_crafting_table":84,"minecraft:open_barrel":35,"minecraft:leave_game":14,"minecraft:time_since_death":317715,"minecraft:climb_one_cm":15243,"minecraft:sprint_one_cm":440799,"minecraft:walk_one_cm":484937,"minecraft:drop":29,"minecraft:talked_to_villager":81,"minecraft:play_time":317715,"minecraft:sneak_time":46300,"minecraft:walk_under_water_one_cm":24836,"minecraft:boat_one_cm":15300,"minecraft:jump":4173,"minecraft:interact_with_blast_furnace":28,"minecraft:walk_on_water_one_cm":25083,"minecraft:total_world_time":317715,"minecraft:interact_with_furnace":74,"minecraft:traded_with_villager":223,"minecraft:sleep_in_bed":11,"minecraft:time_since_rest":127721,"minecraft:damage_taken":539,"minecraft:damage_dealt":3774,"minecraft:swim_one_cm":50240,"minecraft:fly_one_cm":801242,"minecraft:open_chest":311,"minecraft:crouch_one_cm":195804,"minecraft:fall_one_cm":68170,"minecraft:horse_one_cm":122117},"minecraft:dropped":{"ars_nouveau:novice_spell_book":1,"minecraft:wheat_seeds":6,"minecraft:diamond_axe":1,"minecraft:oak_fence":2,"minecraft:iron_helmet":1,"minecraft:leather":4,"ars_nouveau:bastion_pod":1,"minecraft:flint":1,"minecraft:item_frame":1,"minecraft:dirt":26,"minecraft:ink_sac":1,"minecraft:iron_leggings":2,"minecraft:moss_carpet":1,"minecraft:stone_axe":1,"minecraft:stone_sword":2,"minecraft:oak_planks":1,"minecraft:iron_boots":1,"minecraft:chainmail_chestplate":2,"minecraft:flower_pot":1,"minecraft:diamond_pickaxe":1,"minecraft:iron_chestplate":1,"minecraft:jungle_log":64},"minecraft:picked_up":{"minecraft:crafting_table":2,"create_new_age:thorium":26,"minecraft:redstone_block":2,"minecraft:flower_pot":5,"minecraft:smithing_table":2,"minecraft:oak_stairs":6,"minecraft:stone_brick_wall":2,"minecraft:stone_brick_stairs":4,"minecraft:oak_trapdoor":2,"minecraft:string":27,"minecraft:moss_carpet":9,"minecraft:raw_copper":45,"minecraft:item_frame":1,"minecraft:white_carpet":1,"minecraft:experience_bottle":1,"minecraft:blue_orchid":2,"minecraft:cobbled_deepslate":72,"minecraft:comparator":1,"minecraft:beef":2,"minecraft:oak_boat":1,"minecraft:cobblestone_slab":1,"minecraft:jungle_sapling":16,"minecraft:coal_block":6,"minecraft:chest":8,"minecraft:birch_sapling":1,"minecraft:furnace":16,"minecraft:egg":1,"minecraft:beehive":1,"minecraft:stick":29,"minecraft:raw_iron":14,"ars_nouveau:purple_archwood_log":63,"minecraft:stone":192,"minecraft:oak_door":1,"minecraft:oak_fence":2,"minecraft:torch":20,"quark:blossom_log":1,"quark:deepslate_furnace":1,"minecraft:stone_button":2,"minecraft:diorite":724,"minecraft:redstone":37,"minecraft:stone_sword":8,"minecraft:rotten_flesh":4,"minecraft:shears":1,"minecraft:hay_block":24,"minecraft:obsidian":4,"minecraft:mutton":1,"minecraft:white_wool":1,"minecraft:cobblestone":1160,"minecraft:oxeye_daisy":1,"minecraft:stripped_oak_log":9,"minecraft:birch_log":16,"farmersdelight:rich_soil":1,"minecraft:lilac":1,"minecraft:tripwire_hook":2,"minecraft:andesite":132,"minecraft:jungle_log":695,"minecraft:leather":3,"minecraft:smoker":1,"minecraft:flint":6,"minecraft:oak_log":263,"minecraft:tuff":3,"create:raw_zinc":12,"minecraft:yellow_bed":9,"minecraft:gunpowder":2,"ars_nouveau:glyph_amplify":1,"minecraft:lapis_lazuli":1,"minecraft:dirt":439,"minecraft:lantern":4,"minecraft:stone_bricks":3,"minecraft:wheat_seeds":15,"minecraft:raw_gold":2,"create_new_age:magnetite_block":8,"minecraft:bell":1,"minecraft:iron_ingot":4,"minecraft:oak_planks":1,"minecraft:acacia_sapling":2,"minecraft:book":93,"minecraft:scaffolding":26,"minecraft:oak_slab":1,"ars_nouveau:novice_spell_book":1,"minecraft:gravel":29,"ars_nouveau:bastion_pod":6,"minecraft:sand":16,"minecraft:blast_furnace":6,"minecraft:ink_sac":1,"minecraft:white_bed":2,"quark:oak_chest":6,"minecraft:spider_eye":2,"minecraft:lever":2,"minecraft:chainmail_leggings":2,"ars_nouveau:glyph_summon_steed":1,"minecraft:granite":37,"minecraft:diamond_axe":2,"quark:hollow_birch_log":6,"minecraft:spruce_button":1,"minecraft:bread":13,"minecraft:oak_sapling":8,"minecraft:coal":36},"minecraft:used":{"minecraft:oak_trapdoor":2,"minecraft:stone_sword":65,"minecraft:flint_and_steel":64,"minecraft:stone_shovel":66,"minecraft:chest":35,"farmersdelight:rich_soil":1,"minecraft:oak_door":1,"minecraft:torch":58,"minecraft:dirt":43,"minecraft:beehive":1,"quark:deepslate_furnace":1,"minecraft:lantern":10,"minecraft:oak_stairs":41,"minecraft:stone_brick_stairs":24,"minecraft:barrel":6,"minecraft:stone_bricks":137,"minecraft:tripwire_hook":2,"minecraft:hay_block":19,"minecraft:furnace":20,"minecraft:egg":1,"quark:blossom_log":1,"minecraft:water_bucket":13,"minecraft:diorite":138,"minecraft:oak_planks":8,"minecraft:diamond_axe":1143,"minecraft:fletching_table":2,"minecraft:cobblestone_slab":4,"minecraft:oak_slab":19,"minecraft:blast_furnace":6,"minecraft:crafting_table":5,"minecraft:white_bed":2,"minecraft:smoker":1,"minecraft:shears":8,"minecraft:oak_log":70,"minecraft:lever":2,"minecraft:diamond_pickaxe":1974,"minecraft:diamond_shovel":408,"minecraft:iron_pickaxe":274,"minecraft:stone_button":1,"minecraft:bread":39,"minecraft:string":20,"minecraft:gravel":16,"minecraft:stone_axe":16,"minecraft:cobblestone":93,"travelersbackpack:standard":8,"minecraft:smithing_table":3,"quark:oak_chest":43,"minecraft:bucket":17,"minecraft:chain":1,"minecraft:oak_boat":1,"minecraft:yellow_bed":7,"minecraft:stripped_oak_log":9,"ars_nouveau:scribes_table":1,"minecraft:experience_bottle":1},"minecraft:mined":{"create:zinc_ore":12,"minecraft:tuff":3,"minecraft:white_bed":2,"farmersdelight:rich_soil":1,"minecraft:jungle_leaves":76,"minecraft:potted_blue_orchid":2,"minecraft:obsidian":4,"minecraft:granite":37,"minecraft:lever":1,"minecraft:stone_brick_wall":2,"minecraft:stone_button":2,"minecraft:grass_block":313,"minecraft:jungle_log":632,"create_new_age:thorium_ore":6,"minecraft:redstone_wire":2,"minecraft:coal_block":6,"quark:hollow_birch_log":6,"minecraft:hay_block":24,"minecraft:oak_trapdoor":2,"minecraft:furnace":16,"minecraft:iron_ore":1,"minecraft:fire":9,"minecraft:andesite":132,"minecraft:moss_carpet":7,"minecraft:bookshelf":31,"minecraft:vine":12,"minecraft:deepslate_iron_ore":13,"minecraft:cobblestone_slab":1,"minecraft:oak_stairs":6,"minecraft:lantern":3,"minecraft:stripped_oak_log":9,"minecraft:stone":1059,"ars_nouveau:purple_archwood_log":63,"minecraft:tripwire":11,"minecraft:smithing_table":2,"minecraft:deepslate_redstone_ore":8,"minecraft:oak_slab":1,"minecraft:scaffolding":16,"minecraft:redstone_block":2,"minecraft:comparator":1,"quark:oak_chest":6,"minecraft:smoker":1,"create_new_age:magnetite_block":8,"minecraft:oak_fence":2,"minecraft:crafting_table":2,"minecraft:torch":8,"minecraft:spruce_button":1,"minecraft:blast_furnace":6,"minecraft:chest":8,"quark:blossom_log":1,"minecraft:copper_ore":13,"minecraft:potted_oxeye_daisy":1,"minecraft:tall_grass":20,"minecraft:cobblestone":62,"minecraft:deepslate_gold_ore":2,"minecraft:potted_acacia_sapling":2,"minecraft:wall_torch":11,"minecraft:diorite":725,"minecraft:beehive":1,"minecraft:birch_log":16,"minecraft:lilac":1,"minecraft:white_carpet":1,"minecraft:birch_leaves":7,"minecraft:yellow_bed":9,"minecraft:stone_brick_stairs":4,"quark:deepslate_furnace":1,"minecraft:grass":108,"minecraft:coal_ore":20,"minecraft:oak_log":262,"minecraft:gravel":35,"minecraft:sand":16,"minecraft:dirt":111,"minecraft:cobweb":1,"minecraft:stone_bricks":4,"minecraft:oak_leaves":63,"minecraft:deepslate":72,"minecraft:fern":1},"minecraft:crafted":{"minecraft:oak_planks":848,"minecraft:cobblestone_slab":12,"minecraft:coal":27,"minecraft:barrel":9,"minecraft:tripwire_hook":2,"ars_nouveau:archwood_planks":8,"minecraft:iron_nugget":153,"quark:jungle_chest":31,"minecraft:chain":3,"minecraft:birch_slab":12,"minecraft:furnace":8,"minecraft:stone":336,"minecraft:lever":1,"minecraft:bone_meal":54,"minecraft:diamond_shovel":1,"ars_nouveau:archwood_slab":12,"minecraft:flint_and_steel":1,"minecraft:oak_trapdoor":4,"minecraft:glass":16,"minecraft:lantern":10,"travelersbackpack:white_sleeping_bag":1,"minecraft:diamond_helmet":1,"minecraft:diamond_leggings":1,"ars_nouveau:novice_spell_book":1,"minecraft:iron_axe":1,"minecraft:chest":38,"minecraft:diamond_boots":1,"minecraft:stone_bricks":320,"minecraft:wheat":45,"minecraft:oak_slab":30,"minecraft:emerald":212,"minecraft:diamond_axe":1,"minecraft:crafting_table":6,"travelersbackpack:backpack_tank":2,"travelersbackpack:standard":1,"minecraft:iron_sword":2,"minecraft:chainmail_chestplate":2,"minecraft:smithing_table":1,"minecraft:fletching_table":2,"minecraft:birch_planks":64,"minecraft:bread":15,"minecraft:air":0,"minecraft:jungle_planks":2524,"minecraft:oak_boat":1,"minecraft:stone_brick_stairs":24,"minecraft:diamond_pickaxe":3,"minecraft:gold_nugget":9,"minecraft:stick":5348,"quark:oak_chest":45,"minecraft:iron_ingot":355,"minecraft:iron_pickaxe":2,"minecraft:oak_stairs":40,"minecraft:iron_shovel":1,"minecraft:gold_ingot":10,"ars_nouveau:scribes_table":1,"minecraft:torch":132,"minecraft:shears":1,"minecraft:diamond_chestplate":1},"minecraft:killed":{"minecraft:spider":4,"minecraft:horse":1,"ars_nouveau:summon_horse":1,"minecraft:iron_golem":1,"minecraft:creeper":1,"minecraft:sheep":1,"minecraft:zombie":5,"minecraft:villager":3,"minecraft:cow":1}},"DataVersion":3465}