{"stats":{"minecraft:picked_up":{"minecraft:crafting_table":1,"create_new_age:thorium":26,"minecraft:redstone_block":1,"minecraft:flower_pot":5,"minecraft:smithing_table":2,"minecraft:oak_stairs":6,"minecraft:stone_brick_wall":2,"minecraft:stone_brick_stairs":4,"minecraft:raw_copper":45,"minecraft:string":25,"minecraft:oak_trapdoor":2,"minecraft:moss_carpet":9,"minecraft:item_frame":1,"minecraft:experience_bottle":1,"minecraft:blue_orchid":2,"minecraft:beef":2,"minecraft:cobblestone_slab":1,"minecraft:jungle_sapling":16,"minecraft:coal_block":6,"minecraft:chest":8,"minecraft:birch_sapling":1,"minecraft:furnace":16,"minecraft:egg":1,"minecraft:beehive":1,"minecraft:stick":29,"ars_nouveau:purple_archwood_log":63,"minecraft:stone":192,"minecraft:oak_door":1,"minecraft:oak_fence":2,"minecraft:torch":15,"quark:blossom_log":1,"quark:deepslate_furnace":1,"minecraft:stone_button":2,"minecraft:diorite":724,"minecraft:stone_sword":8,"minecraft:rotten_flesh":2,"minecraft:shears":1,"minecraft:hay_block":24,"minecraft:obsidian":4,"minecraft:mutton":1,"minecraft:white_wool":1,"minecraft:cobblestone":1140,"minecraft:oxeye_daisy":1,"minecraft:birch_log":16,"minecraft:stripped_oak_log":9,"minecraft:lilac":1,"minecraft:tripwire_hook":2,"minecraft:andesite":121,"minecraft:jungle_log":695,"minecraft:leather":3,"minecraft:smoker":1,"minecraft:flint":6,"minecraft:oak_log":258,"create:raw_zinc":12,"minecraft:yellow_bed":9,"minecraft:gunpowder":2,"ars_nouveau:glyph_amplify":1,"minecraft:lapis_lazuli":1,"minecraft:dirt":436,"minecraft:lantern":4,"minecraft:stone_bricks":3,"minecraft:wheat_seeds":15,"create_new_age:magnetite_block":8,"minecraft:bell":1,"minecraft:iron_ingot":3,"minecraft:oak_planks":1,"minecraft:acacia_sapling":2,"minecraft:book":69,"minecraft:scaffolding":26,"minecraft:oak_slab":1,"ars_nouveau:novice_spell_book":1,"minecraft:gravel":24,"ars_nouveau:bastion_pod":6,"minecraft:sand":16,"minecraft:blast_furnace":6,"minecraft:ink_sac":1,"minecraft:white_bed":2,"quark:oak_chest":6,"minecraft:spider_eye":1,"minecraft:lever":2,"minecraft:chainmail_leggings":2,"ars_nouveau:glyph_summon_steed":1,"minecraft:granite":37,"minecraft:diamond_axe":2,"quark:hollow_birch_log":6,"minecraft:bread":13,"minecraft:spruce_button":1,"minecraft:oak_sapling":8,"minecraft:coal":35},"minecraft:custom":{"minecraft:interact_with_smithing_table":2,"minecraft:mob_kills":16,"minecraft:interact_with_crafting_table":80,"minecraft:open_barrel":24,"minecraft:leave_game":13,"minecraft:time_since_death":294458,"minecraft:climb_one_cm":15195,"minecraft:sprint_one_cm":393141,"minecraft:walk_one_cm":462649,"minecraft:drop":29,"minecraft:talked_to_villager":81,"minecraft:play_time":294458,"minecraft:sneak_time":44583,"minecraft:walk_under_water_one_cm":22611,"minecraft:jump":3776,"minecraft:interact_with_blast_furnace":28,"minecraft:walk_on_water_one_cm":20589,"minecraft:total_world_time":294458,"minecraft:interact_with_furnace":74,"minecraft:traded_with_villager":223,"minecraft:sleep_in_bed":11,"minecraft:time_since_rest":104464,"minecraft:damage_taken":473,"minecraft:damage_dealt":3484,"minecraft:swim_one_cm":45046,"minecraft:fly_one_cm":709716,"minecraft:open_chest":244,"minecraft:crouch_one_cm":190214,"minecraft:fall_one_cm":57793,"minecraft:horse_one_cm":122117},"minecraft:broken":{"minecraft:flint_and_steel":1,"minecraft:diamond_pickaxe":1,"minecraft:iron_pickaxe":1},"minecraft:used":{"minecraft:oak_trapdoor":2,"minecraft:stone_sword":57,"minecraft:flint_and_steel":64,"minecraft:stone_shovel":66,"minecraft:chest":35,"minecraft:oak_door":1,"minecraft:torch":43,"minecraft:dirt":43,"minecraft:beehive":1,"quark:deepslate_furnace":1,"minecraft:lantern":10,"minecraft:oak_stairs":41,"minecraft:stone_brick_stairs":24,"minecraft:barrel":6,"minecraft:stone_bricks":137,"minecraft:tripwire_hook":2,"minecraft:hay_block":19,"minecraft:furnace":18,"minecraft:egg":1,"quark:blossom_log":1,"minecraft:water_bucket":9,"minecraft:diorite":138,"minecraft:oak_planks":8,"minecraft:diamond_axe":1131,"minecraft:fletching_table":2,"minecraft:cobblestone_slab":4,"minecraft:oak_slab":19,"minecraft:crafting_table":4,"minecraft:blast_furnace":5,"minecraft:white_bed":2,"minecraft:shears":8,"minecraft:oak_log":70,"minecraft:lever":2,"minecraft:diamond_pickaxe":1831,"minecraft:diamond_shovel":401,"minecraft:iron_pickaxe":274,"minecraft:stone_button":1,"minecraft:bread":35,"minecraft:string":20,"minecraft:gravel":16,"minecraft:stone_axe":16,"minecraft:cobblestone":93,"travelersbackpack:standard":8,"minecraft:smithing_table":3,"minecraft:bucket":13,"minecraft:chain":1,"quark:oak_chest":43,"minecraft:yellow_bed":7,"minecraft:stripped_oak_log":9,"ars_nouveau:scribes_table":1,"minecraft:experience_bottle":1},"minecraft:crafted":{"minecraft:oak_planks":828,"minecraft:cobblestone_slab":12,"minecraft:coal":27,"minecraft:barrel":9,"minecraft:tripwire_hook":2,"minecraft:iron_nugget":153,"ars_nouveau:archwood_planks":8,"quark:jungle_chest":31,"minecraft:chain":3,"minecraft:birch_slab":12,"minecraft:furnace":8,"minecraft:stone":336,"minecraft:lever":1,"minecraft:diamond_shovel":1,"ars_nouveau:archwood_slab":12,"minecraft:flint_and_steel":1,"minecraft:oak_trapdoor":4,"minecraft:glass":16,"minecraft:lantern":10,"travelersbackpack:white_sleeping_bag":1,"minecraft:diamond_helmet":1,"minecraft:diamond_leggings":1,"ars_nouveau:novice_spell_book":1,"minecraft:iron_axe":1,"minecraft:chest":38,"minecraft:diamond_boots":1,"minecraft:stone_bricks":320,"minecraft:oak_slab":30,"minecraft:emerald":212,"minecraft:diamond_axe":1,"minecraft:crafting_table":5,"travelersbackpack:backpack_tank":2,"travelersbackpack:standard":1,"minecraft:iron_sword":1,"minecraft:chainmail_chestplate":2,"minecraft:smithing_table":1,"minecraft:fletching_table":2,"minecraft:birch_planks":64,"minecraft:air":0,"minecraft:jungle_planks":2524,"minecraft:stone_brick_stairs":24,"minecraft:diamond_pickaxe":3,"minecraft:gold_nugget":9,"minecraft:stick":5348,"quark:oak_chest":45,"minecraft:iron_ingot":355,"minecraft:iron_pickaxe":2,"minecraft:oak_stairs":40,"minecraft:iron_shovel":1,"minecraft:gold_ingot":10,"ars_nouveau:scribes_table":1,"minecraft:torch":132,"minecraft:shears":1,"minecraft:diamond_chestplate":1},"minecraft:mined":{"create:zinc_ore":12,"minecraft:white_bed":2,"minecraft:jungle_leaves":76,"minecraft:potted_blue_orchid":2,"minecraft:obsidian":4,"minecraft:lever":1,"minecraft:granite":37,"minecraft:stone_brick_wall":2,"minecraft:stone_button":2,"minecraft:grass_block":313,"minecraft:jungle_log":632,"create_new_age:thorium_ore":6,"minecraft:coal_block":6,"quark:hollow_birch_log":6,"minecraft:hay_block":24,"minecraft:oak_trapdoor":2,"minecraft:furnace":16,"minecraft:fire":9,"minecraft:andesite":121,"minecraft:moss_carpet":7,"minecraft:bookshelf":24,"minecraft:vine":12,"minecraft:cobblestone_slab":1,"minecraft:oak_stairs":6,"minecraft:lantern":3,"minecraft:stripped_oak_log":9,"minecraft:stone":1039,"ars_nouveau:purple_archwood_log":63,"minecraft:tripwire":11,"minecraft:smithing_table":2,"minecraft:scaffolding":16,"minecraft:oak_slab":1,"minecraft:redstone_block":1,"quark:oak_chest":6,"minecraft:smoker":1,"create_new_age:magnetite_block":8,"minecraft:crafting_table":1,"minecraft:oak_fence":2,"minecraft:torch":2,"minecraft:spruce_button":1,"minecraft:blast_furnace":6,"minecraft:chest":8,"quark:blossom_log":1,"minecraft:potted_oxeye_daisy":1,"minecraft:copper_ore":13,"minecraft:tall_grass":20,"minecraft:cobblestone":62,"minecraft:potted_acacia_sapling":2,"minecraft:diorite":725,"minecraft:wall_torch":11,"minecraft:beehive":1,"minecraft:birch_log":16,"minecraft:lilac":1,"minecraft:birch_leaves":7,"minecraft:yellow_bed":9,"minecraft:stone_brick_stairs":4,"quark:deepslate_furnace":1,"minecraft:grass":106,"minecraft:oak_log":258,"minecraft:coal_ore":19,"minecraft:gravel":30,"minecraft:sand":16,"minecraft:dirt":108,"minecraft:cobweb":1,"minecraft:stone_bricks":4,"minecraft:oak_leaves":61,"minecraft:fern":1},"minecraft:killed":{"minecraft:spider":3,"minecraft:horse":1,"ars_nouveau:summon_horse":1,"minecraft:iron_golem":1,"minecraft:creeper":1,"minecraft:sheep":1,"minecraft:zombie":4,"minecraft:villager":3,"minecraft:cow":1},"minecraft:dropped":{"ars_nouveau:novice_spell_book":1,"minecraft:wheat_seeds":6,"minecraft:diamond_axe":1,"minecraft:oak_fence":2,"minecraft:iron_helmet":1,"minecraft:leather":4,"ars_nouveau:bastion_pod":1,"minecraft:flint":1,"minecraft:item_frame":1,"minecraft:dirt":26,"minecraft:ink_sac":1,"minecraft:iron_leggings":2,"minecraft:moss_carpet":1,"minecraft:stone_axe":1,"minecraft:stone_sword":2,"minecraft:oak_planks":1,"minecraft:iron_boots":1,"minecraft:chainmail_chestplate":2,"minecraft:flower_pot":1,"minecraft:diamond_pickaxe":1,"minecraft:iron_chestplate":1,"minecraft:jungle_log":64}},"DataVersion":3465}