{"stats":{"minecraft:broken":{"minecraft:flint_and_steel":1,"minecraft:iron_pickaxe":1},"minecraft:custom":{"minecraft:interact_with_smithing_table":1,"minecraft:mob_kills":9,"minecraft:interact_with_crafting_table":54,"minecraft:leave_game":12,"minecraft:time_since_death":199464,"minecraft:climb_one_cm":14655,"minecraft:sprint_one_cm":272988,"minecraft:walk_one_cm":304918,"minecraft:drop":28,"minecraft:talked_to_villager":73,"minecraft:play_time":199464,"minecraft:sneak_time":35770,"minecraft:walk_under_water_one_cm":9284,"minecraft:jump":2719,"minecraft:interact_with_blast_furnace":23,"minecraft:walk_on_water_one_cm":12365,"minecraft:total_world_time":199464,"minecraft:interact_with_furnace":43,"minecraft:traded_with_villager":206,"minecraft:sleep_in_bed":11,"minecraft:time_since_rest":9470,"minecraft:damage_taken":429,"minecraft:damage_dealt":2733,"minecraft:swim_one_cm":30633,"minecraft:fly_one_cm":518201,"minecraft:open_chest":91,"minecraft:crouch_one_cm":160012,"minecraft:fall_one_cm":37599,"minecraft:horse_one_cm":122117},"minecraft:used":{"minecraft:stone_sword":37,"minecraft:flint_and_steel":64,"minecraft:stone_shovel":66,"minecraft:oak_door":1,"minecraft:torch":32,"minecraft:dirt":25,"minecraft:beehive":1,"quark:deepslate_furnace":1,"minecraft:lantern":1,"minecraft:oak_stairs":23,"minecraft:hay_block":19,"minecraft:furnace":2,"minecraft:egg":1,"quark:blossom_log":1,"minecraft:water_bucket":5,"minecraft:diorite":19,"minecraft:oak_planks":2,"minecraft:cobblestone_slab":4,"minecraft:diamond_axe":953,"minecraft:fletching_table":2,"minecraft:oak_slab":4,"minecraft:crafting_table":2,"minecraft:blast_furnace":5,"minecraft:white_bed":2,"minecraft:oak_log":23,"minecraft:diamond_pickaxe":1444,"minecraft:diamond_shovel":396,"minecraft:iron_pickaxe":274,"minecraft:bread":27,"minecraft:stone_button":1,"minecraft:gravel":16,"minecraft:stone_axe":16,"minecraft:cobblestone":52,"travelersbackpack:standard":8,"minecraft:smithing_table":3,"minecraft:bucket":9,"minecraft:chain":1,"minecraft:yellow_bed":7,"quark:oak_chest":7,"ars_nouveau:scribes_table":1,"minecraft:experience_bottle":1},"minecraft:crafted":{"minecraft:oak_planks":508,"minecraft:cobblestone_slab":12,"minecraft:coal":27,"minecraft:iron_nugget":27,"ars_nouveau:archwood_planks":8,"minecraft:chain":3,"minecraft:diamond_shovel":1,"ars_nouveau:archwood_slab":12,"minecraft:oak_trapdoor":4,"minecraft:flint_and_steel":1,"minecraft:glass":16,"minecraft:lantern":2,"travelersbackpack:white_sleeping_bag":1,"minecraft:diamond_helmet":1,"minecraft:diamond_leggings":1,"ars_nouveau:novice_spell_book":1,"minecraft:iron_axe":1,"minecraft:diamond_boots":1,"minecraft:oak_slab":6,"minecraft:emerald":196,"minecraft:diamond_axe":1,"minecraft:crafting_table":2,"travelersbackpack:backpack_tank":2,"travelersbackpack:standard":1,"minecraft:iron_sword":1,"minecraft:chainmail_chestplate":2,"minecraft:smithing_table":1,"minecraft:fletching_table":2,"minecraft:birch_planks":36,"minecraft:air":0,"minecraft:jungle_planks":2048,"minecraft:diamond_pickaxe":2,"minecraft:gold_nugget":9,"minecraft:stick":4892,"quark:oak_chest":8,"minecraft:iron_ingot":320,"minecraft:iron_pickaxe":2,"minecraft:oak_stairs":24,"minecraft:iron_shovel":1,"minecraft:gold_ingot":10,"ars_nouveau:scribes_table":1,"minecraft:torch":132,"minecraft:diamond_chestplate":1},"minecraft:mined":{"create:zinc_ore":12,"minecraft:white_bed":2,"minecraft:jungle_leaves":76,"minecraft:granite":37,"minecraft:stone_button":2,"minecraft:grass_block":313,"minecraft:jungle_log":632,"create_new_age:thorium_ore":5,"minecraft:coal_block":3,"quark:hollow_birch_log":6,"minecraft:hay_block":24,"minecraft:furnace":4,"minecraft:fire":9,"minecraft:andesite":121,"minecraft:moss_carpet":7,"minecraft:bookshelf":2,"minecraft:cobblestone_slab":1,"minecraft:vine":12,"minecraft:oak_stairs":4,"minecraft:stripped_oak_log":6,"minecraft:stone":831,"ars_nouveau:purple_archwood_log":63,"minecraft:smithing_table":2,"create_new_age:magnetite_block":8,"minecraft:oak_fence":2,"minecraft:torch":1,"minecraft:spruce_button":1,"minecraft:blast_furnace":5,"quark:blossom_log":1,"minecraft:tall_grass":16,"minecraft:copper_ore":13,"minecraft:cobblestone":21,"minecraft:potted_acacia_sapling":1,"minecraft:diorite":631,"minecraft:wall_torch":3,"minecraft:beehive":1,"minecraft:birch_log":9,"minecraft:lilac":1,"minecraft:birch_leaves":7,"minecraft:yellow_bed":9,"minecraft:grass":87,"minecraft:coal_ore":19,"minecraft:oak_log":183,"minecraft:gravel":30,"minecraft:sand":16,"minecraft:dirt":101,"minecraft:oak_leaves":41,"minecraft:fern":1},"minecraft:killed":{"minecraft:spider":1,"minecraft:horse":1,"ars_nouveau:summon_horse":1,"minecraft:iron_golem":1,"minecraft:creeper":1,"minecraft:sheep":1,"minecraft:villager":2,"minecraft:cow":1},"minecraft:dropped":{"ars_nouveau:novice_spell_book":1,"minecraft:wheat_seeds":6,"minecraft:diamond_axe":1,"minecraft:oak_fence":2,"minecraft:iron_helmet":1,"minecraft:leather":4,"ars_nouveau:bastion_pod":1,"minecraft:flint":1,"minecraft:item_frame":1,"minecraft:dirt":26,"minecraft:ink_sac":1,"minecraft:iron_leggings":2,"minecraft:moss_carpet":1,"minecraft:stone_axe":1,"minecraft:stone_sword":1,"minecraft:oak_planks":1,"minecraft:iron_boots":1,"minecraft:chainmail_chestplate":2,"minecraft:flower_pot":1,"minecraft:diamond_pickaxe":1,"minecraft:iron_chestplate":1,"minecraft:jungle_log":64},"minecraft:picked_up":{"create_new_age:thorium":16,"minecraft:flower_pot":1,"minecraft:smithing_table":2,"minecraft:oak_stairs":4,"minecraft:raw_copper":45,"minecraft:string":2,"minecraft:moss_carpet":9,"minecraft:item_frame":1,"minecraft:experience_bottle":1,"minecraft:beef":2,"minecraft:cobblestone_slab":1,"minecraft:jungle_sapling":16,"minecraft:coal_block":3,"minecraft:birch_sapling":1,"minecraft:furnace":4,"minecraft:egg":1,"minecraft:beehive":1,"minecraft:stick":26,"ars_nouveau:purple_archwood_log":63,"minecraft:oak_door":1,"minecraft:oak_fence":2,"minecraft:torch":4,"quark:blossom_log":1,"minecraft:stone_button":2,"minecraft:diorite":596,"minecraft:stone_sword":6,"minecraft:hay_block":24,"minecraft:mutton":1,"minecraft:white_wool":1,"minecraft:cobblestone":822,"minecraft:stripped_oak_log":6,"minecraft:birch_log":9,"minecraft:lilac":1,"minecraft:andesite":121,"minecraft:jungle_log":695,"minecraft:leather":3,"minecraft:flint":6,"create:raw_zinc":12,"minecraft:oak_log":183,"minecraft:yellow_bed":9,"minecraft:gunpowder":2,"ars_nouveau:glyph_amplify":1,"minecraft:lapis_lazuli":1,"minecraft:dirt":429,"minecraft:wheat_seeds":12,"create_new_age:magnetite_block":8,"minecraft:bell":1,"minecraft:iron_ingot":3,"minecraft:acacia_sapling":1,"minecraft:oak_planks":1,"minecraft:book":6,"ars_nouveau:novice_spell_book":1,"minecraft:gravel":24,"ars_nouveau:bastion_pod":6,"minecraft:sand":16,"minecraft:blast_furnace":5,"minecraft:ink_sac":1,"minecraft:white_bed":2,"minecraft:chainmail_leggings":1,"minecraft:granite":37,"ars_nouveau:glyph_summon_steed":1,"minecraft:diamond_axe":2,"quark:hollow_birch_log":6,"minecraft:spruce_button":1,"minecraft:bread":13,"minecraft:oak_sapling":6,"minecraft:coal":35}},"DataVersion":3465}