{"stats":{"minecraft:crafted":{"minecraft:wooden_sword":7,"minecraft:raw_iron":18,"minecraft:oak_planks":176,"minecraft:stone_shovel":1,"minecraft:cobblestone_slab":12,"minecraft:coal":144,"ars_nouveau:archwood_planks":4,"mahoutsukai:guidebook":1,"minecraft:diamond_hoe":3,"minecraft:furnace":9,"minecraft:blast_furnace":1,"minecraft:bone_meal":18,"ars_nouveau:archwood_slab":6,"mahoutsukai:dagger":1,"minecraft:glass":16,"mahoutsukai:attuner":1,"travelersbackpack:white_sleeping_bag":1,"ars_nouveau:novice_spell_book":1,"minecraft:diamond_leggings":1,"minecraft:iron_axe":1,"minecraft:stone_pickaxe":1,"minecraft:diamond_boots":1,"mahoutsukai:hammer":1,"mahoutsukai:powdered_gold":3,"quark:spruce_chest":3,"minecraft:wheat":99,"minecraft:red_dye":18,"minecraft:emerald":125,"minecraft:diamond_axe":1,"mahoutsukai:attuned_diamond":1,"minecraft:crafting_table":4,"minecraft:spruce_planks":300,"slashblade:slashblade":7,"travelersbackpack:standard":1,"travelersbackpack:backpack_tank":2,"minecraft:wooden_pickaxe":1,"minecraft:iron_sword":1,"minecraft:chainmail_chestplate":12,"minecraft:fletching_table":2,"minecraft:birch_planks":8,"minecraft:stone_axe":5,"mahoutsukai:spell_cloth":4,"minecraft:air":0,"minecraft:bread":33,"minecraft:blue_dye":2,"minecraft:purple_dye":4,"minecraft:paper":3,"minecraft:diamond_pickaxe":1,"minecraft:gold_nugget":9,"mahoutsukai:powdered_diamond":5,"minecraft:stick":2844,"quark:oak_chest":8,"minecraft:iron_ingot":92,"minecraft:iron_pickaxe":2,"minecraft:stone_sword":2,"minecraft:iron_shovel":1,"minecraft:gold_ingot":6,"minecraft:white_bed":1,"ars_nouveau:scribes_table":1,"minecraft:torch":28,"minecraft:diamond_chestplate":1,"slashblade:proudsoul_tiny":8},"minecraft:custom":{"minecraft:interact_with_smithing_table":2,"minecraft:mob_kills":45,"minecraft:interact_with_crafting_table":43,"minecraft:open_barrel":2,"minecraft:bell_ring":6,"minecraft:eat_cake_slice":2,"minecraft:leave_game":11,"minecraft:time_since_death":23981,"minecraft:climb_one_cm":6562,"minecraft:sprint_one_cm":535930,"minecraft:walk_one_cm":308518,"minecraft:drop":46,"minecraft:talked_to_villager":54,"minecraft:play_time":199807,"minecraft:deaths":1,"minecraft:sneak_time":17715,"minecraft:walk_under_water_one_cm":2983,"minecraft:jump":3866,"minecraft:interact_with_blast_furnace":13,"minecraft:walk_on_water_one_cm":10848,"minecraft:total_world_time":199807,"minecraft:interact_with_furnace":50,"minecraft:traded_with_villager":145,"minecraft:sleep_in_bed":6,"minecraft:time_since_rest":23994,"minecraft:damage_taken":2730,"minecraft:damage_dealt":8502,"minecraft:swim_one_cm":26290,"minecraft:fly_one_cm":810364,"minecraft:open_chest":203,"minecraft:crouch_one_cm":70379,"minecraft:fall_one_cm":118646},"minecraft:broken":{"slashblade:slashblade":7,"minecraft:stone_pickaxe":1,"minecraft:iron_pickaxe":1},"minecraft:picked_up":{"minecraft:crafting_table":3,"minecraft:wheat":1,"minecraft:ladder":3,"minecraft:smithing_table":1,"minecraft:cornflower":2,"minecraft:string":7,"minecraft:moss_carpet":1,"minecraft:armor_stand":4,"mahoutsukai:spell_cloth":2,"minecraft:experience_bottle":3,"minecraft:oak_sign":5,"minecraft:beetroot":1,"minecraft:diamond_leggings":1,"minecraft:cobbled_deepslate":98,"minecraft:smooth_stone":3,"minecraft:beef":6,"minecraft:rose_bush":9,"minecraft:cobblestone_slab":5,"minecraft:poppy":4,"minecraft:sugar_cane":14,"minecraft:coal_block":16,"minecraft:birch_sapling":2,"mahoutsukai:hammer":1,"minecraft:iron_boots":4,"minecraft:egg":1,"minecraft:stick":50,"minecraft:raw_iron":47,"ars_nouveau:purple_archwood_log":17,"minecraft:composter":2,"minecraft:oak_fence":1,"minecraft:torch":5,"minecraft:porkchop":11,"minecraft:cauldron":1,"slashblade:proudsoul":5,"minecraft:arrow":3,"minecraft:rotten_flesh":14,"minecraft:beetroot_seeds":1,"minecraft:diamond_boots":1,"minecraft:hay_block":11,"minecraft:iron_block":3,"minecraft:bookshelf":4,"mahoutsukai:powdered_gold":1,"minecraft:mutton":12,"minecraft:cobblestone":382,"minecraft:white_wool":7,"minecraft:birch_log":15,"minecraft:stripped_oak_log":1,"mahoutsukai:scroll_reality_marble":2,"minecraft:andesite":20,"minecraft:leather":7,"minecraft:flint":2,"minecraft:oak_log":105,"minecraft:gunpowder":2,"minecraft:lapis_lazuli":30,"minecraft:dirt":17,"minecraft:lantern":2,"mahoutsukai:scroll_weapon_shooter":1,"minecraft:bone":6,"mahoutsukai:weapon_projectile_bow":1,"minecraft:apple":3,"minecraft:kelp":32,"minecraft:wheat_seeds":13,"minecraft:raw_gold":6,"minecraft:iron_ingot":14,"minecraft:fletching_table":1,"slashblade:slashblade":1,"minecraft:gray_bed":2,"minecraft:oak_planks":3,"minecraft:book":3,"mahoutsukai:attuned_diamond":1,"minecraft:gravel":31,"minecraft:sand":16,"minecraft:stripped_spruce_log":3,"minecraft:spruce_sapling":25,"minecraft:blast_furnace":7,"minecraft:white_bed":23,"minecraft:spruce_log":95,"travelersbackpack:standard":1,"minecraft:diamond":28,"mahoutsukai:dagger":1,"minecraft:diamond_axe":1,"minecraft:bone_meal":1,"minecraft:gray_wool":1,"minecraft:emerald":2,"mahoutsukai:guidebook":1,"minecraft:oak_sapling":31,"minecraft:coal":78,"minecraft:diamond_pickaxe":2,"minecraft:sunflower":8},"minecraft:used":{"mahoutsukai:spell_cloth":2,"minecraft:stone_sword":40,"minecraft:stone_shovel":39,"minecraft:torch":12,"minecraft:dirt":3,"minecraft:lava_bucket":1,"minecraft:bookshelf":1,"quark:spruce_chest":3,"minecraft:iron_axe":1,"slashblade:slashblade":684,"minecraft:diamond_chestplate":1,"minecraft:furnace":8,"minecraft:gray_bed":2,"minecraft:water_bucket":4,"minecraft:stone_pickaxe":131,"minecraft:oak_planks":1,"minecraft:cobblestone_slab":2,"minecraft:wooden_pickaxe":11,"minecraft:diamond_axe":113,"minecraft:fletching_table":3,"minecraft:crafting_table":7,"minecraft:blast_furnace":8,"minecraft:white_bed":15,"minecraft:spruce_log":3,"minecraft:diamond_pickaxe":18,"minecraft:bread":68,"minecraft:iron_pickaxe":471,"minecraft:spruce_sapling":6,"minecraft:gravel":31,"minecraft:stone_axe":95,"minecraft:cobblestone":178,"travelersbackpack:standard":1,"minecraft:porkchop":9,"minecraft:smithing_table":1,"minecraft:bucket":5,"quark:oak_chest":7,"ars_nouveau:scribes_table":1,"minecraft:bone_meal":12},"minecraft:killed":{"minecraft:spider":2,"minecraft:skeleton":3,"minecraft:pig":4,"minecraft:iron_golem":4,"minecraft:creeper":1,"minecraft:sheep":8,"minecraft:zombie":17,"minecraft:cow":3},"minecraft:dropped":{"minecraft:wheat_seeds":6,"minecraft:cobblestone":1,"minecraft:leather":2,"minecraft:purple_dye":2,"ars_nouveau:purple_archwood_log":4,"minecraft:dirt":1,"minecraft:cornflower":2,"minecraft:red_dye":11,"minecraft:string":6,"minecraft:armor_stand":4,"minecraft:gravel":4,"minecraft:stone_axe":3,"ars_nouveau:archwood_planks":1,"minecraft:beetroot":1,"minecraft:oak_planks":2,"minecraft:iron_boots":2,"ars_nouveau:archwood_slab":3,"minecraft:oak_sign":5,"minecraft:chainmail_chestplate":12,"minecraft:poppy":4,"minecraft:cobblestone_slab":5,"minecraft:diamond_pickaxe":2,"minecraft:beetroot_seeds":1,"slashblade:slashblade":1,"minecraft:ladder":3},"minecraft:killed_by":{"minecraft:player":1},"minecraft:mined":{"minecraft:white_bed":24,"minecraft:oak_sapling":3,"minecraft:deepslate_diamond_ore":20,"minecraft:ladder":3,"minecraft:grass_block":10,"minecraft:oak_pressure_plate":2,"minecraft:coal_block":16,"minecraft:spruce_leaves":24,"minecraft:kelp":2,"minecraft:composter":2,"minecraft:hay_block":11,"minecraft:smooth_stone":3,"minecraft:tall_seagrass":3,"minecraft:spruce_sapling":1,"minecraft:iron_ore":30,"minecraft:andesite":20,"minecraft:stripped_spruce_log":3,"minecraft:fletching_table":1,"minecraft:deepslate_lapis_ore":3,"minecraft:bookshelf":5,"minecraft:deepslate_iron_ore":16,"minecraft:stripped_oak_log":1,"minecraft:stone":381,"minecraft:iron_block":3,"ars_nouveau:purple_archwood_log":17,"minecraft:smithing_table":1,"minecraft:kelp_plant":7,"travelersbackpack:standard":1,"minecraft:dandelion":3,"minecraft:oak_fence":2,"minecraft:crafting_table":3,"minecraft:cornflower":1,"minecraft:torch":1,"minecraft:blast_furnace":7,"minecraft:poppy":2,"minecraft:rose_bush":9,"minecraft:cobblestone":3,"mahoutsukai:mahoujin":6,"minecraft:tall_grass":19,"minecraft:deepslate_gold_ore":4,"minecraft:sugar_cane":5,"minecraft:oak_planks":3,"minecraft:wall_torch":3,"minecraft:cauldron":1,"minecraft:birch_log":4,"minecraft:gray_bed":2,"minecraft:spruce_log":53,"minecraft:grass":108,"minecraft:oak_log":12,"minecraft:coal_ore":79,"minecraft:sunflower":9,"minecraft:gravel":33,"minecraft:sand":16,"minecraft:dirt":9,"minecraft:cobweb":4,"minecraft:gold_ore":2,"minecraft:oak_leaves":4,"minecraft:deepslate":38}},"DataVersion":3465}