{"stats":{"minecraft:custom":{"minecraft:interact_with_furnace":1,"minecraft:mob_kills":19,"minecraft:interact_with_crafting_table":10,"minecraft:open_barrel":1,"minecraft:eat_cake_slice":2,"minecraft:leave_game":5,"minecraft:time_since_death":37078,"minecraft:sleep_in_bed":1,"minecraft:climb_one_cm":1631,"minecraft:time_since_rest":14829,"minecraft:sprint_one_cm":130333,"minecraft:damage_taken":475,"minecraft:walk_one_cm":52194,"minecraft:drop":4,"minecraft:damage_dealt":1891,"minecraft:swim_one_cm":3659,"minecraft:fly_one_cm":287584,"minecraft:open_chest":9,"minecraft:crouch_one_cm":4810,"minecraft:play_time":37078,"minecraft:sneak_time":1449,"minecraft:walk_under_water_one_cm":279,"minecraft:jump":1160,"minecraft:walk_on_water_one_cm":2803,"minecraft:total_world_time":37078,"minecraft:fall_one_cm":38408},"minecraft:crafted":{"minecraft:wooden_sword":1,"minecraft:oak_planks":20,"minecraft:stone_shovel":1,"minecraft:crafting_table":2,"minecraft:spruce_planks":28,"slashblade:slashblade":1,"minecraft:wooden_pickaxe":1,"minecraft:stone_axe":1,"minecraft:stick":12,"minecraft:iron_ingot":9,"minecraft:stone_pickaxe":1,"minecraft:stone_sword":2,"minecraft:white_bed":1,"quark:spruce_chest":3},"minecraft:picked_up":{"minecraft:crafting_table":2,"minecraft:leather":5,"minecraft:oak_log":7,"minecraft:string":4,"minecraft:cornflower":1,"minecraft:dirt":8,"minecraft:lantern":2,"minecraft:bone":1,"minecraft:experience_bottle":3,"minecraft:wheat_seeds":6,"minecraft:beef":6,"slashblade:slashblade":1,"minecraft:coal_block":16,"minecraft:oak_planks":2,"minecraft:stick":6,"minecraft:porkchop":11,"minecraft:stripped_spruce_log":2,"minecraft:spruce_sapling":7,"minecraft:spruce_log":15,"minecraft:rotten_flesh":2,"minecraft:hay_block":11,"minecraft:iron_block":2,"minecraft:gray_wool":1,"minecraft:emerald":2,"minecraft:mutton":12,"minecraft:white_wool":7,"minecraft:cobblestone":17,"minecraft:sunflower":8},"minecraft:used":{"minecraft:stone_sword":40,"minecraft:stone_pickaxe":28,"minecraft:wooden_pickaxe":11,"minecraft:crafting_table":4,"minecraft:white_bed":1,"minecraft:spruce_log":3,"quark:spruce_chest":2,"minecraft:bread":15,"slashblade:slashblade":80,"minecraft:stone_axe":26},"minecraft:killed":{"minecraft:pig":4,"minecraft:sheep":8,"minecraft:skeleton":1,"minecraft:zombie":3,"minecraft:cow":3},"minecraft:dropped":{"minecraft:wheat_seeds":2,"minecraft:cobblestone":1,"minecraft:cornflower":1,"slashblade:slashblade":1},"minecraft:mined":{"minecraft:dandelion":3,"minecraft:crafting_table":2,"minecraft:cornflower":1,"minecraft:grass_block":2,"minecraft:coal_block":16,"minecraft:tall_grass":8,"minecraft:oak_planks":2,"minecraft:hay_block":11,"minecraft:spruce_log":8,"minecraft:stripped_spruce_log":2,"minecraft:grass":36,"minecraft:oak_log":7,"minecraft:sunflower":9,"minecraft:dirt":6,"minecraft:cobweb":4,"minecraft:stone":19,"minecraft:iron_block":2,"minecraft:oak_leaves":1}},"DataVersion":3465}