{"stats":{"minecraft:custom":{"minecraft:interact_with_furnace":2,"minecraft:mob_kills":24,"minecraft:interact_with_crafting_table":15,"minecraft:open_barrel":2,"minecraft:bell_ring":6,"minecraft:eat_cake_slice":2,"minecraft:leave_game":5,"minecraft:time_since_death":73078,"minecraft:sleep_in_bed":2,"minecraft:climb_one_cm":5870,"minecraft:time_since_rest":12944,"minecraft:sprint_one_cm":251127,"minecraft:damage_taken":1109,"minecraft:walk_one_cm":117328,"minecraft:drop":14,"minecraft:damage_dealt":3698,"minecraft:swim_one_cm":3659,"minecraft:fly_one_cm":433174,"minecraft:open_chest":24,"minecraft:crouch_one_cm":32440,"minecraft:play_time":73078,"minecraft:sneak_time":8176,"minecraft:walk_under_water_one_cm":279,"minecraft:jump":1894,"minecraft:walk_on_water_one_cm":2945,"minecraft:total_world_time":73078,"minecraft:fall_one_cm":61353},"minecraft:crafted":{"minecraft:wooden_sword":3,"minecraft:oak_planks":44,"minecraft:cobblestone_slab":6,"minecraft:coal":144,"minecraft:stone_shovel":1,"minecraft:crafting_table":3,"minecraft:spruce_planks":56,"slashblade:slashblade":3,"minecraft:wooden_pickaxe":1,"minecraft:furnace":8,"minecraft:stone_axe":1,"minecraft:bread":33,"minecraft:stick":40,"minecraft:iron_ingot":18,"minecraft:iron_pickaxe":2,"minecraft:stone_pickaxe":1,"minecraft:stone_sword":2,"minecraft:white_bed":1,"quark:spruce_chest":3,"minecraft:torch":28,"slashblade:proudsoul_tiny":4,"minecraft:wheat":99},"minecraft:broken":{"minecraft:stone_pickaxe":1,"minecraft:iron_pickaxe":1,"slashblade:slashblade":1},"minecraft:picked_up":{"minecraft:wheat":1,"minecraft:crafting_table":2,"minecraft:andesite":20,"minecraft:ladder":3,"minecraft:leather":5,"minecraft:oak_log":32,"minecraft:lapis_lazuli":18,"minecraft:string":4,"minecraft:cornflower":2,"minecraft:dirt":16,"minecraft:lantern":2,"minecraft:armor_stand":4,"minecraft:bone":1,"minecraft:experience_bottle":3,"minecraft:oak_sign":5,"minecraft:wheat_seeds":10,"minecraft:cobbled_deepslate":43,"minecraft:raw_gold":2,"minecraft:iron_ingot":3,"minecraft:beef":6,"minecraft:cobblestone_slab":5,"slashblade:slashblade":1,"minecraft:gray_bed":2,"minecraft:coal_block":16,"minecraft:oak_planks":2,"minecraft:iron_boots":4,"minecraft:raw_iron":2,"minecraft:stick":10,"minecraft:torch":5,"minecraft:gravel":2,"minecraft:porkchop":11,"minecraft:stripped_spruce_log":2,"minecraft:spruce_sapling":7,"minecraft:white_bed":23,"minecraft:spruce_log":15,"slashblade:proudsoul":1,"minecraft:rotten_flesh":6,"minecraft:hay_block":11,"minecraft:iron_block":3,"minecraft:gray_wool":1,"minecraft:emerald":2,"minecraft:oak_sapling":9,"minecraft:coal":12,"minecraft:mutton":12,"minecraft:white_wool":7,"minecraft:cobblestone":374,"minecraft:sunflower":8},"minecraft:used":{"minecraft:stone_sword":40,"minecraft:stone_shovel":8,"minecraft:stone_pickaxe":131,"minecraft:wooden_pickaxe":11,"minecraft:cobblestone_slab":1,"minecraft:torch":11,"minecraft:dirt":3,"minecraft:crafting_table":5,"minecraft:white_bed":15,"minecraft:spruce_log":3,"quark:spruce_chest":3,"minecraft:bread":33,"slashblade:slashblade":190,"minecraft:iron_pickaxe":333,"minecraft:stone_axe":67,"minecraft:cobblestone":78,"minecraft:furnace":8,"minecraft:gray_bed":2},"minecraft:killed":{"minecraft:pig":4,"minecraft:iron_golem":1,"minecraft:sheep":8,"minecraft:skeleton":1,"minecraft:zombie":7,"minecraft:cow":3},"minecraft:dropped":{"minecraft:wheat_seeds":5,"minecraft:cobblestone":1,"minecraft:oak_planks":1,"minecraft:iron_boots":2,"minecraft:oak_sign":5,"minecraft:cobblestone_slab":5,"minecraft:cornflower":2,"slashblade:slashblade":1,"minecraft:ladder":3,"minecraft:armor_stand":4},"minecraft:mined":{"minecraft:white_bed":24,"minecraft:oak_sapling":1,"minecraft:dandelion":3,"minecraft:oak_fence":1,"minecraft:ladder":3,"minecraft:crafting_table":2,"minecraft:cornflower":1,"minecraft:torch":1,"minecraft:grass_block":8,"minecraft:oak_pressure_plate":2,"minecraft:coal_block":16,"minecraft:tall_grass":14,"minecraft:oak_planks":2,"minecraft:wall_torch":3,"minecraft:hay_block":11,"minecraft:gray_bed":2,"minecraft:spruce_log":8,"minecraft:andesite":20,"minecraft:stripped_spruce_log":2,"minecraft:deepslate_lapis_ore":3,"minecraft:grass":51,"minecraft:coal_ore":12,"minecraft:oak_log":9,"minecraft:sunflower":9,"minecraft:gravel":2,"minecraft:dirt":8,"minecraft:cobweb":4,"minecraft:stone":378,"minecraft:iron_block":3,"minecraft:gold_ore":2,"minecraft:deepslate":36,"minecraft:oak_leaves":1}},"DataVersion":3465}