{"stats":{"minecraft:crafted":{"minecraft:wooden_sword":5,"minecraft:oak_planks":168,"minecraft:stone_shovel":1,"minecraft:cobblestone_slab":12,"minecraft:coal":144,"minecraft:diamond_hoe":3,"minecraft:furnace":9,"minecraft:blast_furnace":1,"minecraft:bone_meal":6,"minecraft:stone_pickaxe":1,"quark:spruce_chest":3,"minecraft:wheat":99,"minecraft:emerald":41,"minecraft:diamond_axe":1,"minecraft:crafting_table":4,"minecraft:spruce_planks":296,"slashblade:slashblade":5,"minecraft:wooden_pickaxe":1,"minecraft:fletching_table":1,"minecraft:stone_axe":5,"minecraft:bread":33,"minecraft:air":0,"minecraft:diamond_pickaxe":1,"minecraft:stick":700,"quark:oak_chest":8,"minecraft:iron_ingot":58,"minecraft:iron_pickaxe":2,"minecraft:stone_sword":2,"minecraft:gold_ingot":2,"minecraft:white_bed":1,"minecraft:torch":28,"slashblade:proudsoul_tiny":4},"minecraft:custom":{"minecraft:interact_with_smithing_table":1,"minecraft:mob_kills":41,"minecraft:interact_with_crafting_table":25,"minecraft:open_barrel":2,"minecraft:bell_ring":6,"minecraft:eat_cake_slice":2,"minecraft:leave_game":9,"minecraft:time_since_death":128615,"minecraft:climb_one_cm":6562,"minecraft:sprint_one_cm":411685,"minecraft:walk_one_cm":214909,"minecraft:drop":14,"minecraft:talked_to_villager":24,"minecraft:play_time":128615,"minecraft:sneak_time":14489,"minecraft:walk_under_water_one_cm":693,"minecraft:jump":2964,"minecraft:interact_with_blast_furnace":4,"minecraft:walk_on_water_one_cm":5960,"minecraft:total_world_time":128615,"minecraft:interact_with_furnace":24,"minecraft:traded_with_villager":46,"minecraft:sleep_in_bed":3,"minecraft:time_since_rest":30602,"minecraft:damage_taken":2067,"minecraft:damage_dealt":5718,"minecraft:swim_one_cm":7071,"minecraft:fly_one_cm":633055,"minecraft:open_chest":92,"minecraft:crouch_one_cm":58677,"minecraft:fall_one_cm":96533},"minecraft:broken":{"slashblade:slashblade":5,"minecraft:stone_pickaxe":1,"minecraft:iron_pickaxe":1},"minecraft:picked_up":{"minecraft:crafting_table":3,"minecraft:wheat":1,"minecraft:ladder":3,"minecraft:smithing_table":1,"minecraft:cornflower":2,"minecraft:string":7,"minecraft:armor_stand":4,"minecraft:experience_bottle":3,"minecraft:oak_sign":5,"minecraft:cobbled_deepslate":49,"minecraft:smooth_stone":3,"minecraft:beef":6,"minecraft:cobblestone_slab":5,"minecraft:coal_block":16,"minecraft:iron_boots":4,"minecraft:egg":1,"minecraft:stick":19,"minecraft:raw_iron":47,"ars_nouveau:purple_archwood_log":17,"minecraft:composter":2,"minecraft:oak_fence":1,"minecraft:torch":5,"minecraft:porkchop":11,"minecraft:cauldron":1,"slashblade:proudsoul":3,"minecraft:arrow":3,"minecraft:rotten_flesh":14,"minecraft:hay_block":11,"minecraft:iron_block":3,"minecraft:mutton":12,"minecraft:cobblestone":379,"minecraft:white_wool":7,"minecraft:stripped_oak_log":1,"minecraft:andesite":20,"minecraft:leather":5,"minecraft:flint":2,"minecraft:oak_log":49,"minecraft:gunpowder":2,"minecraft:lapis_lazuli":18,"minecraft:dirt":16,"minecraft:lantern":2,"minecraft:bone":6,"minecraft:apple":1,"minecraft:wheat_seeds":11,"minecraft:raw_gold":6,"minecraft:iron_ingot":3,"slashblade:slashblade":1,"minecraft:gray_bed":2,"minecraft:oak_planks":3,"minecraft:gravel":31,"minecraft:stripped_spruce_log":3,"minecraft:spruce_sapling":19,"minecraft:blast_furnace":2,"minecraft:white_bed":23,"minecraft:spruce_log":75,"minecraft:diamond":20,"minecraft:bone_meal":1,"minecraft:gray_wool":1,"minecraft:emerald":2,"minecraft:oak_sapling":12,"minecraft:coal":78,"minecraft:sunflower":8},"minecraft:used":{"minecraft:stone_sword":40,"minecraft:stone_shovel":39,"minecraft:torch":12,"minecraft:dirt":3,"quark:spruce_chest":3,"slashblade:slashblade":483,"minecraft:furnace":8,"minecraft:gray_bed":2,"minecraft:water_bucket":2,"minecraft:stone_pickaxe":131,"minecraft:oak_planks":1,"minecraft:wooden_pickaxe":11,"minecraft:cobblestone_slab":2,"minecraft:diamond_axe":70,"minecraft:fletching_table":1,"minecraft:crafting_table":7,"minecraft:blast_furnace":3,"minecraft:white_bed":15,"minecraft:spruce_log":3,"minecraft:diamond_pickaxe":10,"minecraft:bread":58,"minecraft:iron_pickaxe":471,"minecraft:spruce_sapling":5,"minecraft:gravel":31,"minecraft:stone_axe":95,"minecraft:cobblestone":138,"minecraft:smithing_table":1,"minecraft:bucket":2,"quark:oak_chest":7,"minecraft:bone_meal":7},"minecraft:killed":{"minecraft:spider":2,"minecraft:skeleton":2,"minecraft:pig":4,"minecraft:iron_golem":1,"minecraft:creeper":1,"minecraft:sheep":8,"minecraft:zombie":17,"minecraft:cow":3},"minecraft:dropped":{"minecraft:wheat_seeds":5,"minecraft:cobblestone":1,"minecraft:cornflower":2,"minecraft:armor_stand":4,"minecraft:oak_planks":1,"minecraft:iron_boots":2,"minecraft:oak_sign":5,"minecraft:cobblestone_slab":5,"slashblade:slashblade":1,"minecraft:ladder":3},"minecraft:mined":{"minecraft:white_bed":24,"minecraft:oak_sapling":1,"minecraft:deepslate_diamond_ore":20,"minecraft:ladder":3,"minecraft:grass_block":8,"minecraft:oak_pressure_plate":2,"minecraft:coal_block":16,"minecraft:spruce_leaves":24,"minecraft:composter":2,"minecraft:hay_block":11,"minecraft:smooth_stone":3,"minecraft:iron_ore":30,"minecraft:andesite":20,"minecraft:stripped_spruce_log":3,"minecraft:deepslate_lapis_ore":3,"minecraft:deepslate_iron_ore":16,"minecraft:stripped_oak_log":1,"minecraft:stone":381,"minecraft:iron_block":3,"ars_nouveau:purple_archwood_log":17,"minecraft:smithing_table":1,"minecraft:dandelion":3,"minecraft:oak_fence":2,"minecraft:crafting_table":3,"minecraft:cornflower":1,"minecraft:torch":1,"minecraft:blast_furnace":2,"minecraft:tall_grass":14,"minecraft:deepslate_gold_ore":4,"minecraft:oak_planks":3,"minecraft:wall_torch":3,"minecraft:cauldron":1,"minecraft:gray_bed":2,"minecraft:spruce_log":52,"minecraft:grass":58,"minecraft:oak_log":11,"minecraft:coal_ore":79,"minecraft:sunflower":9,"minecraft:gravel":33,"minecraft:dirt":8,"minecraft:cobweb":4,"minecraft:gold_ore":2,"minecraft:oak_leaves":1,"minecraft:deepslate":38}},"DataVersion":3465}