{"stats":{"minecraft:broken":{"minecraft:diamond_pickaxe":1,"minecraft:stone_sword":1,"minecraft:flint_and_steel":1,"minecraft:iron_pickaxe":1},"minecraft:custom":{"minecraft:interact_with_crafting_table":84,"minecraft:open_barrel":35,"minecraft:leave_game":14,"minecraft:time_since_death":329715,"minecraft:sprint_one_cm":453575,"minecraft:damage_blocked_by_shield":105,"minecraft:drop":52,"minecraft:talked_to_villager":81,"minecraft:play_time":329715,"minecraft:jump":4249,"minecraft:walk_on_water_one_cm":25083,"minecraft:interact_with_furnace":78,"minecraft:traded_with_villager":223,"minecraft:sleep_in_bed":11,"minecraft:damage_dealt":5547,"minecraft:crouch_one_cm":197375,"minecraft:horse_one_cm":122117,"minecraft:interact_with_smithing_table":2,"minecraft:mob_kills":29,"minecraft:climb_one_cm":16039,"minecraft:walk_one_cm":512940,"minecraft:sneak_time":46663,"minecraft:walk_under_water_one_cm":24836,"minecraft:boat_one_cm":15300,"minecraft:interact_with_blast_furnace":28,"minecraft:total_world_time":329715,"minecraft:time_since_rest":139721,"minecraft:damage_taken":616,"minecraft:swim_one_cm":50240,"minecraft:fly_one_cm":807750,"minecraft:open_chest":313,"minecraft:fall_one_cm":68370},"minecraft:used":{"minecraft:chest":35,"minecraft:shield":14,"minecraft:iron_sword":35,"minecraft:tuff":3,"minecraft:beehive":1,"quark:deepslate_furnace":1,"minecraft:lantern":10,"minecraft:stone_brick_stairs":24,"minecraft:stone_bricks":137,"minecraft:hay_block":19,"minecraft:furnace":20,"minecraft:egg":1,"minecraft:diorite":138,"minecraft:oak_planks":8,"minecraft:diamond_axe":1143,"minecraft:blast_furnace":6,"minecraft:shears":8,"minecraft:lever":2,"minecraft:bread":41,"minecraft:string":20,"minecraft:stone_button":1,"minecraft:gravel":16,"minecraft:smithing_table":3,"minecraft:chain":1,"minecraft:oak_boat":1,"minecraft:experience_bottle":1,"minecraft:oak_trapdoor":2,"minecraft:stone_sword":68,"minecraft:flint_and_steel":64,"minecraft:stone_shovel":66,"farmersdelight:rich_soil":1,"minecraft:oak_door":1,"minecraft:torch":70,"minecraft:dirt":43,"minecraft:oak_stairs":41,"minecraft:barrel":6,"minecraft:tripwire_hook":2,"minecraft:cobbled_deepslate":2,"quark:blossom_log":1,"minecraft:water_bucket":13,"minecraft:fletching_table":2,"minecraft:cobblestone_slab":4,"minecraft:oak_slab":19,"minecraft:crafting_table":5,"minecraft:white_bed":2,"minecraft:smoker":1,"minecraft:oak_log":70,"minecraft:diamond_pickaxe":2010,"minecraft:diamond_shovel":408,"minecraft:iron_pickaxe":274,"minecraft:stone_axe":16,"minecraft:cobblestone":93,"travelersbackpack:standard":10,"minecraft:bucket":17,"minecraft:yellow_bed":7,"quark:oak_chest":43,"minecraft:stripped_oak_log":9,"ars_nouveau:scribes_table":1},"minecraft:dropped":{"ars_nouveau:novice_spell_book":1,"minecraft:diamond_axe":1,"minecraft:leather":4,"minecraft:chest_minecart":1,"minecraft:rail":7,"minecraft:item_frame":1,"minecraft:flint":1,"minecraft:dirt":29,"minecraft:gravel":5,"minecraft:stone_axe":1,"minecraft:cobbled_deepslate":9,"minecraft:oak_planks":12,"minecraft:chainmail_chestplate":2,"ars_nouveau:sourceberry_bush":3,"minecraft:beetroot_seeds":6,"minecraft:jungle_log":64,"minecraft:powered_rail":1,"farmersdelight:tomato_seeds":6,"minecraft:wheat_seeds":6,"minecraft:oak_fence":2,"minecraft:iron_helmet":1,"minecraft:cobblestone":20,"minecraft:activator_rail":1,"ars_nouveau:bastion_pod":1,"minecraft:ink_sac":1,"minecraft:iron_leggings":2,"minecraft:string":9,"minecraft:moss_carpet":1,"minecraft:stone_sword":2,"minecraft:tuff":3,"farmersdelight:cabbage_seeds":3,"minecraft:iron_boots":1,"minecraft:stone":128,"minecraft:flower_pot":1,"minecraft:iron_chestplate":1,"minecraft:diamond_pickaxe":1,"minecraft:mossy_stone_bricks":1,"minecraft:spider_eye":1,"minecraft:stone_bricks":2},"minecraft:picked_up":{"minecraft:redstone_block":2,"minecraft:creeper_head":1,"minecraft:flower_pot":5,"minecraft:smithing_table":2,"minecraft:oak_stairs":6,"minecraft:potion":1,"minecraft:stone_brick_stairs":4,"minecraft:string":38,"minecraft:raw_copper":50,"minecraft:experience_bottle":1,"minecraft:activator_rail":1,"minecraft:tnt_minecart":1,"minecraft:cobbled_deepslate":86,"minecraft:comparator":1,"minecraft:cobblestone_slab":1,"minecraft:coal_block":6,"farmersdelight:cabbage_seeds":3,"minecraft:furnace":16,"minecraft:stick":29,"minecraft:beehive":1,"minecraft:oak_fence":2,"minecraft:torch":20,"quark:blossom_log":1,"minecraft:diorite":724,"minecraft:stone_sword":8,"minecraft:rotten_flesh":8,"minecraft:obsidian":4,"minecraft:cobblestone":1180,"minecraft:birch_log":16,"minecraft:lilac":1,"minecraft:jungle_log":695,"minecraft:andesite":132,"minecraft:smoker":1,"minecraft:flint":6,"minecraft:tuff":6,"create:raw_zinc":12,"ars_nouveau:glyph_amplify":1,"minecraft:lapis_lazuli":1,"minecraft:dirt":439,"minecraft:lantern":4,"minecraft:wheat_seeds":15,"minecraft:raw_gold":6,"create_new_age:magnetite_block":8,"minecraft:bell":1,"minecraft:mossy_stone_bricks":1,"minecraft:powered_rail":1,"minecraft:oak_planks":12,"minecraft:sand":16,"minecraft:ink_sac":1,"minecraft:lever":2,"ars_nouveau:glyph_summon_steed":1,"minecraft:granite":37,"minecraft:spruce_button":1,"minecraft:golden_horse_armor":1,"minecraft:bread":13,"minecraft:oak_sapling":8,"minecraft:crafting_table":2,"create_new_age:thorium":26,"minecraft:chest_minecart":2,"minecraft:stone_brick_wall":2,"minecraft:oak_trapdoor":2,"minecraft:moss_carpet":9,"minecraft:white_carpet":1,"minecraft:item_frame":1,"minecraft:blue_orchid":2,"minecraft:beef":2,"minecraft:oak_boat":1,"minecraft:jungle_sapling":16,"minecraft:chest":8,"minecraft:birch_sapling":1,"minecraft:egg":1,"minecraft:raw_iron":14,"ars_nouveau:purple_archwood_log":63,"minecraft:stone":320,"minecraft:oak_door":1,"quark:deepslate_furnace":1,"farmersdelight:tomato_seeds":6,"minecraft:stone_button":2,"minecraft:redstone":37,"minecraft:tnt":2,"minecraft:beetroot_seeds":6,"minecraft:shears":1,"minecraft:hay_block":24,"minecraft:mutton":1,"minecraft:white_wool":1,"minecraft:rail":36,"minecraft:oxeye_daisy":1,"minecraft:stripped_oak_log":9,"farmersdelight:rich_soil":1,"minecraft:tripwire_hook":2,"minecraft:leather":3,"minecraft:oak_log":263,"minecraft:yellow_bed":9,"minecraft:gunpowder":2,"minecraft:stone_bricks":4,"minecraft:iron_ingot":4,"minecraft:cobweb":7,"minecraft:acacia_sapling":2,"minecraft:book":93,"minecraft:scaffolding":26,"minecraft:oak_slab":1,"ars_nouveau:novice_spell_book":1,"minecraft:gravel":29,"ars_nouveau:bastion_pod":6,"minecraft:blast_furnace":6,"minecraft:white_bed":2,"quark:oak_chest":6,"minecraft:spider_eye":3,"minecraft:chainmail_leggings":2,"minecraft:diamond_axe":2,"quark:hollow_birch_log":6,"minecraft:coal":50},"minecraft:mined":{"minecraft:white_bed":2,"farmersdelight:rich_soil":1,"minecraft:jungle_leaves":76,"minecraft:potted_blue_orchid":2,"minecraft:obsidian":4,"minecraft:granite":37,"minecraft:grass_block":313,"minecraft:stone_brick_wall":2,"minecraft:jungle_log":632,"minecraft:coal_block":6,"minecraft:spawner":1,"quark:hollow_birch_log":6,"minecraft:iron_ore":1,"minecraft:fire":9,"minecraft:moss_carpet":7,"minecraft:oak_stairs":6,"minecraft:tripwire":11,"minecraft:deepslate_redstone_ore":8,"minecraft:smoker":1,"minecraft:torch":8,"minecraft:blast_furnace":6,"minecraft:chest":8,"quark:blossom_log":1,"minecraft:cobblestone":62,"minecraft:potted_acacia_sapling":2,"minecraft:wall_torch":11,"minecraft:powered_rail":1,"minecraft:birch_log":16,"minecraft:lilac":1,"minecraft:stone_brick_stairs":4,"minecraft:grass":108,"minecraft:oak_log":262,"minecraft:sand":16,"minecraft:dirt":111,"minecraft:oak_leaves":63,"minecraft:deepslate":77,"create:zinc_ore":12,"minecraft:tuff":3,"minecraft:lever":1,"minecraft:stone_button":2,"create_new_age:thorium_ore":6,"minecraft:redstone_wire":2,"minecraft:hay_block":24,"minecraft:oak_trapdoor":2,"minecraft:furnace":16,"minecraft:andesite":132,"minecraft:bookshelf":31,"minecraft:cobblestone_slab":1,"minecraft:deepslate_iron_ore":13,"minecraft:vine":12,"minecraft:rail":27,"minecraft:lantern":3,"minecraft:stripped_oak_log":9,"minecraft:stone":1059,"ars_nouveau:purple_archwood_log":63,"minecraft:smithing_table":2,"minecraft:oak_slab":1,"minecraft:scaffolding":16,"minecraft:redstone_block":2,"minecraft:comparator":1,"quark:oak_chest":6,"create_new_age:magnetite_block":8,"minecraft:oak_fence":2,"minecraft:crafting_table":2,"minecraft:spruce_button":1,"minecraft:potted_oxeye_daisy":1,"minecraft:tall_grass":20,"minecraft:copper_ore":13,"minecraft:deepslate_gold_ore":2,"minecraft:diorite":725,"minecraft:beehive":1,"minecraft:white_carpet":1,"minecraft:birch_leaves":7,"minecraft:yellow_bed":9,"quark:deepslate_furnace":1,"minecraft:coal_ore":20,"minecraft:gravel":35,"minecraft:cobweb":7,"minecraft:stone_bricks":5,"minecraft:mossy_stone_bricks":1,"minecraft:fern":1},"minecraft:crafted":{"minecraft:oak_planks":848,"minecraft:cobblestone_slab":12,"minecraft:barrel":9,"ars_nouveau:archwood_planks":8,"minecraft:chain":3,"minecraft:birch_slab":12,"minecraft:stone":336,"minecraft:lever":1,"minecraft:diamond_shovel":1,"minecraft:glass":16,"minecraft:diamond_helmet":1,"minecraft:diamond_leggings":1,"minecraft:chest":38,"minecraft:stone_bricks":320,"minecraft:oak_slab":30,"minecraft:emerald":212,"minecraft:diamond_axe":1,"minecraft:crafting_table":6,"travelersbackpack:standard":1,"minecraft:smithing_table":1,"minecraft:chainmail_chestplate":2,"minecraft:fletching_table":2,"minecraft:birch_planks":64,"minecraft:stone_brick_stairs":24,"minecraft:diamond_pickaxe":3,"minecraft:stick":5348,"quark:oak_chest":45,"minecraft:iron_ingot":355,"minecraft:iron_pickaxe":2,"minecraft:gold_ingot":10,"ars_nouveau:scribes_table":1,"minecraft:shears":1,"minecraft:coal":27,"minecraft:tripwire_hook":2,"minecraft:iron_nugget":153,"quark:jungle_chest":31,"minecraft:furnace":8,"minecraft:bone_meal":54,"ars_nouveau:archwood_slab":12,"minecraft:oak_trapdoor":4,"minecraft:flint_and_steel":1,"minecraft:lantern":10,"travelersbackpack:white_sleeping_bag":1,"ars_nouveau:novice_spell_book":1,"minecraft:iron_axe":1,"minecraft:diamond_boots":1,"minecraft:wheat":45,"travelersbackpack:backpack_tank":2,"minecraft:iron_sword":2,"minecraft:bread":15,"minecraft:air":0,"minecraft:jungle_planks":2524,"minecraft:oak_boat":1,"minecraft:gold_nugget":9,"minecraft:oak_stairs":40,"minecraft:iron_shovel":1,"minecraft:torch":132,"minecraft:diamond_chestplate":1},"minecraft:killed":{"minecraft:cave_spider":4,"minecraft:spider":5,"ars_nouveau:summon_horse":1,"minecraft:iron_golem":1,"minecraft:creeper":1,"minecraft:sheep":1,"minecraft:zombie":11,"minecraft:cow":1,"minecraft:horse":1,"minecraft:villager":3}},"DataVersion":3465}