{"stats":{"minecraft:broken":{"minecraft:iron_pickaxe":1},"minecraft:custom":{"minecraft:mob_kills":7,"minecraft:interact_with_crafting_table":27,"minecraft:leave_game":6,"minecraft:time_since_death":112161,"minecraft:climb_one_cm":14274,"minecraft:sprint_one_cm":172412,"minecraft:walk_one_cm":168408,"minecraft:drop":27,"minecraft:talked_to_villager":40,"minecraft:play_time":112161,"minecraft:sneak_time":15609,"minecraft:walk_under_water_one_cm":838,"minecraft:jump":1823,"minecraft:interact_with_blast_furnace":21,"minecraft:walk_on_water_one_cm":9959,"minecraft:total_world_time":112161,"minecraft:interact_with_furnace":40,"minecraft:traded_with_villager":122,"minecraft:sleep_in_bed":6,"minecraft:time_since_rest":8808,"minecraft:damage_taken":323,"minecraft:damage_dealt":2373,"minecraft:swim_one_cm":14416,"minecraft:fly_one_cm":349458,"minecraft:open_chest":70,"minecraft:crouch_one_cm":49601,"minecraft:fall_one_cm":24902,"minecraft:horse_one_cm":122117},"minecraft:used":{"minecraft:stone_sword":37,"minecraft:stone_shovel":66,"minecraft:torch":22,"minecraft:dirt":1,"minecraft:beehive":1,"quark:deepslate_furnace":1,"minecraft:hay_block":19,"minecraft:furnace":2,"minecraft:egg":1,"quark:blossom_log":1,"minecraft:cobblestone_slab":4,"minecraft:fletching_table":2,"minecraft:diamond_axe":741,"minecraft:blast_furnace":5,"minecraft:white_bed":2,"minecraft:bread":18,"minecraft:iron_pickaxe":274,"minecraft:gravel":16,"minecraft:stone_axe":16,"minecraft:cobblestone":32,"travelersbackpack:standard":4,"minecraft:smithing_table":3,"minecraft:yellow_bed":7,"ars_nouveau:scribes_table":1,"minecraft:experience_bottle":1},"minecraft:picked_up":{"minecraft:flower_pot":1,"minecraft:smithing_table":2,"minecraft:raw_copper":13,"minecraft:item_frame":1,"minecraft:experience_bottle":1,"minecraft:beef":2,"minecraft:cobblestone_slab":1,"minecraft:jungle_sapling":13,"minecraft:coal_block":3,"minecraft:egg":1,"minecraft:furnace":4,"minecraft:beehive":1,"minecraft:stick":21,"ars_nouveau:purple_archwood_log":63,"minecraft:oak_fence":2,"minecraft:torch":1,"quark:blossom_log":1,"minecraft:stone_button":1,"minecraft:stone_sword":5,"minecraft:hay_block":24,"minecraft:mutton":1,"minecraft:white_wool":1,"minecraft:cobblestone":99,"minecraft:lilac":1,"minecraft:andesite":121,"minecraft:jungle_log":633,"minecraft:leather":3,"minecraft:flint":5,"minecraft:oak_log":86,"minecraft:yellow_bed":9,"ars_nouveau:glyph_amplify":1,"minecraft:lapis_lazuli":1,"minecraft:dirt":37,"minecraft:wheat_seeds":9,"minecraft:bell":1,"minecraft:iron_ingot":3,"minecraft:acacia_sapling":1,"minecraft:oak_planks":1,"minecraft:book":6,"ars_nouveau:novice_spell_book":1,"minecraft:gravel":18,"minecraft:sand":16,"ars_nouveau:bastion_pod":6,"minecraft:blast_furnace":5,"minecraft:ink_sac":1,"minecraft:white_bed":2,"minecraft:chainmail_leggings":1,"minecraft:diamond_axe":2,"ars_nouveau:glyph_summon_steed":1,"minecraft:granite":37,"minecraft:spruce_button":1,"minecraft:bread":13,"minecraft:oak_sapling":4,"minecraft:coal":16},"minecraft:dropped":{"ars_nouveau:novice_spell_book":1,"minecraft:wheat_seeds":6,"minecraft:diamond_axe":1,"minecraft:oak_fence":2,"minecraft:iron_helmet":1,"minecraft:leather":4,"ars_nouveau:bastion_pod":1,"minecraft:item_frame":1,"minecraft:flint":1,"minecraft:dirt":26,"minecraft:ink_sac":1,"minecraft:iron_leggings":2,"minecraft:stone_axe":1,"minecraft:stone_sword":1,"minecraft:oak_planks":1,"minecraft:iron_boots":1,"minecraft:chainmail_chestplate":2,"minecraft:flower_pot":1,"minecraft:iron_chestplate":1,"minecraft:diamond_pickaxe":1,"minecraft:jungle_log":64},"minecraft:mined":{"minecraft:white_bed":2,"minecraft:jungle_leaves":67,"minecraft:granite":37,"minecraft:stone_button":2,"minecraft:grass_block":9,"minecraft:jungle_log":571,"minecraft:coal_block":3,"minecraft:hay_block":24,"minecraft:furnace":4,"minecraft:andesite":121,"minecraft:bookshelf":2,"minecraft:cobblestone_slab":1,"minecraft:vine":11,"minecraft:stone":95,"ars_nouveau:purple_archwood_log":63,"minecraft:smithing_table":2,"minecraft:oak_fence":2,"minecraft:spruce_button":1,"minecraft:blast_furnace":5,"quark:blossom_log":1,"minecraft:tall_grass":16,"minecraft:copper_ore":4,"minecraft:cobblestone":4,"minecraft:potted_acacia_sapling":1,"minecraft:wall_torch":1,"minecraft:beehive":1,"minecraft:lilac":1,"minecraft:yellow_bed":9,"minecraft:grass":74,"minecraft:oak_log":86,"minecraft:gravel":23,"minecraft:sand":16,"minecraft:dirt":19,"minecraft:oak_leaves":11,"minecraft:fern":1},"minecraft:crafted":{"minecraft:oak_planks":380,"minecraft:cobblestone_slab":12,"minecraft:coal":27,"ars_nouveau:archwood_planks":8,"minecraft:diamond_shovel":1,"ars_nouveau:archwood_slab":12,"minecraft:glass":16,"travelersbackpack:white_sleeping_bag":1,"minecraft:diamond_leggings":1,"ars_nouveau:novice_spell_book":1,"minecraft:iron_axe":1,"minecraft:emerald":116,"minecraft:diamond_axe":1,"travelersbackpack:backpack_tank":2,"travelersbackpack:standard":1,"minecraft:iron_sword":1,"minecraft:smithing_table":1,"minecraft:chainmail_chestplate":2,"minecraft:fletching_table":2,"minecraft:air":0,"minecraft:jungle_planks":768,"minecraft:diamond_pickaxe":1,"minecraft:gold_nugget":9,"minecraft:stick":2260,"quark:oak_chest":1,"minecraft:iron_ingot":192,"minecraft:iron_pickaxe":2,"minecraft:iron_shovel":1,"minecraft:gold_ingot":10,"ars_nouveau:scribes_table":1,"minecraft:torch":80},"minecraft:killed":{"minecraft:horse":1,"ars_nouveau:summon_horse":1,"minecraft:iron_golem":1,"minecraft:sheep":1,"minecraft:villager":2,"minecraft:cow":1}},"DataVersion":3465}