{"stats":{"minecraft:crafted":{"minecraft:wooden_sword":4,"minecraft:oak_planks":120,"minecraft:stone_shovel":1,"minecraft:cobblestone_slab":6,"minecraft:coal":144,"minecraft:diamond_hoe":3,"minecraft:furnace":9,"minecraft:blast_furnace":1,"minecraft:stone_pickaxe":1,"quark:spruce_chest":3,"minecraft:wheat":99,"minecraft:emerald":18,"minecraft:crafting_table":4,"minecraft:spruce_planks":56,"slashblade:slashblade":4,"minecraft:wooden_pickaxe":1,"minecraft:fletching_table":1,"minecraft:stone_axe":5,"minecraft:bread":33,"minecraft:air":0,"minecraft:stick":60,"quark:oak_chest":8,"minecraft:iron_ingot":58,"minecraft:iron_pickaxe":2,"minecraft:stone_sword":2,"minecraft:gold_ingot":2,"minecraft:white_bed":1,"minecraft:torch":28,"slashblade:proudsoul_tiny":4},"minecraft:custom":{"minecraft:interact_with_smithing_table":1,"minecraft:mob_kills":29,"minecraft:interact_with_crafting_table":22,"minecraft:open_barrel":2,"minecraft:bell_ring":6,"minecraft:eat_cake_slice":2,"minecraft:leave_game":5,"minecraft:time_since_death":97078,"minecraft:climb_one_cm":6422,"minecraft:sprint_one_cm":328093,"minecraft:walk_one_cm":169044,"minecraft:drop":14,"minecraft:talked_to_villager":12,"minecraft:play_time":97078,"minecraft:sneak_time":11418,"minecraft:walk_under_water_one_cm":611,"minecraft:jump":2208,"minecraft:interact_with_blast_furnace":2,"minecraft:walk_on_water_one_cm":4634,"minecraft:total_world_time":97078,"minecraft:interact_with_furnace":21,"minecraft:traded_with_villager":21,"minecraft:sleep_in_bed":2,"minecraft:time_since_rest":36944,"minecraft:damage_taken":1518,"minecraft:damage_dealt":4364,"minecraft:swim_one_cm":7071,"minecraft:fly_one_cm":486145,"minecraft:open_chest":50,"minecraft:crouch_one_cm":47448,"minecraft:fall_one_cm":72889},"minecraft:broken":{"slashblade:slashblade":3,"minecraft:stone_pickaxe":1,"minecraft:iron_pickaxe":1},"minecraft:picked_up":{"minecraft:crafting_table":3,"minecraft:wheat":1,"minecraft:ladder":3,"minecraft:smithing_table":1,"minecraft:cornflower":2,"minecraft:string":6,"minecraft:armor_stand":4,"minecraft:experience_bottle":3,"minecraft:oak_sign":5,"minecraft:cobbled_deepslate":43,"minecraft:smooth_stone":3,"minecraft:beef":6,"minecraft:cobblestone_slab":5,"minecraft:coal_block":16,"minecraft:iron_boots":4,"minecraft:stick":11,"minecraft:raw_iron":31,"ars_nouveau:purple_archwood_log":17,"minecraft:composter":2,"minecraft:oak_fence":1,"minecraft:torch":5,"minecraft:porkchop":11,"minecraft:cauldron":1,"slashblade:proudsoul":2,"minecraft:rotten_flesh":8,"minecraft:hay_block":11,"minecraft:iron_block":3,"minecraft:mutton":12,"minecraft:cobblestone":379,"minecraft:white_wool":7,"minecraft:stripped_oak_log":1,"minecraft:andesite":20,"minecraft:leather":5,"minecraft:flint":2,"minecraft:oak_log":37,"minecraft:gunpowder":2,"minecraft:dirt":16,"minecraft:lapis_lazuli":18,"minecraft:lantern":2,"minecraft:bone":3,"minecraft:wheat_seeds":11,"minecraft:raw_gold":2,"minecraft:iron_ingot":3,"slashblade:slashblade":1,"minecraft:gray_bed":2,"minecraft:oak_planks":2,"minecraft:gravel":31,"minecraft:stripped_spruce_log":2,"minecraft:spruce_sapling":7,"minecraft:blast_furnace":2,"minecraft:white_bed":23,"minecraft:spruce_log":15,"minecraft:bone_meal":1,"minecraft:gray_wool":1,"minecraft:emerald":2,"minecraft:oak_sapling":9,"minecraft:coal":68,"minecraft:sunflower":8},"minecraft:used":{"minecraft:stone_sword":40,"minecraft:stone_shovel":39,"minecraft:torch":12,"minecraft:dirt":3,"quark:spruce_chest":3,"slashblade:slashblade":364,"minecraft:furnace":8,"minecraft:gray_bed":2,"minecraft:stone_pickaxe":131,"minecraft:wooden_pickaxe":11,"minecraft:fletching_table":1,"minecraft:cobblestone_slab":1,"minecraft:crafting_table":7,"minecraft:blast_furnace":2,"minecraft:white_bed":15,"minecraft:spruce_log":3,"minecraft:bread":44,"minecraft:iron_pickaxe":429,"minecraft:gravel":31,"minecraft:stone_axe":94,"minecraft:cobblestone":112,"minecraft:smithing_table":1,"quark:oak_chest":7},"minecraft:killed":{"minecraft:spider":1,"minecraft:skeleton":1,"minecraft:pig":4,"minecraft:iron_golem":1,"minecraft:creeper":1,"minecraft:sheep":8,"minecraft:zombie":9,"minecraft:cow":3},"minecraft:dropped":{"minecraft:wheat_seeds":5,"minecraft:cobblestone":1,"minecraft:cornflower":2,"minecraft:armor_stand":4,"minecraft:iron_boots":2,"minecraft:oak_planks":1,"minecraft:oak_sign":5,"minecraft:cobblestone_slab":5,"slashblade:slashblade":1,"minecraft:ladder":3},"minecraft:mined":{"minecraft:white_bed":24,"minecraft:oak_sapling":1,"minecraft:ladder":3,"minecraft:grass_block":8,"minecraft:coal_block":16,"minecraft:oak_pressure_plate":2,"minecraft:composter":2,"minecraft:hay_block":11,"minecraft:smooth_stone":3,"minecraft:iron_ore":30,"minecraft:andesite":20,"minecraft:stripped_spruce_log":2,"minecraft:deepslate_lapis_ore":3,"minecraft:stripped_oak_log":1,"minecraft:stone":381,"minecraft:iron_block":3,"ars_nouveau:purple_archwood_log":17,"minecraft:smithing_table":1,"minecraft:dandelion":3,"minecraft:oak_fence":2,"minecraft:crafting_table":3,"minecraft:cornflower":1,"minecraft:torch":1,"minecraft:blast_furnace":2,"minecraft:tall_grass":14,"minecraft:oak_planks":2,"minecraft:wall_torch":3,"minecraft:cauldron":1,"minecraft:spruce_log":8,"minecraft:gray_bed":2,"minecraft:grass":54,"minecraft:oak_log":10,"minecraft:coal_ore":69,"minecraft:sunflower":9,"minecraft:gravel":33,"minecraft:dirt":8,"minecraft:cobweb":4,"minecraft:gold_ore":2,"minecraft:oak_leaves":1,"minecraft:deepslate":36}},"DataVersion":3465}