{"stats":{"minecraft:killed_by":{"minecraft:piglin":1,"minecraft:player":1,"minecraft:skeleton":1},"minecraft:custom":{"minecraft:interact_with_crafting_table":92,"minecraft:open_barrel":2,"minecraft:bell_ring":6,"minecraft:eat_cake_slice":2,"minecraft:leave_game":31,"minecraft:time_since_death":285567,"minecraft:sprint_one_cm":1206639,"minecraft:damage_blocked_by_shield":1340,"minecraft:drop":191,"minecraft:talked_to_villager":86,"minecraft:play_time":688030,"minecraft:deaths":4,"minecraft:interact_with_brewingstand":1,"minecraft:jump":9157,"minecraft:walk_on_water_one_cm":34701,"minecraft:interact_with_furnace":90,"minecraft:traded_with_villager":272,"minecraft:sleep_in_bed":13,"minecraft:damage_dealt":33097,"minecraft:crouch_one_cm":184143,"minecraft:interact_with_smoker":1,"minecraft:inspect_dispenser":4,"minecraft:interact_with_smithing_table":5,"minecraft:mob_kills":191,"minecraft:climb_one_cm":9158,"minecraft:walk_one_cm":1122791,"minecraft:sneak_time":50122,"minecraft:walk_under_water_one_cm":41685,"minecraft:interact_with_blast_furnace":16,"minecraft:total_world_time":688030,"minecraft:time_since_rest":33260,"minecraft:damage_taken":6191,"minecraft:swim_one_cm":60635,"minecraft:fly_one_cm":2029332,"minecraft:open_chest":749,"minecraft:fall_one_cm":228722},"minecraft:broken":{"minecraft:stone_pickaxe":1,"slashblade:slashblade":7,"minecraft:shield":2,"minecraft:iron_pickaxe":1,"create:sand_paper":1},"minecraft:mined":{"create:deepslate_zinc_ore":12,"minecraft:white_bed":24,"minecraft:oak_sapling":8,"create:andesite_casing":18,"minecraft:obsidian":11,"minecraft:grass_block":20,"minecraft:cracked_polished_blackstone_bricks":7,"minecraft:oak_pressure_plate":2,"minecraft:coal_block":16,"minecraft:composter":2,"minecraft:nether_wart":10,"minecraft:spawner":2,"minecraft:smooth_stone":3,"minecraft:polished_blackstone_bricks":17,"minecraft:tall_seagrass":3,"minecraft:iron_ore":30,"minecraft:fire":13,"minecraft:deepslate_lapis_ore":3,"minecraft:fletching_table":1,"minecraft:iron_block":3,"create:mechanical_press":6,"quark:violet_corundum":1,"create:cogwheel":16,"minecraft:kelp_plant":7,"minecraft:crimson_nylium":17,"minecraft:amethyst_cluster":19,"quark:gold_bars":1,"minecraft:torch":2,"minecraft:blast_furnace":7,"minecraft:calcite":1,"minecraft:poppy":2,"create:brass_casing":53,"minecraft:nether_quartz_ore":53,"mahoutsukai:mahoujin":6,"minecraft:cobblestone":120,"minecraft:oak_planks":4,"minecraft:sugar_cane":7,"ars_nouveau:scribes_table":2,"minecraft:wall_torch":4,"minecraft:amethyst_block":1,"minecraft:cauldron":1,"create:large_water_wheel":1,"create:basin":3,"minecraft:warped_nylium":3,"ars_nouveau:archwood_planks":2,"minecraft:nether_wart_block":5,"minecraft:birch_log":11,"minecraft:wheat":2,"create:mechanical_mixer":2,"minecraft:grass":477,"minecraft:oak_log":17,"create:hand_crank":4,"minecraft:sand":52,"minecraft:dirt":27,"minecraft:netherrack":351,"minecraft:deepslate":56,"create:crimsite":29,"minecraft:oak_leaves":5,"minecraft:nether_gold_ore":6,"minecraft:deepslate_diamond_ore":25,"ars_nouveau:green_archwood_leaves":5,"minecraft:stripped_birch_log":1,"minecraft:nether_bricks":24,"minecraft:glow_lichen":1,"minecraft:ladder":3,"create:large_cogwheel":6,"minecraft:crimson_roots":1,"minecraft:spruce_leaves":34,"minecraft:kelp":2,"ars_nouveau:volcanic_sourcelink":1,"minecraft:hay_block":15,"create:shaft":18,"minecraft:spruce_sapling":10,"minecraft:furnace":1,"minecraft:carrots":38,"minecraft:andesite":51,"minecraft:stripped_spruce_log":3,"minecraft:gold_block":2,"minecraft:bookshelf":32,"minecraft:potatoes":3,"minecraft:cobblestone_slab":1,"minecraft:deepslate_iron_ore":16,"minecraft:stripped_oak_log":1,"minecraft:stone":435,"minecraft:white_wool":11,"ars_nouveau:purple_archwood_log":36,"minecraft:smithing_table":1,"ars_nouveau:green_archwood_log":4,"minecraft:soul_sand":6,"minecraft:dandelion":5,"minecraft:basalt":2,"travelersbackpack:standard":1,"minecraft:oak_fence":3,"minecraft:crafting_table":5,"minecraft:cornflower":1,"minecraft:rose_bush":9,"minecraft:copper_ore":2,"minecraft:tall_grass":54,"ars_nouveau:source_jar":4,"minecraft:deepslate_gold_ore":4,"minecraft:diorite":9,"create:water_wheel_structure":1,"create:blaze_burner":4,"ars_nouveau:arcane_pedestal":8,"create:gearbox":2,"ars_nouveau:purple_archwood_leaves":3,"minecraft:spruce_log":133,"minecraft:gray_bed":2,"create:mechanical_drill":1,"minecraft:coal_ore":79,"create:mechanical_crafter":10,"minecraft:sunflower":9,"minecraft:gravel":35,"minecraft:cobweb":42,"ars_nouveau:imbuement_chamber":6,"minecraft:gold_ore":2},"minecraft:dropped":{"minecraft:diamond_axe":2,"create:cogwheel":10,"minecraft:leather":2,"minecraft:dirt":1,"minecraft:cornflower":2,"theoneprobe:probenote":1,"create:goggles":1,"create:large_cogwheel":6,"minecraft:armor_stand":4,"ars_nouveau:source_gem":1,"minecraft:gold_ingot":14,"minecraft:bone":2,"minecraft:gravel":4,"minecraft:stone_axe":3,"minecraft:sugar_cane":4,"minecraft:iron_nugget":1,"minecraft:cobbled_deepslate":19,"minecraft:beetroot":1,"minecraft:oak_planks":2,"ars_nouveau:archwood_slab":3,"minecraft:chainmail_chestplate":12,"minecraft:poppy":4,"minecraft:beetroot_seeds":1,"create:wrench":1,"minecraft:ladder":3,"minecraft:arrow":4,"minecraft:glass":18,"create:mechanical_mixer":1,"minecraft:iron_ingot":41,"create:rose_quartz":16,"minecraft:wheat_seeds":28,"minecraft:oak_fence":1,"minecraft:cobblestone":1,"minecraft:book":1,"minecraft:copper_ingot":44,"ars_nouveau:purple_archwood_log":31,"minecraft:purple_dye":2,"minecraft:stick":1,"minecraft:ink_sac":4,"minecraft:torch":1,"minecraft:red_dye":11,"minecraft:string":13,"minecraft:dandelion":3,"create:shaft":21,"minecraft:blaze_rod":1,"minecraft:cobblestone_wall":127,"minecraft:diamond_hoe":1,"ars_nouveau:archwood_planks":1,"minecraft:iron_boots":2,"minecraft:nether_bricks":1,"minecraft:oak_sign":5,"minecraft:diamond_sword":1,"minecraft:cobblestone_slab":5,"create:zinc_ingot":34,"minecraft:diamond_pickaxe":2,"slashblade:slashblade":1,"ars_nouveau:green_archwood_log":221},"minecraft:picked_up":{"minecraft:wheat":5,"create:mechanical_crafter":11,"minecraft:smithing_table":1,"minecraft:diamond_sword":3,"minecraft:enchanted_book":1,"minecraft:amethyst_block":4,"minecraft:string":64,"minecraft:raw_copper":6,"minecraft:armor_stand":4,"mahoutsukai:spell_cloth":2,"minecraft:experience_bottle":3,"minecraft:oak_sign":5,"minecraft:beetroot":1,"minecraft:cobbled_deepslate":117,"minecraft:diamond_leggings":2,"create:mechanical_press":6,"minecraft:gold_nugget":24,"minecraft:smooth_stone":3,"minecraft:rose_bush":9,"minecraft:cobblestone_slab":6,"minecraft:calcite":1,"minecraft:coal_block":16,"minecraft:furnace":1,"minecraft:iron_boots":4,"mahoutsukai:hammer":1,"minecraft:stick":166,"create:mechanical_mixer":4,"minecraft:composter":2,"minecraft:oak_fence":2,"minecraft:torch":8,"create:andesite_casing":18,"minecraft:porkchop":11,"minecraft:golden_axe":3,"minecraft:diorite":9,"minecraft:cauldron":1,"create:large_cogwheel":12,"slashblade:proudsoul":5,"minecraft:rotten_flesh":35,"quark:violet_corundum_cluster":2,"ars_nouveau:imbuement_chamber":6,"minecraft:iron_block":3,"ars_nouveau:glyph_extract":1,"minecraft:bookshelf":29,"minecraft:blaze_rod":25,"minecraft:obsidian":10,"ars_nouveau:manipulation_essence":1,"minecraft:cobblestone":1687,"minecraft:birch_log":26,"minecraft:magma_cream":17,"minecraft:water_bucket":1,"minecraft:andesite":50,"minecraft:potato":18,"minecraft:flint":3,"ars_nouveau:earth_essence":1,"create:raw_zinc":12,"ars_nouveau:scribes_table":2,"minecraft:lapis_lazuli":30,"minecraft:stripped_birch_log":1,"minecraft:dirt":43,"minecraft:lantern":2,"mahoutsukai:scroll_weapon_shooter":1,"minecraft:bone":20,"minecraft:bow":1,"minecraft:wheat_seeds":61,"ars_nouveau:source_gem":7,"minecraft:raw_gold":6,"create:mechanical_drill":1,"create:shaft":34,"minecraft:fletching_table":1,"slashblade:slashblade":1,"minecraft:glowstone_dust":2,"minecraft:oak_planks":26,"create:cogwheel":26,"minecraft:sand":52,"minecraft:stripped_spruce_log":3,"minecraft:ink_sac":4,"minecraft:dark_oak_log":6,"minecraft:spectral_arrow":21,"quark:gold_bars":1,"create:crimsite":29,"minecraft:diamond":39,"minecraft:cracked_polished_blackstone_bricks":6,"mahoutsukai:dagger":1,"minecraft:bone_meal":1,"minecraft:emerald":3,"minecraft:bread":18,"mahoutsukai:guidebook":1,"minecraft:oak_sapling":41,"minecraft:netherrack":338,"ars_nouveau:arcane_pedestal":8,"minecraft:crimson_roots":5,"minecraft:diamond_pickaxe":3,"minecraft:spruce_leaves":1,"minecraft:crafting_table":6,"minecraft:nether_wart":20,"minecraft:chicken":1,"minecraft:ladder":3,"minecraft:gold_block":3,"minecraft:shield":1,"ars_nouveau:archwood_planks":2,"minecraft:cornflower":2,"minecraft:moss_carpet":1,"minecraft:beef":31,"create:basin":4,"minecraft:iron_nugget":7,"minecraft:poppy":4,"minecraft:sugar_cane":19,"minecraft:birch_sapling":2,"minecraft:egg":1,"minecraft:raw_iron":47,"ars_nouveau:purple_archwood_log":59,"minecraft:stone":12,"quark:violet_corundum":1,"minecraft:copper_ingot":9,"create:golden_sheet":8,"ars_nouveau:purple_archwood_sapling":1,"minecraft:polished_blackstone_bricks":18,"create:hand_crank":5,"minecraft:carrot":163,"create:brass_casing":53,"create:zinc_ingot":2,"create:vertical_gearbox":1,"ars_nouveau:green_archwood_log":520,"minecraft:arrow":17,"minecraft:diamond_chestplate":1,"minecraft:beetroot_seeds":1,"minecraft:nether_bricks":12,"ars_nouveau:glyph_ender_inventory":1,"minecraft:diamond_boots":2,"minecraft:hay_block":15,"minecraft:gold_ingot":17,"mahoutsukai:powdered_gold":1,"minecraft:mutton":22,"minecraft:white_wool":12,"minecraft:stripped_oak_log":1,"mahoutsukai:scroll_reality_marble":2,"create:iron_sheet":29,"create:brass_sheet":1,"minecraft:basalt":2,"minecraft:leather":20,"minecraft:oak_log":143,"minecraft:nether_wart_block":16,"minecraft:gunpowder":2,"create:blaze_burner":4,"mowziesmobs:wrought_axe":1,"minecraft:paper":4,"ars_nouveau:green_archwood_sapling":26,"mahoutsukai:weapon_projectile_bow":1,"minecraft:apple":4,"minecraft:kelp":32,"minecraft:iron_ingot":50,"minecraft:gray_bed":2,"minecraft:soul_sand":5,"minecraft:book":6,"create:large_water_wheel":2,"ars_nouveau:source_jar":4,"mahoutsukai:attuned_diamond":1,"minecraft:quartz":70,"minecraft:dandelion":3,"minecraft:gravel":32,"ars_nouveau:bastion_pod":3,"minecraft:amethyst_shard":76,"mowziesmobs:wrought_helmet":1,"minecraft:spruce_sapling":128,"minecraft:blast_furnace":7,"minecraft:white_bed":23,"minecraft:spruce_log":628,"create:gearbox":1,"minecraft:spider_eye":7,"ars_nouveau:volcanic_sourcelink":1,"travelersbackpack:standard":1,"ars_nouveau:glyph_grow":1,"create:brass_ingot":11,"ars_nouveau:source_gem_block":2,"minecraft:diamond_axe":4,"ars_nouveau:green_archwood_leaves":1,"minecraft:gray_wool":1,"minecraft:stripped_dark_oak_log":1,"minecraft:coal":79,"minecraft:sunflower":8},"minecraft:used":{"minecraft:shield":54,"minecraft:mutton":12,"create:cogwheel":133,"create:mechanical_crafter":32,"minecraft:carrot":173,"minecraft:lava_bucket":4,"ars_nouveau:green_archwood_sapling":1,"create:shaft":84,"create:mechanical_drill":4,"minecraft:furnace":10,"minecraft:gray_bed":2,"ars_nouveau:green_archwood_log":57,"minecraft:oak_planks":9,"minecraft:stone_pickaxe":131,"minecraft:wooden_pickaxe":11,"minecraft:sugar_cane":1,"minecraft:diamond_axe":485,"ars_nouveau:archwood_planks":2,"minecraft:blast_furnace":8,"quark:gold_bars":1,"minecraft:bread":98,"ars_nouveau:purple_archwood_log":15,"create:andesite_casing":1,"minecraft:gravel":31,"minecraft:nether_wart_block":8,"minecraft:diamond_sword":322,"create:basin":6,"minecraft:smithing_table":1,"minecraft:andesite":15,"minecraft:birch_log":9,"create:vertical_gearbox":7,"minecraft:bone_meal":121,"create:large_cogwheel":62,"minecraft:experience_bottle":3,"mahoutsukai:spell_cloth":2,"travelersbackpack:blaze":11,"minecraft:enchanting_table":1,"minecraft:stone_sword":40,"minecraft:stone_shovel":78,"minecraft:netherrack":180,"minecraft:torch":13,"minecraft:dirt":17,"create:mechanical_mixer":5,"minecraft:bookshelf":27,"quark:spruce_chest":11,"create:wrench":280,"create:gearbox":15,"minecraft:iron_axe":1,"slashblade:slashblade":684,"ars_nouveau:imbuement_chamber":7,"minecraft:diamond_chestplate":1,"minecraft:basalt":2,"minecraft:beef":6,"minecraft:wheat_seeds":1,"minecraft:water_bucket":55,"create:empty_blaze_burner":4,"minecraft:fletching_table":3,"minecraft:cobblestone_slab":3,"create:blaze_burner":5,"minecraft:polished_blackstone_bricks":12,"minecraft:crafting_table":11,"minecraft:white_bed":15,"minecraft:spruce_log":11,"mowziesmobs:wrought_axe":126,"minecraft:diamond_pickaxe":923,"minecraft:apple":2,"create:mechanical_press":12,"ars_nouveau:source_jar":5,"minecraft:cracked_polished_blackstone_bricks":6,"ars_nouveau:arcane_pedestal":11,"minecraft:iron_pickaxe":471,"ars_nouveau:volcanic_sourcelink":2,"minecraft:spruce_sapling":36,"create:large_water_wheel":31,"minecraft:stone_axe":95,"minecraft:cobblestone":1314,"travelersbackpack:standard":1,"minecraft:porkchop":11,"minecraft:bucket":68,"quark:oak_chest":7,"create:hand_crank":5,"minecraft:kelp":32,"ars_nouveau:scribes_table":3},"minecraft:killed":{"minecraft:cave_spider":14,"minecraft:witch":1,"minecraft:spider":6,"minecraft:skeleton":8,"minecraft:chicken":1,"minecraft:piglin_brute":3,"minecraft:magma_cube":14,"minecraft:piglin":8,"minecraft:pig":4,"minecraft:zombie_villager":1,"minecraft:iron_golem":4,"minecraft:creeper":2,"minecraft:sheep":9,"minecraft:donkey":2,"minecraft:zombie":39,"minecraft:blaze":46,"minecraft:cow":14,"mowziesmobs:ferrous_wroughtnaut":1,"minecraft:drowned":1,"quark:foxhound":1,"minecraft:squid":3,"ars_nouveau:whirlisprig":1,"minecraft:wither_skeleton":4},"minecraft:crafted":{"minecraft:ender_chest":1,"minecraft:smooth_stone":9,"minecraft:oak_planks":216,"minecraft:cobblestone_slab":12,"travelersbackpack:crafting_upgrade":1,"ars_nouveau:archwood_planks":348,"minecraft:blaze_powder":6,"minecraft:birch_slab":6,"minecraft:stone":15,"mahoutsukai:dagger":1,"minecraft:quartz_block":4,"minecraft:glass":86,"minecraft:diamond_helmet":1,"minecraft:diamond_leggings":1,"ars_nouveau:worn_notebook":1,"create:mechanical_press":1,"mahoutsukai:hammer":1,"ars_nouveau:apprentice_spell_book":1,"minecraft:ender_eye":1,"create:cogwheel":78,"travelersbackpack:iron_tier_upgrade":1,"create:rose_quartz":8,"minecraft:emerald":250,"minecraft:diamond_axe":1,"minecraft:crafting_table":18,"minecraft:spruce_planks":1200,"slashblade:slashblade":7,"minecraft:baked_potato":4,"travelersbackpack:standard":1,"minecraft:wooden_pickaxe":1,"minecraft:chainmail_chestplate":12,"ars_nouveau:source_jar":1,"minecraft:clock":1,"minecraft:copper_ingot":6,"create:sand_paper":4,"travelersbackpack:blaze":1,"minecraft:fletching_table":2,"minecraft:birch_planks":16,"create:mechanical_mixer":1,"mahoutsukai:spell_cloth":4,"create:gearbox":11,"create:water_wheel":11,"minecraft:paper":3,"minecraft:diamond_pickaxe":2,"minecraft:purple_dye":4,"minecraft:shield":1,"mahoutsukai:powdered_diamond":5,"minecraft:stick":6780,"quark:oak_chest":9,"minecraft:iron_ingot":96,"minecraft:iron_pickaxe":2,"minecraft:stone_sword":2,"minecraft:iron_block":1,"minecraft:gold_ingot":26,"create:large_cogwheel":21,"ars_nouveau:scribes_table":1,"minecraft:fire_charge":3,"ars_nouveau:arcane_pedestal":4,"create:empty_blaze_burner":4,"minecraft:wooden_sword":7,"minecraft:raw_iron":18,"minecraft:stone_shovel":1,"minecraft:coal":144,"ars_nouveau:volcanic_sourcelink":1,"create:wrench":2,"mahoutsukai:guidebook":1,"minecraft:iron_nugget":207,"minecraft:diamond_hoe":3,"minecraft:furnace":10,"minecraft:stone_button":1,"minecraft:blast_furnace":1,"minecraft:bone_meal":168,"ars_nouveau:archwood_slab":12,"travelersbackpack:blank_upgrade":4,"travelersbackpack:gold_tier_upgrade":1,"mahoutsukai:attuner":1,"travelersbackpack:white_sleeping_bag":1,"ars_nouveau:novice_spell_book":1,"minecraft:iron_axe":1,"minecraft:stone_pickaxe":1,"minecraft:diamond_boots":1,"mahoutsukai:powdered_gold":3,"create:electron_tube":8,"create:basin":2,"quark:spruce_chest":11,"travelersbackpack:diamond_tier_upgrade":1,"minecraft:wheat":135,"minecraft:red_dye":18,"ars_nouveau:source_gem":8,"create:andesite_alloy":85,"create:hand_crank":1,"minecraft:diamond_sword":1,"mahoutsukai:attuned_diamond":1,"ars_nouveau:imbuement_chamber":1,"minecraft:enchanting_table":1,"travelersbackpack:backpack_tank":4,"minecraft:iron_sword":1,"create:goggles":2,"create:large_water_wheel":11,"minecraft:bucket":1,"minecraft:stone_axe":5,"minecraft:bread":45,"minecraft:air":0,"minecraft:blue_dye":2,"ars_nouveau:sourcestone":16,"create:whisk":1,"minecraft:gold_nugget":36,"create:mechanical_crafter":24,"minecraft:iron_shovel":1,"minecraft:white_bed":1,"create:mechanical_drill":3,"create:shaft":144,"minecraft:torch":28,"create:zinc_ingot":12,"minecraft:diamond_chestplate":1,"slashblade:proudsoul_tiny":8}},"DataVersion":3465}