{"stats":{"minecraft:mined":{"minecraft:white_bed":24,"minecraft:oak_sapling":8,"create:andesite_casing":6,"minecraft:obsidian":6,"minecraft:grass_block":17,"minecraft:cracked_polished_blackstone_bricks":7,"minecraft:oak_pressure_plate":2,"minecraft:coal_block":16,"minecraft:composter":2,"minecraft:spawner":2,"minecraft:smooth_stone":3,"minecraft:polished_blackstone_bricks":17,"minecraft:tall_seagrass":3,"minecraft:iron_ore":30,"minecraft:fire":5,"minecraft:fletching_table":1,"minecraft:deepslate_lapis_ore":3,"minecraft:iron_block":3,"create:mechanical_press":1,"create:cogwheel":1,"minecraft:kelp_plant":7,"minecraft:torch":1,"minecraft:blast_furnace":7,"minecraft:poppy":2,"minecraft:nether_quartz_ore":19,"mahoutsukai:mahoujin":6,"minecraft:cobblestone":85,"minecraft:sugar_cane":5,"minecraft:oak_planks":4,"minecraft:wall_torch":4,"minecraft:cauldron":1,"minecraft:warped_nylium":3,"minecraft:nether_wart_block":1,"minecraft:birch_log":11,"minecraft:grass":305,"minecraft:oak_log":17,"create:hand_crank":3,"minecraft:sand":48,"minecraft:dirt":10,"minecraft:netherrack":119,"minecraft:oak_leaves":5,"minecraft:deepslate":38,"minecraft:nether_gold_ore":6,"minecraft:deepslate_diamond_ore":20,"minecraft:stripped_birch_log":1,"minecraft:ladder":3,"minecraft:nether_bricks":2,"minecraft:spruce_leaves":34,"minecraft:kelp":2,"minecraft:hay_block":15,"create:shaft":4,"minecraft:spruce_sapling":9,"minecraft:carrots":7,"minecraft:andesite":20,"minecraft:stripped_spruce_log":3,"minecraft:gold_block":2,"minecraft:bookshelf":30,"minecraft:potatoes":1,"minecraft:deepslate_iron_ore":16,"minecraft:cobblestone_slab":1,"minecraft:stripped_oak_log":1,"minecraft:stone":385,"minecraft:white_wool":11,"ars_nouveau:purple_archwood_log":17,"minecraft:smithing_table":1,"minecraft:basalt":2,"minecraft:dandelion":5,"travelersbackpack:standard":1,"minecraft:oak_fence":3,"minecraft:crafting_table":4,"minecraft:cornflower":1,"minecraft:rose_bush":9,"minecraft:tall_grass":31,"minecraft:deepslate_gold_ore":4,"create:water_wheel_structure":1,"minecraft:gray_bed":2,"minecraft:spruce_log":133,"create:mechanical_drill":1,"minecraft:coal_ore":79,"minecraft:sunflower":9,"minecraft:gravel":33,"minecraft:cobweb":42,"minecraft:gold_ore":2},"minecraft:killed":{"minecraft:cave_spider":14,"minecraft:spider":2,"minecraft:skeleton":4,"minecraft:chicken":1,"minecraft:piglin_brute":3,"minecraft:magma_cube":13,"minecraft:piglin":8,"minecraft:pig":4,"minecraft:iron_golem":4,"minecraft:creeper":1,"minecraft:sheep":9,"minecraft:donkey":2,"minecraft:zombie":21,"minecraft:cow":14,"minecraft:blaze":18,"quark:foxhound":1,"minecraft:squid":2,"ars_nouveau:whirlisprig":1},"minecraft:crafted":{"minecraft:oak_planks":216,"minecraft:cobblestone_slab":12,"travelersbackpack:crafting_upgrade":1,"ars_nouveau:archwood_planks":4,"minecraft:blaze_powder":4,"mahoutsukai:dagger":1,"minecraft:glass":42,"minecraft:quartz_block":4,"minecraft:diamond_helmet":1,"minecraft:diamond_leggings":1,"create:mechanical_press":1,"mahoutsukai:hammer":1,"ars_nouveau:apprentice_spell_book":1,"create:cogwheel":24,"travelersbackpack:iron_tier_upgrade":1,"minecraft:emerald":250,"minecraft:diamond_axe":1,"minecraft:crafting_table":7,"minecraft:spruce_planks":1132,"slashblade:slashblade":7,"travelersbackpack:standard":1,"minecraft:wooden_pickaxe":1,"minecraft:chainmail_chestplate":12,"travelersbackpack:blaze":1,"minecraft:fletching_table":2,"minecraft:birch_planks":16,"mahoutsukai:spell_cloth":4,"minecraft:paper":3,"minecraft:diamond_pickaxe":2,"create:water_wheel":11,"minecraft:purple_dye":4,"minecraft:shield":1,"mahoutsukai:powdered_diamond":5,"minecraft:stick":6780,"quark:oak_chest":9,"minecraft:iron_ingot":92,"minecraft:iron_pickaxe":2,"minecraft:iron_block":1,"minecraft:stone_sword":2,"minecraft:gold_ingot":26,"create:large_cogwheel":12,"ars_nouveau:scribes_table":1,"minecraft:fire_charge":3,"minecraft:wooden_sword":7,"minecraft:raw_iron":18,"minecraft:coal":144,"minecraft:stone_shovel":1,"create:wrench":2,"mahoutsukai:guidebook":1,"minecraft:iron_nugget":99,"minecraft:diamond_hoe":3,"minecraft:furnace":9,"minecraft:blast_furnace":1,"minecraft:bone_meal":144,"ars_nouveau:archwood_slab":6,"travelersbackpack:blank_upgrade":4,"travelersbackpack:gold_tier_upgrade":1,"mahoutsukai:attuner":1,"travelersbackpack:white_sleeping_bag":1,"ars_nouveau:novice_spell_book":1,"minecraft:iron_axe":1,"minecraft:stone_pickaxe":1,"minecraft:diamond_boots":1,"mahoutsukai:powdered_gold":3,"quark:spruce_chest":3,"minecraft:wheat":135,"minecraft:red_dye":18,"create:andesite_alloy":49,"create:hand_crank":1,"minecraft:diamond_sword":1,"minecraft:enchanting_table":1,"mahoutsukai:attuned_diamond":1,"travelersbackpack:backpack_tank":4,"minecraft:iron_sword":1,"create:large_water_wheel":11,"minecraft:bucket":1,"minecraft:stone_axe":5,"minecraft:bread":45,"minecraft:air":0,"minecraft:blue_dye":2,"minecraft:gold_nugget":9,"minecraft:iron_shovel":1,"minecraft:white_bed":1,"create:mechanical_drill":3,"create:shaft":96,"minecraft:torch":28,"minecraft:diamond_chestplate":1,"slashblade:proudsoul_tiny":8},"minecraft:broken":{"minecraft:stone_pickaxe":1,"slashblade:slashblade":7,"minecraft:iron_pickaxe":1},"minecraft:picked_up":{"minecraft:wheat":1,"minecraft:smithing_table":1,"minecraft:diamond_sword":3,"minecraft:enchanted_book":1,"minecraft:string":58,"minecraft:armor_stand":4,"mahoutsukai:spell_cloth":2,"minecraft:experience_bottle":3,"minecraft:oak_sign":5,"minecraft:beetroot":1,"minecraft:cobbled_deepslate":98,"minecraft:diamond_leggings":2,"create:mechanical_press":1,"minecraft:gold_nugget":24,"minecraft:smooth_stone":3,"minecraft:rose_bush":9,"minecraft:cobblestone_slab":6,"minecraft:coal_block":16,"minecraft:iron_boots":4,"mahoutsukai:hammer":1,"minecraft:stick":139,"minecraft:composter":2,"minecraft:oak_fence":2,"minecraft:torch":6,"create:andesite_casing":6,"minecraft:porkchop":11,"minecraft:golden_axe":3,"minecraft:cauldron":1,"slashblade:proudsoul":5,"minecraft:rotten_flesh":19,"minecraft:iron_block":3,"minecraft:bookshelf":28,"minecraft:blaze_rod":9,"minecraft:obsidian":6,"minecraft:cobblestone":1030,"minecraft:birch_log":26,"minecraft:magma_cream":17,"minecraft:water_bucket":1,"minecraft:andesite":20,"minecraft:potato":4,"minecraft:flint":2,"minecraft:lapis_lazuli":30,"minecraft:stripped_birch_log":1,"minecraft:dirt":26,"minecraft:lantern":2,"mahoutsukai:scroll_weapon_shooter":1,"minecraft:bone":8,"minecraft:wheat_seeds":31,"create:mechanical_drill":1,"minecraft:raw_gold":6,"create:shaft":4,"minecraft:fletching_table":1,"slashblade:slashblade":1,"minecraft:oak_planks":26,"create:cogwheel":1,"minecraft:sand":48,"minecraft:stripped_spruce_log":3,"minecraft:ink_sac":3,"minecraft:spectral_arrow":21,"minecraft:diamond":34,"minecraft:cracked_polished_blackstone_bricks":6,"mahoutsukai:dagger":1,"minecraft:bone_meal":1,"minecraft:emerald":2,"mahoutsukai:guidebook":1,"minecraft:oak_sapling":41,"minecraft:netherrack":121,"minecraft:diamond_pickaxe":3,"minecraft:spruce_leaves":1,"minecraft:crafting_table":5,"minecraft:chicken":1,"minecraft:ladder":3,"minecraft:gold_block":3,"minecraft:shield":1,"minecraft:cornflower":2,"minecraft:moss_carpet":1,"minecraft:beef":31,"minecraft:iron_nugget":7,"minecraft:poppy":4,"minecraft:sugar_cane":14,"minecraft:birch_sapling":2,"minecraft:egg":1,"minecraft:raw_iron":47,"ars_nouveau:purple_archwood_log":17,"create:golden_sheet":6,"minecraft:polished_blackstone_bricks":18,"create:hand_crank":4,"minecraft:carrot":28,"minecraft:arrow":14,"minecraft:diamond_chestplate":1,"minecraft:beetroot_seeds":1,"minecraft:diamond_boots":2,"minecraft:hay_block":15,"minecraft:gold_ingot":17,"mahoutsukai:powdered_gold":1,"minecraft:mutton":22,"minecraft:white_wool":12,"minecraft:stripped_oak_log":1,"mahoutsukai:scroll_reality_marble":2,"minecraft:basalt":2,"minecraft:leather":20,"minecraft:oak_log":143,"minecraft:nether_wart_block":12,"minecraft:gunpowder":2,"mahoutsukai:weapon_projectile_bow":1,"minecraft:apple":4,"minecraft:kelp":32,"minecraft:iron_ingot":34,"minecraft:gray_bed":2,"minecraft:book":3,"create:large_water_wheel":1,"minecraft:quartz":36,"mahoutsukai:attuned_diamond":1,"minecraft:dandelion":3,"minecraft:gravel":31,"minecraft:spruce_sapling":128,"minecraft:blast_furnace":7,"minecraft:white_bed":23,"minecraft:spruce_log":611,"minecraft:spider_eye":5,"travelersbackpack:standard":1,"minecraft:diamond_axe":4,"minecraft:gray_wool":1,"minecraft:coal":78,"minecraft:sunflower":8},"minecraft:killed_by":{"minecraft:piglin":1,"minecraft:player":1,"minecraft:skeleton":1},"minecraft:used":{"minecraft:shield":29,"minecraft:mutton":12,"create:cogwheel":7,"minecraft:carrot":32,"minecraft:lava_bucket":4,"create:shaft":10,"minecraft:furnace":8,"create:mechanical_drill":4,"minecraft:gray_bed":2,"minecraft:stone_pickaxe":131,"minecraft:oak_planks":9,"minecraft:wooden_pickaxe":11,"minecraft:diamond_axe":319,"minecraft:blast_furnace":8,"minecraft:bread":73,"minecraft:gravel":31,"minecraft:nether_wart_block":4,"minecraft:diamond_sword":215,"minecraft:smithing_table":1,"minecraft:andesite":15,"minecraft:bone_meal":119,"create:large_cogwheel":2,"mahoutsukai:spell_cloth":2,"travelersbackpack:blaze":1,"minecraft:stone_sword":40,"minecraft:stone_shovel":78,"minecraft:netherrack":61,"minecraft:torch":12,"minecraft:dirt":9,"minecraft:bookshelf":1,"quark:spruce_chest":3,"create:wrench":3,"minecraft:iron_axe":1,"slashblade:slashblade":684,"minecraft:diamond_chestplate":1,"minecraft:basalt":2,"minecraft:beef":6,"minecraft:water_bucket":34,"minecraft:fletching_table":3,"minecraft:cobblestone_slab":3,"minecraft:polished_blackstone_bricks":12,"minecraft:crafting_table":9,"minecraft:white_bed":15,"minecraft:spruce_log":11,"minecraft:diamond_pickaxe":301,"minecraft:apple":2,"create:mechanical_press":1,"minecraft:cracked_polished_blackstone_bricks":6,"minecraft:iron_pickaxe":471,"minecraft:spruce_sapling":36,"create:large_water_wheel":12,"minecraft:stone_axe":95,"minecraft:cobblestone":1078,"travelersbackpack:standard":1,"minecraft:porkchop":11,"minecraft:bucket":43,"quark:oak_chest":7,"create:hand_crank":4,"ars_nouveau:scribes_table":1},"minecraft:dropped":{"minecraft:diamond_axe":2,"minecraft:leather":2,"minecraft:dirt":1,"minecraft:cornflower":2,"minecraft:armor_stand":4,"minecraft:gold_ingot":12,"minecraft:bone":2,"minecraft:gravel":4,"minecraft:stone_axe":3,"minecraft:beetroot":1,"minecraft:oak_planks":2,"ars_nouveau:archwood_slab":3,"minecraft:chainmail_chestplate":12,"minecraft:poppy":4,"minecraft:beetroot_seeds":1,"create:wrench":1,"minecraft:ladder":3,"minecraft:arrow":2,"minecraft:glass":18,"minecraft:wheat_seeds":6,"minecraft:oak_fence":1,"minecraft:cobblestone":1,"ars_nouveau:purple_archwood_log":4,"minecraft:purple_dye":2,"minecraft:ink_sac":1,"minecraft:torch":1,"minecraft:red_dye":11,"minecraft:string":6,"minecraft:dandelion":2,"minecraft:cobblestone_wall":127,"ars_nouveau:archwood_planks":1,"minecraft:iron_boots":2,"minecraft:oak_sign":5,"minecraft:diamond_sword":1,"minecraft:cobblestone_slab":5,"minecraft:diamond_pickaxe":2,"slashblade:slashblade":1},"minecraft:custom":{"minecraft:interact_with_crafting_table":71,"minecraft:open_barrel":2,"minecraft:bell_ring":6,"minecraft:eat_cake_slice":2,"minecraft:leave_game":24,"minecraft:time_since_death":3534,"minecraft:sprint_one_cm":774356,"minecraft:damage_blocked_by_shield":480,"minecraft:drop":71,"minecraft:talked_to_villager":85,"minecraft:play_time":405997,"minecraft:deaths":4,"minecraft:jump":6165,"minecraft:walk_on_water_one_cm":26477,"minecraft:interact_with_furnace":66,"minecraft:traded_with_villager":272,"minecraft:sleep_in_bed":8,"minecraft:damage_dealt":19775,"minecraft:crouch_one_cm":143657,"minecraft:interact_with_smithing_table":4,"minecraft:mob_kills":125,"minecraft:climb_one_cm":7414,"minecraft:walk_one_cm":565000,"minecraft:sneak_time":37447,"minecraft:walk_under_water_one_cm":25447,"minecraft:interact_with_blast_furnace":16,"minecraft:total_world_time":405997,"minecraft:time_since_rest":36263,"minecraft:damage_taken":3928,"minecraft:swim_one_cm":30057,"minecraft:fly_one_cm":1461700,"minecraft:open_chest":459,"minecraft:fall_one_cm":165085}},"DataVersion":3465}