{"stats":{"minecraft:broken":{"minecraft:stone_pickaxe":1,"slashblade:slashblade":7,"minecraft:shield":2,"minecraft:diamond_axe":1,"minecraft:iron_pickaxe":1,"create:sand_paper":1},"minecraft:custom":{"minecraft:interact_with_crafting_table":103,"minecraft:open_barrel":5,"minecraft:bell_ring":6,"minecraft:eat_cake_slice":3,"minecraft:leave_game":39,"minecraft:time_since_death":517168,"minecraft:sprint_one_cm":1687949,"minecraft:damage_blocked_by_shield":1340,"minecraft:drop":297,"minecraft:talked_to_villager":148,"minecraft:play_time":919631,"minecraft:deaths":4,"minecraft:interact_with_brewingstand":1,"minecraft:jump":12503,"minecraft:walk_on_water_one_cm":40622,"minecraft:enchant_item":19,"minecraft:interact_with_furnace":106,"minecraft:traded_with_villager":349,"minecraft:sleep_in_bed":16,"minecraft:damage_dealt":43710,"minecraft:crouch_one_cm":312203,"minecraft:interact_with_smoker":1,"minecraft:inspect_dispenser":4,"minecraft:interact_with_smithing_table":9,"minecraft:interact_with_anvil":3,"minecraft:mob_kills":242,"minecraft:climb_one_cm":9605,"minecraft:walk_one_cm":1545268,"minecraft:sneak_time":78712,"minecraft:walk_under_water_one_cm":83332,"minecraft:interact_with_blast_furnace":28,"minecraft:total_world_time":919631,"minecraft:interact_with_grindstone":18,"minecraft:time_since_rest":124881,"minecraft:damage_taken":6712,"minecraft:swim_one_cm":129593,"minecraft:fly_one_cm":2793903,"minecraft:open_chest":921,"minecraft:fall_one_cm":308476},"minecraft:picked_up":{"minecraft:wheat":65,"create:mechanical_crafter":11,"minecraft:smithing_table":2,"minecraft:diamond_sword":3,"minecraft:enchanted_book":1,"minecraft:amethyst_block":4,"minecraft:string":71,"minecraft:dark_oak_trapdoor":3,"minecraft:raw_copper":204,"mahoutsukai:spell_cloth":2,"minecraft:armor_stand":4,"minecraft:experience_bottle":3,"minecraft:zombie_head":1,"minecraft:oak_sign":5,"minecraft:beetroot":1,"minecraft:diamond_leggings":2,"minecraft:smooth_stone":3,"minecraft:gold_nugget":1676,"create:mechanical_press":6,"minecraft:cobbled_deepslate":132,"minecraft:spruce_planks":2,"minecraft:rose_bush":10,"minecraft:cobblestone_slab":6,"minecraft:calcite":1,"minecraft:coal_block":16,"minecraft:iron_boots":4,"mahoutsukai:hammer":1,"minecraft:furnace":2,"minecraft:stick":245,"create:mechanical_mixer":4,"minecraft:composter":2,"minecraft:oak_fence":2,"minecraft:torch":22,"create:andesite_casing":27,"minecraft:spruce_stairs":4,"minecraft:porkchop":11,"minecraft:golden_axe":3,"minecraft:diorite":121,"minecraft:cauldron":1,"create:large_cogwheel":13,"slashblade:proudsoul":5,"minecraft:rotten_flesh":49,"create:ochrum":159,"quark:violet_corundum_cluster":2,"ars_nouveau:imbuement_chamber":6,"minecraft:iron_block":3,"ars_nouveau:glyph_extract":1,"create:veridium":331,"minecraft:bookshelf":55,"minecraft:blaze_rod":25,"minecraft:obsidian":10,"minecraft:cobblestone":3292,"ars_nouveau:manipulation_essence":1,"minecraft:birch_log":26,"minecraft:enchanting_table":1,"minecraft:magma_cream":17,"minecraft:water_bucket":1,"minecraft:andesite":64,"minecraft:potato":20,"minecraft:flint":6,"ars_nouveau:earth_essence":1,"minecraft:tuff":83,"create:raw_zinc":12,"ars_nouveau:scribes_table":3,"minecraft:stripped_birch_log":1,"minecraft:lapis_lazuli":163,"minecraft:dirt":936,"minecraft:lantern":5,"mahoutsukai:scroll_weapon_shooter":1,"minecraft:bone":22,"minecraft:bow":1,"minecraft:wheat_seeds":202,"ars_nouveau:source_gem":7,"minecraft:raw_gold":9,"create:mechanical_drill":4,"minecraft:grindstone":1,"create:shaft":39,"slashblade:slashblade":1,"minecraft:fletching_table":2,"minecraft:glowstone_dust":2,"minecraft:oak_planks":26,"create:cogwheel":35,"minecraft:sand":52,"minecraft:stripped_spruce_log":4,"minecraft:ink_sac":4,"minecraft:grass_block":1,"minecraft:spectral_arrow":21,"minecraft:dark_oak_log":551,"minecraft:barrel":1,"quark:gold_bars":1,"create:crimsite":29,"minecraft:diamond":47,"minecraft:cracked_polished_blackstone_bricks":6,"minecraft:granite":301,"mahoutsukai:dagger":1,"minecraft:bone_meal":1,"minecraft:bread":19,"minecraft:emerald":3,"mahoutsukai:guidebook":1,"minecraft:oak_sapling":41,"minecraft:netherrack":533,"ars_nouveau:arcane_pedestal":8,"minecraft:crimson_roots":5,"minecraft:diamond_pickaxe":3,"nethersdelight:hoglin_loin":5,"minecraft:spruce_leaves":1,"minecraft:crafting_table":6,"minecraft:azure_bluet":10,"minecraft:nether_wart":20,"minecraft:chicken":1,"minecraft:ladder":3,"minecraft:gold_block":3,"minecraft:shield":1,"ars_nouveau:archwood_planks":2,"minecraft:cornflower":6,"minecraft:moss_carpet":1,"create:scorchia":1,"quark:spruce_chest":4,"minecraft:beef":31,"create:basin":4,"minecraft:iron_nugget":7,"minecraft:poppy":14,"minecraft:sugar_cane":19,"minecraft:lectern":35,"minecraft:chest":2,"minecraft:birch_sapling":2,"minecraft:spruce_trapdoor":15,"minecraft:egg":1,"minecraft:dark_oak_sapling":47,"minecraft:raw_iron":117,"ars_nouveau:purple_archwood_log":59,"minecraft:stone":13,"quark:violet_corundum":1,"create:golden_sheet":8,"minecraft:copper_ingot":10,"ars_nouveau:purple_archwood_sapling":1,"minecraft:polished_blackstone_bricks":18,"create:hand_crank":5,"minecraft:carrot":241,"create:brass_casing":53,"create:zinc_ingot":2,"create:vertical_gearbox":1,"ars_nouveau:green_archwood_log":520,"minecraft:arrow":21,"minecraft:diamond_chestplate":1,"minecraft:beetroot_seeds":1,"minecraft:nether_bricks":12,"minecraft:diamond_boots":2,"ars_nouveau:glyph_ender_inventory":1,"minecraft:hay_block":15,"minecraft:gold_ingot":17,"mahoutsukai:powdered_gold":1,"minecraft:mutton":22,"minecraft:white_wool":12,"minecraft:oxeye_daisy":8,"minecraft:stripped_oak_log":1,"mahoutsukai:scroll_reality_marble":2,"create:iron_sheet":29,"create:brass_sheet":1,"minecraft:basalt":2,"minecraft:golden_carrot":1,"minecraft:leather":21,"minecraft:oak_log":143,"minecraft:nether_wart_block":16,"minecraft:gunpowder":4,"create:blaze_burner":4,"mowziesmobs:wrought_axe":2,"minecraft:paper":4,"ars_nouveau:green_archwood_sapling":26,"mahoutsukai:weapon_projectile_bow":1,"minecraft:apple":4,"minecraft:stone_bricks":1,"minecraft:kelp":32,"minecraft:iron_ingot":51,"minecraft:gray_bed":2,"minecraft:soul_sand":5,"minecraft:dark_oak_stairs":35,"minecraft:book":48,"minecraft:dark_oak_slab":63,"minecraft:smooth_basalt":1,"create:large_water_wheel":2,"ars_nouveau:source_jar":4,"mahoutsukai:attuned_diamond":1,"minecraft:quartz":103,"minecraft:dandelion":47,"minecraft:dripstone_block":80,"minecraft:gravel":33,"minecraft:amethyst_shard":76,"ars_nouveau:bastion_pod":3,"mowziesmobs:wrought_helmet":1,"minecraft:spruce_sapling":169,"minecraft:blast_furnace":10,"minecraft:white_bed":23,"minecraft:spruce_log":1485,"create:gearbox":1,"minecraft:spider_eye":10,"ars_nouveau:volcanic_sourcelink":1,"travelersbackpack:standard":1,"create:millstone":3,"ars_nouveau:glyph_grow":1,"create:brass_ingot":11,"ars_nouveau:source_gem_block":2,"minecraft:diamond_axe":4,"ars_nouveau:green_archwood_leaves":1,"minecraft:gray_wool":1,"minecraft:warped_roots":1,"minecraft:stripped_dark_oak_log":13,"minecraft:coal":111,"minecraft:sunflower":8,"minecraft:ender_pearl":1},"minecraft:killed":{"minecraft:cave_spider":14,"minecraft:witch":1,"minecraft:spider":12,"minecraft:skeleton":13,"minecraft:chicken":1,"minecraft:piglin_brute":3,"minecraft:magma_cube":14,"minecraft:piglin":9,"minecraft:pig":4,"minecraft:zombie_villager":1,"minecraft:iron_golem":4,"minecraft:creeper":6,"minecraft:sheep":9,"minecraft:donkey":2,"minecraft:zombie":67,"minecraft:blaze":46,"minecraft:cow":14,"mowziesmobs:ferrous_wroughtnaut":1,"minecraft:drowned":2,"quark:foxhound":2,"minecraft:hoglin":2,"minecraft:squid":3,"ars_nouveau:whirlisprig":1,"minecraft:wither_skeleton":4,"minecraft:enderman":2},"minecraft:dropped":{"minecraft:dark_oak_stairs":32,"minecraft:diamond_axe":3,"minecraft:diamond":6,"minecraft:dark_oak_sapling":47,"minecraft:dark_oak_slab":63,"minecraft:warped_roots":1,"minecraft:lantern":1,"create:cogwheel":10,"minecraft:leather":2,"nethersdelight:hoglin_loin":5,"minecraft:dirt":129,"minecraft:dark_oak_log":1,"minecraft:cornflower":6,"minecraft:mutton":5,"create:scorchia":1,"minecraft:crimson_roots":3,"theoneprobe:probenote":1,"minecraft:gold_nugget":1,"create:goggles":1,"create:large_cogwheel":6,"minecraft:armor_stand":4,"ars_nouveau:source_gem":1,"minecraft:gold_ingot":14,"minecraft:bone":7,"minecraft:gravel":5,"minecraft:stone_axe":4,"minecraft:sugar_cane":4,"minecraft:iron_nugget":1,"minecraft:cobbled_deepslate":19,"minecraft:wheat":92,"minecraft:stripped_dark_oak_log":12,"minecraft:beetroot":1,"minecraft:rotten_flesh":15,"minecraft:oak_planks":2,"minecraft:azure_bluet":10,"ars_nouveau:archwood_slab":35,"minecraft:chainmail_chestplate":12,"minecraft:poppy":14,"minecraft:beetroot_seeds":1,"create:wrench":1,"minecraft:ladder":3,"minecraft:arrow":10,"minecraft:glass":18,"create:mechanical_mixer":1,"minecraft:iron_ingot":41,"create:rose_quartz":16,"ars_nouveau:green_archwood_leaves":1,"minecraft:wheat_seeds":170,"minecraft:oak_fence":1,"minecraft:cobblestone":1,"minecraft:book":1,"minecraft:granite":6,"minecraft:copper_ingot":44,"ars_nouveau:purple_archwood_log":31,"minecraft:purple_dye":2,"minecraft:coal":1,"mowziesmobs:wrought_axe":1,"minecraft:stick":1,"minecraft:oxeye_daisy":8,"ars_nouveau:green_archwood_sapling":3,"minecraft:ink_sac":5,"minecraft:torch":1,"minecraft:red_dye":11,"minecraft:string":19,"create:sand_paper":3,"minecraft:dandelion":48,"minecraft:smooth_basalt":1,"create:shaft":21,"minecraft:blaze_rod":1,"minecraft:cobblestone_wall":127,"minecraft:diamond_hoe":1,"minecraft:tuff":7,"ars_nouveau:archwood_planks":1,"minecraft:iron_boots":2,"minecraft:nether_bricks":1,"minecraft:oak_sign":5,"minecraft:diamond_sword":2,"minecraft:potato":2,"minecraft:cobblestone_slab":5,"create:zinc_ingot":34,"minecraft:diamond_pickaxe":3,"slashblade:slashblade":1,"ars_nouveau:green_archwood_log":221,"minecraft:spider_eye":2},"minecraft:used":{"minecraft:chest":62,"minecraft:shield":54,"minecraft:mutton":12,"create:cogwheel":168,"create:mechanical_crafter":32,"minecraft:carrot":181,"minecraft:stripped_spruce_log":1,"minecraft:lava_bucket":5,"minecraft:lantern":10,"create:millstone":4,"ars_nouveau:green_archwood_sapling":1,"minecraft:stone_bricks":41,"create:shaft":103,"create:mechanical_drill":10,"minecraft:furnace":22,"minecraft:gray_bed":2,"ars_nouveau:green_archwood_log":57,"minecraft:dark_oak_stairs":19,"minecraft:diorite":4,"minecraft:diamond_boots":1,"minecraft:oak_planks":9,"minecraft:stone_pickaxe":131,"minecraft:wooden_pickaxe":11,"minecraft:sugar_cane":1,"minecraft:diamond_axe":783,"minecraft:dark_oak_trapdoor":4,"minecraft:blast_furnace":11,"ars_nouveau:archwood_planks":2,"quark:gold_bars":1,"minecraft:bread":103,"minecraft:dark_oak_log":29,"ars_nouveau:purple_archwood_log":15,"minecraft:lectern":37,"create:andesite_casing":1,"minecraft:gravel":31,"minecraft:nether_wart_block":8,"minecraft:diamond_sword":322,"create:basin":6,"minecraft:grindstone":2,"minecraft:smithing_table":2,"minecraft:andesite":16,"minecraft:birch_log":9,"travelersbackpack:blaze":16,"create:large_cogwheel":73,"create:vertical_gearbox":8,"minecraft:bone_meal":143,"minecraft:experience_bottle":3,"mahoutsukai:spell_cloth":2,"minecraft:rose_bush":1,"minecraft:stone_sword":40,"minecraft:enchanting_table":2,"minecraft:stone_shovel":78,"minecraft:spruce_planks":78,"minecraft:netherrack":303,"minecraft:torch":82,"minecraft:anvil":1,"minecraft:dirt":199,"create:mechanical_mixer":5,"minecraft:spruce_stairs":69,"minecraft:granite":2,"mowziesmobs:wrought_helmet":1,"minecraft:bookshelf":51,"quark:spruce_chest":27,"create:wrench":293,"create:gearbox":16,"minecraft:iron_axe":1,"slashblade:slashblade":684,"ars_nouveau:imbuement_chamber":7,"minecraft:barrel":24,"minecraft:diamond_chestplate":1,"minecraft:golden_carrot":20,"minecraft:basalt":2,"minecraft:beef":6,"minecraft:wheat_seeds":1,"minecraft:water_bucket":70,"create:empty_blaze_burner":4,"minecraft:fletching_table":4,"minecraft:cobblestone_slab":3,"create:blaze_burner":5,"minecraft:polished_blackstone_bricks":12,"minecraft:crafting_table":14,"minecraft:white_bed":15,"minecraft:spruce_log":88,"mowziesmobs:wrought_axe":297,"minecraft:diamond_pickaxe":3325,"minecraft:apple":2,"minecraft:diamond_shovel":955,"ars_nouveau:source_jar":5,"create:mechanical_press":12,"minecraft:cracked_polished_blackstone_bricks":6,"ars_nouveau:arcane_pedestal":11,"minecraft:iron_pickaxe":471,"ars_nouveau:volcanic_sourcelink":2,"minecraft:spruce_trapdoor":53,"minecraft:spruce_sapling":40,"create:large_water_wheel":32,"minecraft:stone_axe":109,"travelersbackpack:standard":1,"minecraft:cobblestone":1655,"minecraft:porkchop":11,"minecraft:bucket":81,"quark:oak_chest":7,"create:hand_crank":5,"minecraft:kelp":32,"minecraft:diamond_leggings":1,"ars_nouveau:scribes_table":4},"minecraft:killed_by":{"minecraft:piglin":1,"minecraft:player":1,"minecraft:skeleton":1},"minecraft:mined":{"create:deepslate_zinc_ore":12,"minecraft:spruce_planks":2,"minecraft:white_bed":24,"minecraft:oak_sapling":8,"create:andesite_casing":27,"minecraft:obsidian":11,"minecraft:spruce_trapdoor":15,"minecraft:granite":303,"minecraft:grass_block":721,"minecraft:cracked_polished_blackstone_bricks":7,"minecraft:oak_pressure_plate":2,"minecraft:coal_block":16,"minecraft:composter":2,"minecraft:oxeye_daisy":1,"minecraft:nether_wart":10,"minecraft:spawner":2,"minecraft:smooth_stone":3,"minecraft:polished_blackstone_bricks":17,"minecraft:tall_seagrass":3,"minecraft:dark_oak_trapdoor":4,"minecraft:iron_ore":30,"minecraft:barrel":1,"minecraft:fire":14,"minecraft:deepslate_lapis_ore":7,"minecraft:fletching_table":2,"minecraft:azure_bluet":1,"minecraft:dark_oak_stairs":19,"minecraft:enchanting_table":1,"minecraft:oak_sign":1,"minecraft:iron_block":3,"create:veridium":331,"create:mechanical_press":6,"quark:violet_corundum":1,"create:cogwheel":24,"minecraft:kelp_plant":7,"minecraft:amethyst_cluster":19,"minecraft:crimson_nylium":17,"quark:gold_bars":1,"minecraft:torch":3,"minecraft:blast_furnace":10,"minecraft:poppy":2,"minecraft:calcite":1,"minecraft:chest":2,"create:brass_casing":53,"mahoutsukai:mahoujin":6,"minecraft:glass":2,"minecraft:cobblestone":148,"minecraft:nether_quartz_ore":67,"minecraft:oak_planks":4,"minecraft:sugar_cane":7,"ars_nouveau:scribes_table":3,"minecraft:grindstone":1,"minecraft:wall_torch":18,"minecraft:amethyst_block":1,"minecraft:cauldron":1,"minecraft:deepslate_copper_ore":3,"create:large_water_wheel":1,"create:basin":3,"minecraft:warped_nylium":3,"minecraft:nether_wart_block":5,"minecraft:birch_log":11,"ars_nouveau:archwood_planks":2,"minecraft:wheat":2,"create:mechanical_mixer":2,"minecraft:grass":637,"minecraft:oak_log":17,"create:hand_crank":4,"minecraft:dark_oak_sapling":30,"minecraft:sand":52,"minecraft:dirt":243,"minecraft:smooth_basalt":1,"minecraft:netherrack":564,"minecraft:deepslate":71,"create:crimsite":29,"minecraft:oak_leaves":5,"minecraft:nether_gold_ore":200,"minecraft:tuff":85,"create:millstone":3,"minecraft:dark_oak_leaves":1,"minecraft:deepslate_diamond_ore":27,"ars_nouveau:green_archwood_leaves":5,"minecraft:stripped_birch_log":1,"minecraft:dark_oak_log":13,"minecraft:nether_bricks":24,"minecraft:glow_lichen":1,"minecraft:ladder":3,"create:large_cogwheel":7,"minecraft:crimson_roots":1,"create:ochrum":161,"minecraft:spruce_leaves":34,"minecraft:kelp":2,"ars_nouveau:volcanic_sourcelink":1,"minecraft:hay_block":15,"create:shaft":24,"minecraft:spruce_sapling":10,"minecraft:furnace":2,"minecraft:carrots":39,"minecraft:andesite":65,"create:scorchia":1,"minecraft:stripped_spruce_log":4,"minecraft:gold_block":2,"minecraft:bookshelf":72,"minecraft:potatoes":3,"minecraft:cobblestone_slab":1,"minecraft:deepslate_iron_ore":37,"minecraft:lantern":1,"minecraft:stripped_oak_log":1,"minecraft:stone":1206,"minecraft:white_wool":11,"ars_nouveau:purple_archwood_log":36,"minecraft:smithing_table":2,"ars_nouveau:green_archwood_log":4,"minecraft:soul_sand":6,"minecraft:dandelion":6,"minecraft:stripped_dark_oak_log":12,"minecraft:basalt":2,"travelersbackpack:standard":1,"minecraft:oak_fence":3,"minecraft:crafting_table":5,"minecraft:cornflower":1,"minecraft:rose_bush":10,"minecraft:lectern":35,"minecraft:copper_ore":21,"minecraft:tall_grass":83,"ars_nouveau:source_jar":4,"minecraft:lapis_ore":1,"minecraft:deepslate_gold_ore":4,"minecraft:diorite":121,"minecraft:spruce_stairs":10,"create:water_wheel_structure":1,"create:blaze_burner":4,"ars_nouveau:arcane_pedestal":8,"create:gearbox":2,"ars_nouveau:purple_archwood_leaves":3,"minecraft:spruce_log":141,"minecraft:gray_bed":2,"create:mechanical_drill":4,"minecraft:coal_ore":80,"create:mechanical_crafter":10,"quark:spruce_chest":4,"minecraft:sunflower":9,"minecraft:gravel":38,"minecraft:dripstone_block":80,"minecraft:cobweb":42,"minecraft:stone_bricks":1,"ars_nouveau:imbuement_chamber":6,"minecraft:gold_ore":2},"minecraft:crafted":{"minecraft:ender_chest":1,"minecraft:grindstone":1,"minecraft:oak_planks":216,"minecraft:smooth_stone":9,"minecraft:cobblestone_slab":12,"minecraft:barrel":67,"travelersbackpack:crafting_upgrade":1,"ars_nouveau:archwood_planks":380,"minecraft:blaze_powder":6,"minecraft:birch_slab":6,"minecraft:stone":242,"minecraft:diamond_shovel":1,"mahoutsukai:dagger":1,"minecraft:quartz_block":4,"minecraft:glass":86,"minecraft:diamond_helmet":1,"minecraft:diamond_leggings":1,"create:mechanical_press":1,"ars_nouveau:worn_notebook":1,"minecraft:chest":71,"mahoutsukai:hammer":1,"ars_nouveau:apprentice_spell_book":1,"minecraft:stone_bricks":220,"minecraft:ender_eye":1,"create:cogwheel":78,"travelersbackpack:iron_tier_upgrade":1,"create:rose_quartz":8,"minecraft:emerald":310,"minecraft:diamond_axe":3,"minecraft:crafting_table":21,"minecraft:spruce_planks":2672,"slashblade:slashblade":7,"minecraft:wooden_pickaxe":1,"travelersbackpack:standard":1,"minecraft:baked_potato":4,"minecraft:chainmail_chestplate":12,"ars_nouveau:source_jar":1,"minecraft:clock":1,"travelersbackpack:blaze":1,"minecraft:copper_ingot":6,"create:sand_paper":4,"minecraft:fletching_table":2,"minecraft:birch_planks":16,"create:mechanical_mixer":1,"mahoutsukai:spell_cloth":4,"create:gearbox":11,"minecraft:spruce_trapdoor":52,"minecraft:lectern":4,"minecraft:dark_oak_slab":252,"minecraft:paper":3,"minecraft:purple_dye":4,"minecraft:diamond_pickaxe":3,"create:water_wheel":11,"minecraft:shield":1,"mahoutsukai:powdered_diamond":5,"minecraft:stick":8716,"minecraft:stone_slab":6,"quark:oak_chest":9,"minecraft:iron_ingot":163,"minecraft:iron_pickaxe":2,"minecraft:stone_sword":2,"minecraft:iron_block":4,"minecraft:gold_ingot":120,"create:large_cogwheel":21,"ars_nouveau:scribes_table":1,"minecraft:fire_charge":3,"ars_nouveau:arcane_pedestal":4,"create:empty_blaze_burner":4,"minecraft:golden_carrot":101,"minecraft:wooden_sword":7,"minecraft:raw_iron":18,"minecraft:stone_shovel":1,"minecraft:coal":144,"ars_nouveau:volcanic_sourcelink":1,"create:wrench":2,"mahoutsukai:guidebook":1,"minecraft:iron_nugget":360,"minecraft:diamond_hoe":3,"minecraft:furnace":25,"minecraft:stone_button":1,"minecraft:blast_furnace":1,"minecraft:dark_oak_trapdoor":20,"minecraft:bone_meal":168,"ars_nouveau:archwood_slab":60,"travelersbackpack:blank_upgrade":4,"travelersbackpack:gold_tier_upgrade":1,"minecraft:lantern":13,"mahoutsukai:attuner":1,"minecraft:spruce_stairs":88,"travelersbackpack:white_sleeping_bag":1,"ars_nouveau:novice_spell_book":1,"minecraft:iron_axe":1,"minecraft:spruce_slab":114,"create:millstone":1,"minecraft:lime_dye":36,"minecraft:stone_pickaxe":1,"minecraft:diamond_boots":1,"mahoutsukai:powdered_gold":3,"create:basin":2,"create:electron_tube":8,"quark:spruce_chest":94,"minecraft:dark_oak_planks":376,"travelersbackpack:diamond_tier_upgrade":1,"minecraft:wheat":135,"minecraft:red_dye":18,"ars_nouveau:source_gem":8,"create:andesite_alloy":92,"create:hand_crank":1,"minecraft:diamond_sword":1,"minecraft:dark_oak_stairs":40,"mahoutsukai:attuned_diamond":1,"ars_nouveau:imbuement_chamber":1,"minecraft:enchanting_table":1,"travelersbackpack:backpack_tank":4,"minecraft:iron_sword":1,"create:goggles":2,"create:large_water_wheel":11,"minecraft:bucket":2,"minecraft:stone_axe":5,"minecraft:enchanted_book":2,"minecraft:bread":49,"minecraft:air":0,"minecraft:blue_dye":2,"ars_nouveau:sourcestone":16,"create:whisk":1,"minecraft:gold_nugget":36,"create:mechanical_crafter":24,"minecraft:iron_shovel":1,"minecraft:anvil":1,"minecraft:white_bed":1,"create:mechanical_drill":3,"create:shaft":168,"minecraft:torch":112,"create:zinc_ingot":12,"minecraft:diamond_chestplate":1,"slashblade:proudsoul_tiny":8}},"DataVersion":3465}