{"stats":{"minecraft:custom":{"minecraft:interact_with_furnace":2,"minecraft:mob_kills":21,"minecraft:interact_with_crafting_table":13,"minecraft:open_barrel":2,"minecraft:eat_cake_slice":2,"minecraft:leave_game":5,"minecraft:time_since_death":49078,"minecraft:sleep_in_bed":1,"minecraft:climb_one_cm":4052,"minecraft:time_since_rest":26829,"minecraft:sprint_one_cm":152025,"minecraft:damage_taken":670,"minecraft:walk_one_cm":72864,"minecraft:drop":4,"minecraft:damage_dealt":2311,"minecraft:swim_one_cm":3659,"minecraft:fly_one_cm":311930,"minecraft:open_chest":12,"minecraft:crouch_one_cm":23844,"minecraft:play_time":49078,"minecraft:sneak_time":5186,"minecraft:walk_under_water_one_cm":279,"minecraft:jump":1317,"minecraft:walk_on_water_one_cm":2803,"minecraft:total_world_time":49078,"minecraft:fall_one_cm":43240},"minecraft:crafted":{"minecraft:wooden_sword":1,"minecraft:oak_planks":20,"minecraft:coal":144,"minecraft:stone_shovel":1,"minecraft:crafting_table":3,"minecraft:spruce_planks":56,"slashblade:slashblade":1,"minecraft:wooden_pickaxe":1,"minecraft:furnace":8,"minecraft:stone_axe":1,"minecraft:bread":33,"minecraft:stick":16,"minecraft:iron_ingot":18,"minecraft:iron_pickaxe":2,"minecraft:stone_pickaxe":1,"minecraft:stone_sword":2,"minecraft:white_bed":1,"quark:spruce_chest":3,"minecraft:torch":28,"minecraft:wheat":99},"minecraft:broken":{"minecraft:stone_pickaxe":1,"slashblade:slashblade":1},"minecraft:picked_up":{"minecraft:crafting_table":2,"minecraft:leather":5,"minecraft:oak_log":7,"minecraft:string":4,"minecraft:cornflower":1,"minecraft:dirt":16,"minecraft:lantern":2,"minecraft:bone":1,"minecraft:experience_bottle":3,"minecraft:wheat_seeds":6,"minecraft:beef":6,"slashblade:slashblade":1,"minecraft:coal_block":16,"minecraft:oak_planks":2,"minecraft:stick":6,"minecraft:torch":1,"minecraft:porkchop":11,"minecraft:stripped_spruce_log":2,"minecraft:spruce_sapling":7,"minecraft:spruce_log":15,"slashblade:proudsoul":1,"minecraft:rotten_flesh":6,"minecraft:hay_block":11,"minecraft:iron_block":2,"minecraft:gray_wool":1,"minecraft:emerald":2,"minecraft:coal":12,"minecraft:mutton":12,"minecraft:white_wool":7,"minecraft:cobblestone":314,"minecraft:sunflower":8},"minecraft:used":{"minecraft:stone_sword":40,"minecraft:stone_shovel":7,"minecraft:stone_pickaxe":131,"minecraft:wooden_pickaxe":11,"minecraft:torch":4,"minecraft:dirt":3,"minecraft:crafting_table":5,"minecraft:white_bed":1,"minecraft:spruce_log":3,"quark:spruce_chest":2,"minecraft:bread":19,"slashblade:slashblade":94,"minecraft:iron_pickaxe":206,"minecraft:stone_axe":33,"minecraft:furnace":8},"minecraft:killed":{"minecraft:pig":4,"minecraft:sheep":8,"minecraft:skeleton":1,"minecraft:zombie":5,"minecraft:cow":3},"minecraft:dropped":{"minecraft:wheat_seeds":2,"minecraft:cobblestone":1,"minecraft:cornflower":1,"slashblade:slashblade":1},"minecraft:mined":{"minecraft:dandelion":3,"minecraft:crafting_table":2,"minecraft:cornflower":1,"minecraft:torch":1,"minecraft:grass_block":8,"minecraft:coal_block":16,"minecraft:tall_grass":9,"minecraft:oak_planks":2,"minecraft:hay_block":11,"minecraft:spruce_log":8,"minecraft:stripped_spruce_log":2,"minecraft:grass":38,"minecraft:coal_ore":12,"minecraft:oak_log":7,"minecraft:sunflower":9,"minecraft:dirt":8,"minecraft:cobweb":4,"minecraft:stone":316,"minecraft:iron_block":2,"minecraft:oak_leaves":1}},"DataVersion":3465}