{"stats":{"minecraft:killed_by":{"minecraft:piglin":1,"minecraft:player":1,"minecraft:skeleton":1},"minecraft:custom":{"minecraft:interact_with_crafting_table":110,"minecraft:open_barrel":50,"minecraft:bell_ring":6,"minecraft:eat_cake_slice":3,"minecraft:leave_game":40,"minecraft:time_since_death":636490,"minecraft:damage_blocked_by_shield":1340,"minecraft:play_time":1038953,"minecraft:deaths":4,"minecraft:jump":14755,"minecraft:enchant_item":19,"minecraft:interact_with_furnace":137,"minecraft:traded_with_villager":520,"minecraft:sleep_in_bed":20,"minecraft:damage_dealt":49088,"minecraft:interact_with_smoker":1,"minecraft:inspect_dispenser":4,"minecraft:interact_with_smithing_table":10,"minecraft:interact_with_anvil":7,"minecraft:sneak_time":83366,"minecraft:interact_with_blast_furnace":31,"minecraft:total_world_time":1038953,"minecraft:time_since_rest":30361,"minecraft:swim_one_cm":248423,"minecraft:fly_one_cm":3295178,"minecraft:open_chest":1112,"minecraft:fall_one_cm":357525,"minecraft:sprint_one_cm":1966411,"minecraft:drop":341,"minecraft:talked_to_villager":475,"minecraft:interact_with_brewingstand":1,"minecraft:walk_on_water_one_cm":49614,"minecraft:crouch_one_cm":327672,"minecraft:mob_kills":264,"minecraft:climb_one_cm":9605,"minecraft:walk_one_cm":1833487,"minecraft:walk_under_water_one_cm":105142,"minecraft:boat_one_cm":945,"minecraft:interact_with_grindstone":18,"minecraft:damage_taken":7128},"minecraft:broken":{"slashblade:slashblade":7,"minecraft:shield":2,"minecraft:iron_pickaxe":1,"minecraft:stone_pickaxe":1,"minecraft:diamond_boots":1,"minecraft:diamond_axe":1,"create:sand_paper":1},"minecraft:mined":{"minecraft:white_bed":24,"create:andesite_casing":27,"minecraft:obsidian":11,"minecraft:granite":310,"minecraft:stone_brick_wall":1,"minecraft:oak_pressure_plate":2,"minecraft:coal_block":16,"minecraft:nether_wart":10,"minecraft:oxeye_daisy":1,"minecraft:spawner":4,"minecraft:polished_blackstone_bricks":17,"minecraft:tall_seagrass":3,"minecraft:dark_oak_trapdoor":8,"minecraft:fire":14,"minecraft:barrel":4,"minecraft:fletching_table":3,"minecraft:deepslate_lapis_ore":7,"minecraft:enchanting_table":1,"minecraft:oak_sign":2,"minecraft:spruce_pressure_plate":1,"minecraft:iron_block":3,"create:veridium":331,"create:mechanical_press":6,"create:cogwheel":24,"minecraft:kelp_plant":7,"minecraft:crimson_nylium":17,"minecraft:soul_fire":1,"minecraft:amethyst_cluster":19,"quark:gold_bars":1,"minecraft:torch":5,"minecraft:blast_furnace":10,"minecraft:glass":2,"mahoutsukai:mahoujin":6,"minecraft:sugar_cane":24,"minecraft:amethyst_block":1,"create:basin":3,"minecraft:wheat":2,"create:mechanical_mixer":2,"minecraft:stone_brick_stairs":1,"minecraft:grass":725,"minecraft:dark_oak_sapling":30,"create:hand_crank":4,"minecraft:smooth_basalt":1,"minecraft:deepslate":86,"create:millstone":3,"minecraft:dark_oak_log":13,"minecraft:stripped_birch_log":1,"minecraft:nether_bricks":24,"minecraft:crimson_roots":1,"minecraft:kelp":2,"create:shaft":24,"minecraft:andesite":67,"minecraft:potatoes":3,"minecraft:cobblestone_slab":1,"minecraft:white_wool":11,"minecraft:smithing_table":2,"minecraft:soul_sand":6,"minecraft:dandelion":6,"minecraft:cornflower":1,"minecraft:emerald_ore":1,"minecraft:tall_grass":88,"minecraft:copper_ore":23,"ars_nouveau:source_jar":4,"minecraft:deepslate_gold_ore":4,"minecraft:diorite":126,"create:water_wheel_structure":1,"create:blaze_burner":4,"ars_nouveau:arcane_pedestal":8,"create:gearbox":2,"minecraft:spruce_log":141,"minecraft:birch_leaves":2,"create:mechanical_drill":4,"minecraft:sunflower":9,"minecraft:gravel":38,"minecraft:dripstone_block":119,"minecraft:cobweb":42,"minecraft:stone_bricks":6,"ars_nouveau:imbuement_chamber":6,"minecraft:gold_ore":12,"create:deepslate_zinc_ore":12,"minecraft:spruce_planks":2,"minecraft:oak_sapling":8,"minecraft:brewing_stand":2,"minecraft:spruce_trapdoor":15,"minecraft:grass_block":722,"minecraft:cracked_polished_blackstone_bricks":7,"minecraft:composter":2,"minecraft:smooth_stone":3,"minecraft:iron_ore":40,"minecraft:anvil":1,"minecraft:azure_bluet":1,"minecraft:dark_oak_stairs":19,"quark:violet_corundum":1,"minecraft:calcite":1,"minecraft:poppy":2,"minecraft:chest":3,"create:brass_casing":53,"minecraft:nether_quartz_ore":67,"minecraft:cobblestone":172,"minecraft:grindstone":1,"ars_nouveau:scribes_table":3,"minecraft:oak_planks":4,"minecraft:iron_door":1,"minecraft:wall_torch":22,"minecraft:cauldron":1,"minecraft:deepslate_copper_ore":3,"create:large_water_wheel":1,"minecraft:warped_nylium":3,"minecraft:nether_wart_block":5,"ars_nouveau:archwood_planks":2,"minecraft:birch_log":11,"minecraft:oak_log":17,"minecraft:sand":99,"minecraft:dirt":247,"minecraft:netherrack":564,"create:crimsite":29,"minecraft:oak_leaves":5,"minecraft:nether_gold_ore":200,"minecraft:diamond_ore":1,"minecraft:tuff":101,"minecraft:dark_oak_leaves":1,"minecraft:deepslate_diamond_ore":27,"ars_nouveau:green_archwood_leaves":5,"minecraft:glow_lichen":1,"minecraft:ladder":3,"create:large_cogwheel":7,"create:ochrum":191,"minecraft:spruce_leaves":34,"ars_nouveau:volcanic_sourcelink":1,"minecraft:hay_block":15,"minecraft:spruce_sapling":10,"minecraft:furnace":3,"minecraft:carrots":39,"create:scorchia":1,"minecraft:stripped_spruce_log":4,"minecraft:gold_block":2,"minecraft:bookshelf":73,"minecraft:deepslate_iron_ore":37,"minecraft:lantern":1,"minecraft:stripped_oak_log":1,"minecraft:stone":1308,"ars_nouveau:purple_archwood_log":36,"ars_nouveau:green_archwood_log":4,"minecraft:stripped_dark_oak_log":12,"minecraft:basalt":2,"travelersbackpack:standard":1,"minecraft:oak_fence":3,"minecraft:crafting_table":5,"minecraft:rose_bush":10,"minecraft:lectern":243,"minecraft:lapis_ore":2,"minecraft:spruce_stairs":10,"ars_nouveau:purple_archwood_leaves":3,"minecraft:gray_bed":2,"minecraft:coal_ore":108,"create:mechanical_crafter":10,"quark:spruce_chest":4,"minecraft:mossy_stone_bricks":1},"minecraft:dropped":{"minecraft:diamond":6,"minecraft:dark_oak_slab":63,"minecraft:warped_roots":1,"create:cogwheel":10,"nethersdelight:hoglin_loin":5,"minecraft:dirt":133,"create:scorchia":1,"mahoutsukai:powdered_gold":1,"minecraft:gold_nugget":1,"minecraft:bone_meal":26,"create:goggles":1,"ars_nouveau:source_gem":1,"minecraft:bone":18,"minecraft:stone_axe":4,"minecraft:sugar_cane":4,"minecraft:iron_nugget":1,"minecraft:cobbled_deepslate":19,"minecraft:wheat":92,"minecraft:stripped_dark_oak_log":12,"minecraft:rotten_flesh":15,"minecraft:oak_planks":2,"minecraft:azure_bluet":10,"ars_nouveau:archwood_slab":35,"create:wrench":1,"minecraft:ladder":3,"minecraft:glass":18,"minecraft:stone_brick_stairs":1,"create:mechanical_mixer":1,"minecraft:iron_ingot":41,"create:rose_quartz":16,"minecraft:wheat_seeds":193,"minecraft:oak_fence":1,"minecraft:feather":1,"minecraft:cobblestone":1,"minecraft:book":1,"minecraft:granite":13,"ars_nouveau:purple_archwood_log":31,"minecraft:purple_dye":2,"minecraft:chainmail_helmet":1,"minecraft:coal":1,"minecraft:oxeye_daisy":8,"minecraft:golden_carrot":11,"ars_nouveau:green_archwood_sapling":3,"minecraft:ink_sac":5,"minecraft:diamond_helmet":1,"minecraft:red_dye":11,"minecraft:string":20,"create:sand_paper":3,"minecraft:stone_brick_slab":2,"minecraft:cobblestone_wall":127,"minecraft:diamond_hoe":1,"minecraft:chicken":1,"minecraft:iron_boots":4,"minecraft:nether_bricks":1,"minecraft:oak_sign":5,"minecraft:diamond_sword":2,"minecraft:potato":7,"minecraft:cobblestone_slab":5,"minecraft:spruce_boat":1,"create:zinc_ingot":34,"minecraft:diamond_pickaxe":3,"slashblade:slashblade":1,"minecraft:stone_bricks":1,"minecraft:spider_eye":3,"minecraft:dark_oak_stairs":32,"minecraft:diamond_axe":3,"minecraft:dark_oak_sapling":47,"minecraft:lantern":1,"minecraft:leather":2,"minecraft:dark_oak_log":1,"minecraft:cornflower":6,"minecraft:mutton":5,"minecraft:crimson_roots":3,"theoneprobe:probenote":1,"create:large_cogwheel":6,"minecraft:gold_ingot":14,"minecraft:armor_stand":4,"minecraft:gravel":5,"minecraft:beetroot":1,"minecraft:carrot":3,"minecraft:chainmail_chestplate":12,"minecraft:poppy":14,"minecraft:beetroot_seeds":1,"minecraft:stone_brick_wall":1,"minecraft:arrow":10,"ars_nouveau:green_archwood_leaves":1,"minecraft:diamond_leggings":1,"minecraft:copper_ingot":44,"mowziesmobs:wrought_axe":1,"minecraft:stick":1,"minecraft:diorite":5,"minecraft:torch":1,"minecraft:dandelion":48,"minecraft:smooth_basalt":1,"create:shaft":21,"minecraft:blaze_rod":1,"ars_nouveau:archwood_planks":1,"minecraft:tuff":7,"minecraft:iron_chestplate":1,"minecraft:andesite":2,"minecraft:mossy_stone_bricks":1,"minecraft:oak_sapling":14,"ars_nouveau:green_archwood_log":221},"minecraft:picked_up":{"minecraft:iron_chestplate":1,"minecraft:anvil":1,"minecraft:smithing_table":2,"minecraft:diamond_sword":3,"minecraft:enchanted_book":1,"minecraft:brewing_stand":2,"minecraft:amethyst_block":4,"minecraft:string":74,"minecraft:dark_oak_trapdoor":7,"minecraft:beetroot":1,"minecraft:diamond_leggings":2,"minecraft:gold_nugget":1676,"minecraft:cobbled_deepslate":147,"minecraft:spruce_planks":2,"minecraft:coal_block":16,"mahoutsukai:hammer":1,"minecraft:spruce_pressure_plate":1,"minecraft:composter":2,"create:andesite_casing":27,"minecraft:golden_axe":3,"minecraft:cauldron":1,"slashblade:proudsoul":5,"create:ochrum":189,"ars_nouveau:imbuement_chamber":6,"minecraft:iron_block":3,"ars_nouveau:glyph_extract":1,"minecraft:bookshelf":55,"minecraft:blaze_rod":25,"ars_nouveau:manipulation_essence":1,"minecraft:birch_log":26,"minecraft:feather":1,"minecraft:water_bucket":1,"minecraft:flint":6,"ars_nouveau:scribes_table":3,"minecraft:lantern":6,"mahoutsukai:scroll_weapon_shooter":1,"create:mechanical_drill":4,"create:shaft":39,"minecraft:glowstone_dust":2,"minecraft:stripped_spruce_log":4,"minecraft:ink_sac":4,"minecraft:dark_oak_log":568,"minecraft:barrel":1,"create:crimsite":29,"minecraft:granite":308,"minecraft:chainmail_helmet":1,"mahoutsukai:guidebook":1,"minecraft:bread":19,"minecraft:crimson_roots":5,"minecraft:diamond_pickaxe":3,"minecraft:spruce_leaves":1,"minecraft:crafting_table":6,"minecraft:nether_wart":20,"minecraft:cornflower":6,"create:scorchia":1,"quark:spruce_chest":4,"minecraft:beef":31,"minecraft:iron_nugget":7,"minecraft:poppy":16,"minecraft:chest":3,"minecraft:birch_sapling":2,"minecraft:egg":2,"ars_nouveau:purple_archwood_log":59,"minecraft:stone":13,"minecraft:carrot":241,"create:brass_casing":53,"create:vertical_gearbox":1,"ars_nouveau:green_archwood_log":520,"minecraft:diamond_chestplate":1,"minecraft:beetroot_seeds":1,"ars_nouveau:glyph_ender_inventory":1,"minecraft:diamond_boots":2,"minecraft:hay_block":15,"minecraft:gold_ingot":18,"mahoutsukai:powdered_gold":1,"minecraft:mutton":22,"minecraft:white_wool":12,"minecraft:oxeye_daisy":8,"minecraft:stripped_oak_log":1,"create:iron_sheet":29,"create:brass_sheet":1,"minecraft:oak_log":170,"mowziesmobs:wrought_axe":2,"minecraft:paper":4,"minecraft:apple":4,"minecraft:stone_bricks":3,"minecraft:kelp":32,"minecraft:gray_bed":2,"minecraft:dark_oak_stairs":35,"minecraft:smooth_basalt":1,"minecraft:dark_oak_slab":63,"ars_nouveau:source_jar":4,"minecraft:gravel":33,"minecraft:spruce_sapling":169,"minecraft:spruce_log":1485,"create:gearbox":1,"ars_nouveau:volcanic_sourcelink":1,"travelersbackpack:standard":1,"create:millstone":3,"ars_nouveau:source_gem_block":2,"minecraft:diamond_axe":4,"minecraft:gray_wool":1,"minecraft:warped_roots":1,"minecraft:stripped_dark_oak_log":13,"minecraft:ender_pearl":9,"minecraft:wheat":65,"create:mechanical_crafter":11,"minecraft:stone_brick_stairs":1,"minecraft:raw_copper":223,"minecraft:armor_stand":6,"mahoutsukai:spell_cloth":2,"minecraft:zombie_head":1,"minecraft:experience_bottle":3,"minecraft:oak_sign":6,"create:mechanical_press":6,"minecraft:smooth_stone":3,"minecraft:rose_bush":10,"minecraft:cobblestone_slab":6,"minecraft:ender_eye":6,"minecraft:calcite":1,"minecraft:iron_boots":6,"minecraft:furnace":3,"minecraft:stick":263,"create:mechanical_mixer":4,"minecraft:oak_fence":2,"minecraft:torch":28,"minecraft:spruce_stairs":4,"minecraft:porkchop":11,"minecraft:diorite":126,"create:large_cogwheel":13,"minecraft:rotten_flesh":49,"quark:violet_corundum_cluster":2,"create:veridium":331,"minecraft:obsidian":10,"minecraft:cobblestone":3414,"slashblade:proudsoul_ingot":2,"minecraft:enchanting_table":1,"minecraft:magma_cream":17,"minecraft:andesite":66,"minecraft:potato":20,"minecraft:tuff":99,"create:raw_zinc":12,"ars_nouveau:earth_essence":1,"minecraft:dirt":941,"minecraft:lapis_lazuli":183,"minecraft:stripped_birch_log":1,"minecraft:glass":1,"minecraft:bone":29,"ars_nouveau:source_gem":7,"minecraft:bow":1,"minecraft:wheat_seeds":208,"minecraft:raw_gold":34,"minecraft:grindstone":1,"minecraft:mossy_stone_bricks":1,"minecraft:fletching_table":3,"slashblade:slashblade":1,"minecraft:oak_planks":26,"create:cogwheel":35,"minecraft:sand":86,"minecraft:grass_block":1,"minecraft:spectral_arrow":21,"quark:gold_bars":1,"minecraft:diamond":49,"minecraft:spruce_boat":1,"minecraft:cracked_polished_blackstone_bricks":6,"mahoutsukai:dagger":1,"minecraft:bone_meal":1,"minecraft:emerald":7,"ars_nouveau:arcane_pedestal":8,"minecraft:oak_sapling":55,"minecraft:netherrack":533,"nethersdelight:hoglin_loin":5,"minecraft:azure_bluet":10,"minecraft:chicken":2,"minecraft:ladder":3,"minecraft:stone_brick_wall":1,"minecraft:gold_block":3,"minecraft:shield":1,"ars_nouveau:archwood_planks":2,"minecraft:moss_carpet":1,"create:basin":4,"minecraft:lectern":243,"minecraft:sugar_cane":55,"minecraft:spruce_trapdoor":15,"minecraft:dark_oak_sapling":47,"minecraft:raw_iron":141,"quark:violet_corundum":1,"minecraft:copper_ingot":10,"create:golden_sheet":8,"ars_nouveau:purple_archwood_sapling":1,"minecraft:polished_blackstone_bricks":18,"create:hand_crank":5,"create:zinc_ingot":2,"minecraft:arrow":24,"minecraft:nether_bricks":12,"mahoutsukai:scroll_reality_marble":2,"minecraft:basalt":2,"minecraft:golden_carrot":1,"minecraft:leather":29,"create:blaze_burner":4,"minecraft:nether_wart_block":16,"minecraft:gunpowder":7,"mahoutsukai:weapon_projectile_bow":1,"ars_nouveau:green_archwood_sapling":26,"minecraft:iron_ingot":55,"minecraft:soul_sand":5,"minecraft:book":51,"create:large_water_wheel":2,"minecraft:stone_brick_slab":2,"minecraft:quartz":103,"mahoutsukai:attuned_diamond":1,"minecraft:dandelion":47,"minecraft:dripstone_block":119,"ars_nouveau:bastion_pod":3,"minecraft:amethyst_shard":76,"mowziesmobs:wrought_helmet":1,"minecraft:blast_furnace":10,"minecraft:white_bed":23,"minecraft:spider_eye":11,"ars_nouveau:glyph_grow":1,"create:brass_ingot":11,"ars_nouveau:green_archwood_leaves":1,"minecraft:coal":179,"minecraft:sunflower":8},"minecraft:used":{"minecraft:chest":63,"create:mechanical_crafter":32,"minecraft:stripped_spruce_log":1,"minecraft:spruce_boat":1,"minecraft:lava_bucket":16,"create:shaft":103,"minecraft:furnace":22,"ars_nouveau:green_archwood_log":57,"minecraft:diorite":4,"minecraft:wooden_pickaxe":11,"minecraft:dark_oak_trapdoor":10,"minecraft:blast_furnace":11,"ars_nouveau:purple_archwood_log":15,"minecraft:lectern":247,"minecraft:nether_wart_block":8,"minecraft:diamond_sword":322,"create:basin":6,"minecraft:smithing_table":2,"minecraft:birch_log":9,"minecraft:enchanting_table":2,"minecraft:stone_sword":40,"minecraft:netherrack":303,"minecraft:torch":127,"minecraft:brewing_stand":2,"minecraft:anvil":1,"create:wrench":293,"create:gearbox":16,"minecraft:iron_axe":1,"slashblade:slashblade":684,"minecraft:barrel":24,"minecraft:diamond_chestplate":1,"minecraft:basalt":2,"minecraft:beef":6,"minecraft:wheat_seeds":1,"minecraft:water_bucket":81,"minecraft:fletching_table":5,"create:blaze_burner":5,"minecraft:polished_blackstone_bricks":12,"minecraft:crafting_table":14,"minecraft:white_bed":15,"minecraft:spruce_log":88,"mowziesmobs:wrought_axe":343,"minecraft:ender_eye":14,"minecraft:diamond_pickaxe":3633,"minecraft:diamond_shovel":1007,"minecraft:iron_pickaxe":471,"ars_nouveau:arcane_pedestal":11,"minecraft:spruce_pressure_plate":2,"minecraft:spruce_trapdoor":53,"minecraft:spruce_sapling":40,"minecraft:cobblestone":1785,"travelersbackpack:standard":1,"minecraft:porkchop":11,"quark:oak_chest":7,"minecraft:kelp":32,"minecraft:diamond_leggings":1,"minecraft:shield":54,"minecraft:iron_sword":41,"minecraft:mutton":12,"create:cogwheel":168,"minecraft:carrot":181,"minecraft:lantern":13,"create:millstone":4,"ars_nouveau:green_archwood_sapling":1,"minecraft:stone_bricks":99,"create:mechanical_drill":10,"minecraft:gray_bed":2,"minecraft:dark_oak_stairs":19,"minecraft:diamond_boots":1,"minecraft:stone_pickaxe":131,"minecraft:oak_planks":10,"minecraft:diamond_axe":1027,"minecraft:sugar_cane":4,"ars_nouveau:archwood_planks":2,"minecraft:dark_oak_log":29,"quark:gold_bars":1,"minecraft:bread":103,"create:andesite_casing":1,"minecraft:gravel":31,"minecraft:grindstone":2,"minecraft:andesite":16,"create:vertical_gearbox":8,"minecraft:bone_meal":143,"minecraft:experience_bottle":3,"create:large_cogwheel":73,"mahoutsukai:spell_cloth":2,"travelersbackpack:blaze":16,"minecraft:rose_bush":1,"minecraft:stone_shovel":78,"minecraft:spruce_planks":78,"minecraft:dirt":199,"create:mechanical_mixer":5,"minecraft:spruce_stairs":69,"minecraft:granite":2,"mowziesmobs:wrought_helmet":1,"minecraft:bookshelf":52,"quark:spruce_chest":27,"ars_nouveau:imbuement_chamber":7,"minecraft:golden_carrot":34,"create:empty_blaze_burner":4,"minecraft:cobblestone_slab":3,"minecraft:apple":2,"create:mechanical_press":12,"ars_nouveau:source_jar":5,"minecraft:cracked_polished_blackstone_bricks":6,"ars_nouveau:volcanic_sourcelink":2,"create:large_water_wheel":32,"minecraft:stone_axe":109,"minecraft:bucket":109,"create:hand_crank":5,"ars_nouveau:scribes_table":4},"minecraft:killed":{"minecraft:cave_spider":14,"minecraft:skeleton":20,"minecraft:chicken":2,"minecraft:magma_cube":14,"minecraft:iron_golem":5,"minecraft:donkey":2,"minecraft:zombie":69,"minecraft:cow":14,"minecraft:horse":1,"mowziesmobs:ferrous_wroughtnaut":1,"minecraft:enderman":5,"minecraft:witch":1,"minecraft:spider":14,"minecraft:piglin_brute":3,"minecraft:piglin":9,"minecraft:pig":4,"minecraft:zombie_villager":1,"minecraft:creeper":8,"minecraft:sheep":10,"minecraft:blaze":46,"minecraft:drowned":2,"quark:foxhound":4,"minecraft:hoglin":2,"minecraft:squid":3,"ars_nouveau:whirlisprig":1,"minecraft:wither_skeleton":4},"minecraft:crafted":{"minecraft:ender_chest":1,"minecraft:smooth_stone":9,"travelersbackpack:crafting_upgrade":1,"minecraft:blaze_powder":14,"minecraft:birch_slab":6,"minecraft:diamond_shovel":1,"minecraft:bookshelf":1,"mahoutsukai:dagger":1,"minecraft:glass":120,"minecraft:quartz_block":11,"minecraft:diamond_helmet":1,"minecraft:diamond_leggings":2,"create:mechanical_press":1,"ars_nouveau:apprentice_spell_book":1,"create:cogwheel":78,"minecraft:glass_bottle":33,"create:rose_quartz":8,"minecraft:emerald":462,"minecraft:diamond_axe":3,"slashblade:slashblade":8,"travelersbackpack:standard":1,"ars_nouveau:source_jar":1,"minecraft:clock":1,"minecraft:copper_ingot":6,"travelersbackpack:blaze":1,"minecraft:fletching_table":2,"create:mechanical_mixer":1,"mahoutsukai:spell_cloth":4,"create:gearbox":11,"minecraft:lectern":4,"mahoutsukai:powdered_diamond":5,"minecraft:stone_slab":6,"quark:oak_chest":9,"minecraft:iron_pickaxe":2,"minecraft:iron_block":4,"minecraft:gold_ingot":120,"create:large_cogwheel":21,"minecraft:fire_charge":3,"slashblade:proudsoul":1,"ars_nouveau:arcane_pedestal":4,"minecraft:golden_carrot":101,"minecraft:stone_shovel":1,"ars_nouveau:volcanic_sourcelink":1,"create:wrench":2,"minecraft:iron_nugget":360,"minecraft:diamond_hoe":3,"minecraft:bone_meal":168,"travelersbackpack:blank_upgrade":4,"travelersbackpack:gold_tier_upgrade":1,"minecraft:lantern":13,"minecraft:spruce_stairs":88,"travelersbackpack:white_sleeping_bag":1,"ars_nouveau:novice_spell_book":1,"minecraft:spruce_slab":114,"minecraft:stone_pickaxe":1,"minecraft:diamond_boots":2,"minecraft:spruce_boat":1,"quark:spruce_chest":95,"create:electron_tube":8,"minecraft:dark_oak_planks":376,"minecraft:wheat":135,"minecraft:enchanting_table":1,"create:dough":8,"create:goggles":2,"minecraft:glowstone":2,"minecraft:enchanted_book":4,"ars_nouveau:sourcestone":16,"minecraft:iron_shovel":1,"minecraft:white_bed":1,"create:shaft":168,"slashblade:proudsoul_tiny":12,"minecraft:grindstone":1,"minecraft:oak_planks":324,"minecraft:cobblestone_slab":12,"minecraft:barrel":67,"ars_nouveau:archwood_planks":380,"minecraft:stone":332,"minecraft:spruce_pressure_plate":2,"ars_nouveau:worn_notebook":1,"minecraft:chest":74,"mahoutsukai:hammer":1,"minecraft:ender_eye":9,"minecraft:stone_bricks":220,"travelersbackpack:iron_tier_upgrade":1,"minecraft:crafting_table":21,"minecraft:spruce_planks":2728,"minecraft:baked_potato":4,"minecraft:wooden_pickaxe":1,"minecraft:chainmail_chestplate":12,"create:sand_paper":4,"minecraft:birch_planks":16,"slashblade:proudsoul_ingot":2,"minecraft:spruce_trapdoor":52,"minecraft:dark_oak_slab":252,"minecraft:paper":3,"minecraft:diamond_pickaxe":3,"create:water_wheel":11,"minecraft:purple_dye":4,"minecraft:shield":1,"minecraft:stick":13017,"minecraft:iron_ingot":166,"minecraft:stone_sword":2,"ars_nouveau:scribes_table":1,"create:empty_blaze_burner":4,"minecraft:wooden_sword":8,"minecraft:redstone":20,"minecraft:raw_iron":18,"minecraft:coal":144,"mahoutsukai:guidebook":1,"minecraft:furnace":25,"minecraft:stone_button":1,"minecraft:blast_furnace":1,"minecraft:dark_oak_trapdoor":20,"ars_nouveau:archwood_slab":60,"mahoutsukai:attuner":1,"minecraft:iron_axe":1,"create:millstone":1,"minecraft:slime_ball":8,"minecraft:lime_dye":36,"mahoutsukai:powdered_gold":3,"create:basin":2,"travelersbackpack:diamond_tier_upgrade":1,"minecraft:red_dye":18,"ars_nouveau:source_gem":8,"create:andesite_alloy":92,"create:hand_crank":1,"minecraft:diamond_sword":1,"minecraft:dark_oak_stairs":40,"ars_nouveau:imbuement_chamber":1,"mahoutsukai:attuned_diamond":1,"travelersbackpack:backpack_tank":4,"minecraft:iron_sword":2,"create:large_water_wheel":11,"minecraft:bucket":2,"minecraft:stone_axe":5,"minecraft:air":0,"minecraft:bread":49,"minecraft:blue_dye":2,"create:whisk":1,"minecraft:gold_nugget":36,"create:mechanical_crafter":24,"minecraft:anvil":1,"create:mechanical_drill":3,"minecraft:torch":208,"create:zinc_ingot":12,"minecraft:lapis_lazuli":2,"minecraft:diamond_chestplate":1}},"DataVersion":3465}