{"stats":{"minecraft:custom":{"minecraft:interact_with_furnace":7,"minecraft:mob_kills":17,"minecraft:interact_with_crafting_table":14,"minecraft:leave_game":2,"minecraft:time_since_death":110020,"minecraft:sleep_in_bed":6,"minecraft:climb_one_cm":2321,"minecraft:time_since_rest":11971,"minecraft:sprint_one_cm":91095,"minecraft:damage_taken":897,"minecraft:walk_one_cm":296870,"minecraft:drop":6,"minecraft:damage_dealt":2914,"minecraft:fly_one_cm":147931,"minecraft:open_chest":10,"minecraft:crouch_one_cm":2480,"minecraft:play_time":110020,"minecraft:sneak_time":943,"minecraft:walk_under_water_one_cm":49,"minecraft:jump":893,"minecraft:walk_on_water_one_cm":2272,"minecraft:total_world_time":110020,"minecraft:fall_one_cm":19243,"minecraft:horse_one_cm":36618},"minecraft:used":{"minecraft:diorite":3,"minecraft:stone_pickaxe":38,"minecraft:wooden_pickaxe":5,"minecraft:iron_sword":62,"minecraft:iron_chestplate":1,"minecraft:torch":13,"minecraft:crafting_table":3,"ars_nouveau:bastion_pod":2,"minecraft:granite":1,"minecraft:wooden_axe":31,"minecraft:bread":19,"minecraft:iron_pickaxe":151,"minecraft:iron_helmet":1,"minecraft:iron_boots":1,"minecraft:cobblestone":24,"minecraft:hay_block":1,"minecraft:oak_sapling":2,"minecraft:furnace":2,"minecraft:andesite":3,"quark:oak_chest":1,"minecraft:potato":2,"minecraft:iron_leggings":1},"minecraft:crafted":{"minecraft:oak_planks":84,"minecraft:crafting_table":1,"minecraft:wooden_pickaxe":1,"minecraft:iron_sword":1,"minecraft:furnace":1,"minecraft:bread":51,"minecraft:air":0,"minecraft:stick":20,"quark:oak_chest":1,"minecraft:iron_ingot":12,"minecraft:iron_pickaxe":1,"minecraft:stone_pickaxe":1,"minecraft:wooden_axe":1,"minecraft:torch":20,"minecraft:shears":1,"minecraft:wheat":153},"minecraft:mined":{"minecraft:tuff":1,"minecraft:crafting_table":2,"minecraft:torch":1,"minecraft:granite":2,"minecraft:cobblestone":4,"minecraft:deepslate_gold_ore":11,"minecraft:diorite":3,"minecraft:wall_torch":5,"minecraft:hay_block":18,"minecraft:furnace":2,"minecraft:iron_ore":43,"minecraft:andesite":3,"minecraft:deepslate_lapis_ore":6,"minecraft:grass":1,"minecraft:oak_log":21,"minecraft:coal_ore":32,"minecraft:deepslate_iron_ore":13,"minecraft:stone":58,"create:veridium":1,"minecraft:oak_leaves":2,"minecraft:deepslate":7},"minecraft:killed":{"minecraft:pig":1,"minecraft:spider":1,"minecraft:skeleton":2,"minecraft:zombie":13},"minecraft:dropped":{"minecraft:iron_sword":1,"ars_nouveau:novice_spell_book":2,"minecraft:lapis_lazuli":1,"ars_nouveau:bastion_pod":1,"minecraft:iron_pickaxe":1},"minecraft:picked_up":{"minecraft:iron_chestplate":1,"minecraft:crafting_table":2,"minecraft:flower_pot":1,"minecraft:andesite":3,"minecraft:potato":2,"minecraft:tuff":1,"minecraft:infested_stone":17,"minecraft:oak_log":21,"minecraft:chainmail_chestplate":2,"minecraft:lapis_lazuli":37,"minecraft:iron_leggings":1,"minecraft:bone":4,"minecraft:cobbled_deepslate":7,"minecraft:raw_gold":11,"minecraft:rabbit_hide":11,"minecraft:iron_ingot":2,"minecraft:iron_pickaxe":1,"minecraft:iron_sword":1,"minecraft:iron_boots":1,"minecraft:furnace":2,"minecraft:raw_iron":56,"minecraft:torch":6,"ars_nouveau:novice_spell_book":2,"minecraft:porkchop":3,"ars_nouveau:bastion_pod":2,"minecraft:ink_sac":1,"minecraft:diorite":3,"minecraft:carrot":1,"quark:ancient_tome":1,"minecraft:arrow":1,"minecraft:rotten_flesh":12,"minecraft:iron_helmet":1,"minecraft:hay_block":18,"minecraft:granite":2,"create:veridium":1,"minecraft:oak_sapling":2,"minecraft:bone_block":11,"minecraft:coal":34,"minecraft:cobblestone":57}},"DataVersion":3465}