{"stats":{"minecraft:crafted":{"minecraft:oak_door":3,"minecraft:oak_planks":156,"ars_nouveau:archwood_planks":4,"minecraft:crafting_table":3,"minecraft:iron_sword":1,"minecraft:furnace":8,"minecraft:stone_axe":1,"minecraft:bread":28,"minecraft:air":0,"minecraft:iron_axe":1,"minecraft:stick":80,"quark:oak_chest":4,"minecraft:iron_ingot":14,"minecraft:iron_pickaxe":2,"minecraft:stone_sword":1,"minecraft:torch":32},"minecraft:custom":{"minecraft:interact_with_furnace":19,"minecraft:mob_kills":19,"minecraft:interact_with_crafting_table":12,"minecraft:open_barrel":1,"minecraft:time_since_death":41846,"minecraft:sleep_in_bed":1,"minecraft:climb_one_cm":1632,"minecraft:time_since_rest":38935,"minecraft:sprint_one_cm":143889,"minecraft:damage_taken":1340,"minecraft:walk_one_cm":132656,"minecraft:drop":8,"minecraft:damage_dealt":3852,"minecraft:swim_one_cm":42225,"minecraft:fly_one_cm":229630,"minecraft:open_chest":36,"minecraft:crouch_one_cm":1576,"minecraft:play_time":48873,"minecraft:deaths":2,"minecraft:sneak_time":849,"minecraft:walk_under_water_one_cm":8466,"minecraft:jump":1084,"minecraft:walk_on_water_one_cm":2716,"minecraft:total_world_time":48873,"minecraft:fall_one_cm":27128},"minecraft:picked_up":{"minecraft:wheat":86,"minecraft:flower_pot":1,"minecraft:andesite":29,"minecraft:oak_log":29,"minecraft:gunpowder":5,"minecraft:amethyst_block":8,"minecraft:lapis_lazuli":21,"minecraft:string":3,"minecraft:raw_copper":16,"minecraft:bone":8,"minecraft:blue_orchid":1,"minecraft:bow":1,"minecraft:wheat_seeds":230,"minecraft:raw_gold":11,"minecraft:iron_ingot":5,"theoneprobe:probenote":1,"minecraft:calcite":4,"minecraft:iron_pickaxe":1,"minecraft:dark_oak_stairs":1,"minecraft:stick":7,"slashblade:proudsoul_tiny":3,"minecraft:raw_iron":103,"minecraft:smooth_basalt":4,"minecraft:oak_door":3,"minecraft:torch":6,"minecraft:diorite":44,"quark:oak_chest":2,"minecraft:arrow":2,"minecraft:rotten_flesh":7,"ars_nouveau:worn_notebook":1,"minecraft:granite":20,"minecraft:oak_sapling":2,"minecraft:coal":36,"minecraft:cobblestone":84},"minecraft:used":{"minecraft:wheat_seeds":82,"minecraft:stone_sword":90,"minecraft:oak_door":4,"minecraft:torch":14,"minecraft:crafting_table":3,"ars_nouveau:archwood_planks":4,"minecraft:bread":24,"minecraft:iron_pickaxe":249,"minecraft:stone_axe":32,"minecraft:cobblestone":59,"minecraft:furnace":8,"minecraft:oak_sapling":2,"quark:oak_chest":6},"minecraft:killed":{"minecraft:spider":3,"minecraft:creeper":1,"minecraft:skeleton":6,"minecraft:zombie":8},"minecraft:dropped":{"minecraft:wheat_seeds":1,"minecraft:rotten_flesh":2,"ars_nouveau:worn_notebook":1,"theoneprobe:probenote":1,"minecraft:iron_pickaxe":1,"slashblade:proudsoul_tiny":2},"minecraft:killed_by":{"minecraft:zombie":1},"minecraft:mined":{"quark:oak_chest":2,"minecraft:oak_door":3,"minecraft:potted_blue_orchid":1,"minecraft:crafting_table":1,"minecraft:granite":2,"minecraft:tall_grass":1,"minecraft:copper_ore":5,"minecraft:cobblestone":21,"minecraft:lapis_ore":3,"minecraft:diorite":1,"minecraft:wall_torch":4,"minecraft:iron_ore":103,"minecraft:wheat":85,"minecraft:andesite":4,"minecraft:pumpkin":1,"minecraft:dark_oak_stairs":1,"minecraft:grass":4,"minecraft:oak_log":26,"minecraft:coal_ore":36,"minecraft:stone":61,"minecraft:gold_ore":11,"minecraft:oak_leaves":6}},"DataVersion":3465}