{"stats":{"minecraft:crafted":{"minecraft:oak_planks":60,"ars_nouveau:archwood_planks":4,"minecraft:crafting_table":1,"minecraft:stick":12,"minecraft:iron_pickaxe":1,"minecraft:stone_sword":1,"minecraft:torch":32,"minecraft:stone_axe":1,"minecraft:bread":28},"minecraft:custom":{"minecraft:time_since_rest":14935,"minecraft:interact_with_furnace":2,"minecraft:sprint_one_cm":85709,"minecraft:damage_taken":575,"minecraft:walk_one_cm":76831,"minecraft:mob_kills":6,"minecraft:drop":7,"minecraft:damage_dealt":1531,"minecraft:interact_with_crafting_table":6,"minecraft:fly_one_cm":151555,"minecraft:open_barrel":1,"minecraft:open_chest":14,"minecraft:crouch_one_cm":1099,"minecraft:play_time":24873,"minecraft:deaths":2,"minecraft:sneak_time":368,"minecraft:jump":638,"minecraft:time_since_death":17846,"minecraft:walk_on_water_one_cm":36,"minecraft:sleep_in_bed":1,"minecraft:climb_one_cm":1608,"minecraft:total_world_time":24873,"minecraft:fall_one_cm":18124},"minecraft:picked_up":{"minecraft:raw_iron":38,"slashblade:proudsoul_tiny":3,"minecraft:stick":5,"minecraft:smooth_basalt":4,"minecraft:wheat":86,"minecraft:andesite":25,"minecraft:torch":2,"minecraft:oak_log":29,"minecraft:diorite":43,"minecraft:gunpowder":3,"minecraft:amethyst_block":8,"minecraft:lapis_lazuli":5,"minecraft:raw_copper":16,"minecraft:bone":3,"minecraft:rotten_flesh":6,"minecraft:wheat_seeds":230,"ars_nouveau:worn_notebook":1,"minecraft:granite":19,"theoneprobe:probenote":1,"minecraft:iron_ingot":5,"minecraft:calcite":4,"minecraft:oak_sapling":2,"minecraft:coal":16,"minecraft:cobblestone":41},"minecraft:used":{"minecraft:wheat_seeds":82,"minecraft:stone_sword":31,"minecraft:bread":7,"minecraft:iron_pickaxe":97,"minecraft:stone_axe":24,"minecraft:torch":5,"minecraft:cobblestone":17,"minecraft:crafting_table":1,"minecraft:oak_sapling":2,"ars_nouveau:archwood_planks":4},"minecraft:killed":{"minecraft:skeleton":2,"minecraft:zombie":3},"minecraft:dropped":{"ars_nouveau:worn_notebook":1,"minecraft:wheat_seeds":1,"theoneprobe:probenote":1,"minecraft:rotten_flesh":2,"slashblade:proudsoul_tiny":2},"minecraft:killed_by":{"minecraft:zombie":1},"minecraft:mined":{"minecraft:iron_ore":38,"minecraft:wheat":85,"minecraft:pumpkin":1,"minecraft:granite":1,"minecraft:grass":4,"minecraft:coal_ore":16,"minecraft:oak_log":26,"minecraft:copper_ore":5,"minecraft:tall_grass":1,"minecraft:cobblestone":1,"minecraft:lapis_ore":1,"minecraft:stone":35,"minecraft:oak_leaves":6,"minecraft:wall_torch":1}},"DataVersion":3465}