{"stats":{"minecraft:used":{"minecraft:stone_sword":90,"minecraft:iron_shovel":38,"minecraft:flint_and_steel":3,"minecraft:shield":9,"minecraft:iron_sword":216,"minecraft:oak_door":4,"minecraft:iron_chestplate":1,"minecraft:torch":30,"minecraft:obsidian":12,"minecraft:spruce_boat":6,"minecraft:lantern":2,"minecraft:iron_axe":559,"create_new_age:magnetite_block":6,"minecraft:oak_sapling":2,"minecraft:furnace":8,"minecraft:wheat_seeds":94,"minecraft:water_bucket":6,"minecraft:oak_planks":11,"ars_nouveau:archwood_planks":4,"minecraft:crafting_table":7,"minecraft:white_bed":1,"minecraft:spruce_log":22,"minecraft:diamond_pickaxe":22,"minecraft:bread":74,"minecraft:iron_pickaxe":307,"minecraft:spruce_sapling":11,"minecraft:gravel":4,"nethersdelight:hoglin_sirloin":1,"minecraft:stone_axe":32,"minecraft:nether_wart_block":4,"minecraft:cobblestone":192,"travelersbackpack:standard":1,"minecraft:bucket":7,"quark:oak_chest":6},"minecraft:broken":{"minecraft:iron_axe":3},"minecraft:killed_by":{"minecraft:blaze":1,"minecraft:zombie":1},"minecraft:custom":{"minecraft:mob_kills":43,"minecraft:animals_bred":4,"minecraft:interact_with_crafting_table":28,"minecraft:open_barrel":1,"minecraft:eat_cake_slice":3,"minecraft:leave_game":4,"minecraft:time_since_death":45279,"minecraft:climb_one_cm":5503,"minecraft:sprint_one_cm":575815,"minecraft:walk_one_cm":417173,"minecraft:damage_blocked_by_shield":290,"minecraft:drop":42,"minecraft:play_time":196410,"minecraft:sneak_time":9695,"minecraft:deaths":3,"minecraft:walk_under_water_one_cm":12256,"minecraft:boat_one_cm":207405,"minecraft:jump":3506,"minecraft:walk_on_water_one_cm":17366,"minecraft:total_world_time":196410,"minecraft:interact_with_furnace":33,"minecraft:sleep_in_bed":5,"minecraft:time_since_rest":45435,"minecraft:damage_taken":3402,"minecraft:damage_dealt":7892,"minecraft:swim_one_cm":63778,"minecraft:fly_one_cm":787110,"minecraft:open_chest":86,"minecraft:crouch_one_cm":13181,"minecraft:fall_one_cm":103867},"minecraft:dropped":{"minecraft:iron_sword":1,"minecraft:wheat_seeds":191,"minecraft:coal":1,"minecraft:stick":2,"ars_nouveau:worn_notebook":1,"theoneprobe:probenote":2,"minecraft:sand":10,"minecraft:iron_axe":1,"minecraft:iron_pickaxe":1,"minecraft:string":2,"minecraft:lily_pad":3,"nethersdelight:hoglin_sirloin":1,"slashblade:proudsoul":1,"farmersdelight:cabbage":1,"minecraft:rotten_flesh":5,"minecraft:oak_planks":4,"minecraft:spruce_boat":1,"minecraft:spruce_planks":3,"minecraft:diamond_pickaxe":2,"minecraft:oak_sapling":1,"minecraft:arrow":2,"minecraft:glass":4,"minecraft:black_wool":1,"slashblade:proudsoul_tiny":2},"minecraft:picked_up":{"nethersdelight:hoglin_loin":2,"minecraft:crafting_table":3,"minecraft:iron_chestplate":1,"minecraft:wheat":168,"minecraft:flower_pot":1,"minecraft:brown_mushroom":1,"minecraft:shield":2,"minecraft:amethyst_block":8,"minecraft:string":6,"minecraft:raw_copper":16,"minecraft:iron_axe":2,"minecraft:flint_and_steel":1,"minecraft:iron_leggings":1,"minecraft:iron_shovel":1,"minecraft:blue_orchid":1,"farmersdelight:cabbage":1,"minecraft:beef":9,"minecraft:rose_bush":9,"minecraft:calcite":4,"minecraft:iron_pickaxe":2,"farmersdelight:cabbage_seeds":12,"minecraft:iron_boots":1,"minecraft:dark_oak_sapling":8,"minecraft:stick":114,"minecraft:raw_iron":113,"minecraft:oak_door":3,"minecraft:torch":26,"minecraft:diorite":44,"minecraft:carrot":5,"minecraft:stone_sword":1,"slashblade:proudsoul":1,"minecraft:arrow":4,"minecraft:weeping_vines":1,"minecraft:rotten_flesh":25,"minecraft:beetroot_seeds":1,"minecraft:nether_bricks":38,"ars_nouveau:worn_notebook":1,"minecraft:hay_block":13,"minecraft:obsidian":14,"minecraft:mutton":6,"minecraft:white_wool":3,"minecraft:cobblestone":176,"farmersdelight:rice":10,"minecraft:water_bucket":1,"minecraft:andesite":29,"minecraft:leather":6,"minecraft:potato":12,"minecraft:flint":1,"minecraft:oak_log":31,"minecraft:lily_pad":3,"minecraft:nether_wart_block":4,"minecraft:gunpowder":5,"minecraft:lapis_lazuli":21,"minecraft:lantern":2,"minecraft:bone":9,"minecraft:bow":1,"minecraft:wheat_seeds":450,"minecraft:raw_gold":11,"create_new_age:magnetite_block":1,"minecraft:iron_ingot":7,"theoneprobe:probenote":1,"minecraft:iron_sword":2,"minecraft:oak_planks":50,"minecraft:dark_oak_stairs":1,"slashblade:proudsoul_tiny":3,"minecraft:smooth_basalt":4,"minecraft:gravel":14,"minecraft:sand":34,"minecraft:spruce_sapling":157,"minecraft:white_bed":1,"minecraft:spruce_log":608,"quark:oak_chest":2,"minecraft:dark_oak_log":88,"quark:gold_bars":4,"travelersbackpack:standard":1,"minecraft:spruce_boat":5,"minecraft:iron_helmet":1,"minecraft:granite":20,"minecraft:bread":35,"minecraft:oak_sapling":3,"minecraft:black_wool":1,"minecraft:coal":36,"minecraft:crimson_roots":6,"minecraft:diamond_pickaxe":3},"minecraft:crafted":{"minecraft:oak_door":3,"minecraft:oak_planks":164,"ars_nouveau:archwood_planks":4,"minecraft:furnace":8,"minecraft:flint_and_steel":1,"nethersdelight:hoglin_sirloin":2,"minecraft:glass":16,"minecraft:iron_boots":1,"minecraft:iron_axe":4,"minecraft:spruce_boat":2,"quark:spruce_chest":1,"minecraft:wheat":117,"minecraft:red_dye":2,"minecraft:crafting_table":6,"minecraft:spruce_planks":28,"travelersbackpack:backpack_tank":2,"minecraft:iron_helmet":1,"travelersbackpack:standard":1,"minecraft:iron_sword":1,"minecraft:red_wool":2,"minecraft:copper_ingot":16,"minecraft:bucket":1,"minecraft:stone_axe":1,"minecraft:bread":89,"minecraft:air":0,"travelersbackpack:red_sleeping_bag":1,"minecraft:iron_chestplate":1,"minecraft:shield":2,"minecraft:stick":80,"quark:oak_chest":4,"minecraft:iron_ingot":117,"minecraft:iron_pickaxe":2,"minecraft:stone_sword":1,"minecraft:iron_leggings":1,"minecraft:iron_shovel":1,"minecraft:gold_ingot":11,"minecraft:torch":32},"minecraft:killed":{"minecraft:spider":6,"minecraft:skeleton":7,"minecraft:drowned":4,"minecraft:hoglin":1,"minecraft:creeper":1,"minecraft:sheep":4,"minecraft:zombie":13,"minecraft:wither_skeleton":1,"minecraft:villager":1,"minecraft:cow":4},"minecraft:mined":{"minecraft:white_bed":1,"minecraft:dark_oak_leaves":5,"minecraft:oak_door":3,"minecraft:dark_oak_log":59,"minecraft:potted_blue_orchid":1,"minecraft:obsidian":14,"minecraft:nether_bricks":33,"minecraft:granite":2,"minecraft:grass_block":1,"minecraft:crimson_roots":6,"farmersdelight:wild_cabbages":13,"minecraft:spruce_leaves":84,"minecraft:large_fern":1,"minecraft:hay_block":13,"minecraft:weeping_vines_plant":2,"minecraft:spruce_sapling":1,"minecraft:carrots":1,"farmersdelight:wild_rice":10,"minecraft:iron_ore":113,"minecraft:fire":2,"minecraft:andesite":4,"minecraft:pumpkin":1,"minecraft:dark_oak_stairs":1,"minecraft:lantern":1,"minecraft:stone":62,"farmersdelight:wild_potatoes":12,"quark:oak_chest":2,"minecraft:stripped_dark_oak_log":1,"quark:gold_bars":4,"create_new_age:magnetite_block":2,"travelersbackpack:standard":1,"minecraft:crafting_table":3,"minecraft:torch":1,"minecraft:rose_bush":14,"minecraft:copper_ore":5,"minecraft:tall_grass":1,"minecraft:cobblestone":33,"minecraft:lapis_ore":3,"minecraft:oak_planks":2,"minecraft:diorite":1,"minecraft:wall_torch":5,"farmersdelight:sandy_shrub":1,"minecraft:nether_wart_block":4,"minecraft:wheat":171,"minecraft:spruce_log":342,"minecraft:grass":15,"minecraft:oak_log":28,"minecraft:coal_ore":36,"minecraft:gravel":12,"minecraft:sand":34,"minecraft:gold_ore":11,"minecraft:oak_leaves":10,"minecraft:fern":7}},"DataVersion":3465}