{"stats":{"minecraft:crafted":{"minecraft:oak_planks":12,"ars_nouveau:archwood_planks":4,"minecraft:crafting_table":1,"minecraft:stick":12,"minecraft:iron_pickaxe":1,"minecraft:torch":32,"minecraft:bread":28},"minecraft:custom":{"minecraft:time_since_rest":2935,"minecraft:interact_with_furnace":2,"minecraft:sprint_one_cm":39508,"minecraft:damage_taken":280,"minecraft:walk_one_cm":37564,"minecraft:drop":7,"minecraft:damage_dealt":237,"minecraft:interact_with_crafting_table":5,"minecraft:fly_one_cm":89690,"minecraft:open_barrel":1,"minecraft:open_chest":14,"minecraft:play_time":12873,"minecraft:deaths":2,"minecraft:jump":318,"minecraft:time_since_death":5846,"minecraft:walk_on_water_one_cm":36,"minecraft:sleep_in_bed":1,"minecraft:climb_one_cm":1608,"minecraft:total_world_time":12873,"minecraft:fall_one_cm":9538},"minecraft:picked_up":{"slashblade:proudsoul_tiny":3,"minecraft:stick":4,"minecraft:smooth_basalt":4,"minecraft:wheat":86,"minecraft:andesite":25,"minecraft:oak_log":6,"minecraft:diorite":43,"minecraft:amethyst_block":8,"minecraft:rotten_flesh":2,"minecraft:wheat_seeds":230,"ars_nouveau:worn_notebook":1,"minecraft:granite":18,"theoneprobe:probenote":1,"minecraft:iron_ingot":5,"minecraft:calcite":4},"minecraft:used":{"minecraft:wheat_seeds":82,"minecraft:bread":3,"minecraft:crafting_table":1,"ars_nouveau:archwood_planks":2},"minecraft:dropped":{"ars_nouveau:worn_notebook":1,"minecraft:wheat_seeds":1,"theoneprobe:probenote":1,"minecraft:rotten_flesh":2,"slashblade:proudsoul_tiny":2},"minecraft:killed_by":{"minecraft:zombie":1},"minecraft:mined":{"minecraft:wheat":85,"minecraft:pumpkin":1,"minecraft:grass":4,"minecraft:oak_log":3,"minecraft:tall_grass":1,"minecraft:oak_leaves":4}},"DataVersion":3465}