{"stats":{"minecraft:used":{"minecraft:iron_shovel":2046,"minecraft:oak_sign":3,"minecraft:shield":12,"minecraft:iron_sword":479,"minecraft:iron_chestplate":1,"create:cogwheel":5,"minecraft:carrot":12,"minecraft:obsidian":12,"minecraft:spruce_boat":6,"minecraft:lantern":2,"create_new_age:magnetite_block":6,"minecraft:stone_bricks":243,"quark:blossom_chest":3,"minecraft:written_book":1,"create:shaft":1,"minecraft:oak_sapling":83,"minecraft:furnace":8,"minecraft:dark_oak_sapling":104,"minecraft:oak_planks":1011,"minecraft:dark_oak_trapdoor":12,"ars_nouveau:archwood_planks":4,"minecraft:firework_rocket":1,"minecraft:bread":141,"minecraft:gravel":4,"nethersdelight:hoglin_sirloin":1,"minecraft:nether_wart_block":4,"minecraft:poisonous_potato":1,"minecraft:bone_meal":558,"minecraft:iron_bars":13,"minecraft:stone_sword":90,"minecraft:flint_and_steel":3,"minecraft:spruce_planks":437,"minecraft:oak_door":4,"minecraft:torch":66,"minecraft:dirt":356,"quark:yellow_blossom_sapling":2,"create:mechanical_mixer":1,"minecraft:spruce_stairs":34,"minecraft:golden_shovel":193,"ars_nouveau:frostaya_pod":4,"minecraft:iron_axe":844,"minecraft:oak_stairs":4,"minecraft:golden_carrot":5,"quark:blossom_planks":24,"minecraft:cooked_beef":2,"minecraft:cobbled_deepslate":70,"minecraft:wheat_seeds":194,"minecraft:cooked_mutton":1,"minecraft:water_bucket":22,"minecraft:polished_andesite":1,"minecraft:baked_potato":8,"minecraft:crafting_table":9,"minecraft:white_bed":1,"minecraft:spruce_log":22,"minecraft:dark_oak_door":2,"minecraft:oak_log":336,"minecraft:diamond_pickaxe":1264,"minecraft:iron_pickaxe":307,"minecraft:spruce_trapdoor":1,"minecraft:spruce_sapling":92,"minecraft:stone_axe":32,"minecraft:cobblestone":606,"travelersbackpack:standard":12,"quark:spruce_ladder":7,"minecraft:bucket":24,"quark:oak_chest":10},"minecraft:killed_by":{"minecraft:blaze":1,"minecraft:zombie":1,"minecraft:player":2},"minecraft:broken":{"minecraft:iron_shovel":6,"minecraft:golden_shovel":6,"minecraft:iron_axe":10,"minecraft:iron_helmet":1},"minecraft:custom":{"minecraft:animals_bred":4,"minecraft:interact_with_crafting_table":79,"minecraft:open_barrel":37,"minecraft:bell_ring":8,"minecraft:eat_cake_slice":3,"minecraft:leave_game":8,"minecraft:time_since_death":5357,"minecraft:sprint_one_cm":1523176,"minecraft:damage_blocked_by_shield":375,"minecraft:drop":128,"minecraft:talked_to_villager":3,"minecraft:play_time":535699,"minecraft:deaths":6,"minecraft:jump":8683,"minecraft:walk_on_water_one_cm":25810,"minecraft:interact_with_furnace":113,"minecraft:sleep_in_bed":8,"minecraft:damage_dealt":16418,"minecraft:player_kills":1,"minecraft:crouch_one_cm":58566,"minecraft:interact_with_smoker":3,"minecraft:interact_with_smithing_table":1,"minecraft:mob_kills":88,"minecraft:climb_one_cm":11677,"minecraft:walk_one_cm":1395281,"minecraft:sneak_time":28524,"minecraft:walk_under_water_one_cm":39047,"minecraft:boat_one_cm":207405,"minecraft:interact_with_blast_furnace":24,"minecraft:total_world_time":535699,"minecraft:time_since_rest":5387,"minecraft:damage_taken":7271,"minecraft:swim_one_cm":104885,"minecraft:fly_one_cm":3441857,"minecraft:open_chest":359,"minecraft:fall_one_cm":242345},"minecraft:dropped":{"farmersdelight:iron_knife":1,"minecraft:iron_sword":1,"minecraft:cobblestone_stairs":2,"minecraft:dirt":12,"minecraft:mutton":1,"theoneprobe:probenote":3,"minecraft:sand":10,"minecraft:iron_pickaxe":1,"minecraft:dark_oak_planks":1,"minecraft:white_wool":3,"minecraft:bone":1,"ars_nouveau:blue_archwood_log":6,"farmersdelight:cabbage":1,"minecraft:rotten_flesh":7,"minecraft:oak_planks":6,"create:brass_ingot":22,"minecraft:arrow":3,"minecraft:beef":1,"minecraft:glass":4,"minecraft:written_book":1,"create:andesite_alloy":2,"slashblade:proudsoul_tiny":2,"minecraft:bread":9,"minecraft:wheat_seeds":254,"minecraft:poisonous_potato":1,"minecraft:coal":1,"minecraft:stick":2,"ars_nouveau:worn_notebook":1,"minecraft:golden_carrot":1,"minecraft:torch":166,"minecraft:iron_axe":1,"minecraft:iron_shovel":2,"minecraft:string":2,"minecraft:lily_pad":3,"minecraft:spruce_sapling":71,"minecraft:dandelion":1,"nethersdelight:hoglin_sirloin":1,"slashblade:proudsoul":1,"minecraft:stripped_oak_log":2,"ars_nouveau:frostaya_pod":3,"minecraft:spruce_boat":1,"minecraft:spruce_planks":9,"minecraft:diamond_pickaxe":2,"minecraft:oak_sapling":1,"minecraft:stone_pressure_plate":1,"minecraft:stone_bricks":1,"minecraft:black_wool":1},"minecraft:picked_up":{"minecraft:iron_chestplate":3,"minecraft:wheat":243,"minecraft:flower_pot":1,"quark:spruce_ladder":2,"minecraft:amethyst_block":8,"minecraft:string":6,"minecraft:dark_oak_trapdoor":4,"minecraft:raw_copper":29,"minecraft:iron_leggings":3,"minecraft:oak_sign":3,"minecraft:beetroot":5,"farmersdelight:cabbage":1,"minecraft:spruce_planks":12,"minecraft:white_tulip":1,"minecraft:rose_bush":9,"minecraft:written_book":1,"minecraft:calcite":4,"minecraft:iron_pickaxe":2,"farmersdelight:cabbage_seeds":12,"minecraft:iron_boots":3,"minecraft:stick":344,"create:mechanical_mixer":1,"minecraft:torch":180,"minecraft:spruce_stairs":5,"quark:blossom_log":46,"minecraft:diorite":44,"quark:blossom_planks":4,"slashblade:proudsoul":1,"minecraft:stone_sword":1,"quark:clear_shard":18,"minecraft:rotten_flesh":40,"ars_nouveau:worn_notebook":1,"minecraft:red_tulip":1,"minecraft:obsidian":14,"minecraft:iron_bars":2,"minecraft:cobblestone":1364,"minecraft:cooked_beef":1,"farmersdelight:rice":10,"minecraft:birch_slab":5,"minecraft:water_bucket":2,"minecraft:andesite":29,"minecraft:brown_wool":1,"minecraft:potato":88,"minecraft:flint":1,"create:raw_zinc":3,"minecraft:lapis_lazuli":36,"minecraft:dirt":2218,"minecraft:lantern":3,"minecraft:bone":19,"minecraft:bow":1,"minecraft:orange_tulip":2,"minecraft:wheat_seeds":737,"create_new_age:magnetite_block":1,"minecraft:raw_gold":11,"theoneprobe:probenote":2,"create:goggles":2,"create:shaft":1,"minecraft:rabbit":4,"minecraft:oak_planks":78,"create:cogwheel":4,"minecraft:sand":220,"minecraft:ink_sac":1,"minecraft:lily_of_the_valley":1,"minecraft:dark_oak_log":1860,"minecraft:mossy_cobblestone":2,"quark:gold_bars":4,"minecraft:polished_andesite":2,"minecraft:diamond":4,"minecraft:spruce_boat":5,"minecraft:granite":20,"minecraft:bread":68,"minecraft:oak_sapling":276,"minecraft:crimson_roots":6,"minecraft:diamond_pickaxe":7,"nethersdelight:hoglin_loin":2,"minecraft:crafting_table":4,"minecraft:coarse_dirt":1,"minecraft:allium":1,"minecraft:brown_mushroom":1,"minecraft:shield":3,"minecraft:iron_axe":4,"minecraft:flint_and_steel":1,"minecraft:iron_shovel":1,"minecraft:blue_orchid":2,"minecraft:beef":9,"minecraft:poppy":5,"quark:yellow_blossom_sapling":2,"minecraft:dark_oak_sapling":104,"minecraft:raw_iron":127,"minecraft:oak_door":3,"ars_nouveau:blue_archwood_log":6,"ars_nouveau:frostaya_pod":4,"minecraft:stone_button":2,"minecraft:carrot":123,"minecraft:redstone":2,"minecraft:stone_pressure_plate":1,"ars_nouveau:green_archwood_log":123,"minecraft:arrow":15,"minecraft:weeping_vines":1,"minecraft:beetroot_seeds":15,"minecraft:nether_bricks":38,"minecraft:hay_block":26,"minecraft:pink_tulip":2,"minecraft:mutton":8,"minecraft:white_wool":3,"minecraft:bone_block":47,"minecraft:stripped_oak_log":4,"minecraft:golden_carrot":46,"minecraft:leather":6,"minecraft:oak_log":1286,"create:andesite_alloy":1,"minecraft:lily_pad":3,"minecraft:nether_wart_block":4,"minecraft:gunpowder":5,"minecraft:cobblestone_stairs":43,"minecraft:cooked_mutton":1,"twilightforest:raw_venison":6,"ars_nouveau:green_archwood_sapling":4,"minecraft:apple":57,"minecraft:stone_bricks":182,"minecraft:iron_ingot":7,"minecraft:stone_pickaxe":1,"minecraft:iron_sword":6,"minecraft:dark_oak_stairs":1,"slashblade:proudsoul_tiny":3,"minecraft:smooth_basalt":4,"minecraft:dandelion":25,"minecraft:gravel":17,"minecraft:spruce_sapling":169,"minecraft:white_bed":1,"minecraft:spruce_log":608,"quark:oak_chest":4,"travelersbackpack:standard":8,"minecraft:iron_helmet":2,"minecraft:black_wool":1,"minecraft:stripped_dark_oak_log":5,"minecraft:coal":66},"minecraft:crafted":{"minecraft:oak_planks":1324,"ars_nouveau:archwood_planks":16,"minecraft:stone":254,"minecraft:cooked_mutton":1,"minecraft:iron_bars":16,"nethersdelight:hoglin_sirloin":2,"minecraft:glass":130,"minecraft:dark_oak_door":3,"minecraft:iron_boots":1,"create:cogwheel":21,"minecraft:stone_bricks":252,"quark:blossom_planks":48,"minecraft:crafting_table":7,"minecraft:spruce_planks":1044,"farmersdelight:iron_knife":1,"minecraft:iron_helmet":1,"minecraft:baked_potato":8,"travelersbackpack:standard":1,"minecraft:red_wool":2,"minecraft:copper_ingot":16,"travelersbackpack:red_sleeping_bag":1,"minecraft:spruce_trapdoor":4,"minecraft:iron_chestplate":1,"minecraft:shield":2,"minecraft:stick":136,"quark:oak_chest":6,"minecraft:iron_ingot":127,"minecraft:iron_pickaxe":2,"minecraft:stone_sword":1,"minecraft:gold_ingot":11,"minecraft:golden_carrot":50,"minecraft:oak_door":3,"minecraft:iron_nugget":54,"minecraft:furnace":8,"minecraft:dark_oak_trapdoor":42,"minecraft:bone_meal":558,"quark:blossom_chest":3,"minecraft:flint_and_steel":1,"minecraft:spruce_stairs":36,"minecraft:iron_axe":11,"minecraft:spruce_boat":2,"quark:spruce_chest":1,"minecraft:dark_oak_planks":508,"minecraft:wheat":234,"minecraft:cooked_beef":9,"minecraft:red_dye":2,"create:andesite_alloy":7,"quark:vertical_oak_planks":21,"travelersbackpack:backpack_tank":2,"minecraft:iron_sword":2,"minecraft:golden_shovel":6,"quark:spruce_ladder":12,"minecraft:bucket":2,"minecraft:stone_axe":1,"minecraft:bread":152,"minecraft:air":0,"minecraft:gold_nugget":405,"minecraft:oak_stairs":28,"minecraft:iron_leggings":1,"minecraft:iron_shovel":12,"create:shaft":24,"minecraft:torch":380},"minecraft:killed":{"minecraft:spider":6,"minecraft:skeleton":19,"minecraft:bee":2,"minecraft:zombie_villager":1,"minecraft:creeper":2,"minecraft:sheep":4,"minecraft:zombie":37,"minecraft:cow":4,"twilightforest:deer":1,"twilightforest:dwarf_rabbit":2,"minecraft:drowned":4,"twilightforest:kobold":1,"minecraft:hoglin":1,"minecraft:wither_skeleton":1,"minecraft:villager":1,"twilightforest:bighorn_sheep":1},"minecraft:mined":{"minecraft:spruce_planks":6,"minecraft:white_bed":1,"minecraft:oak_sapling":28,"minecraft:cobblestone_stairs":41,"minecraft:potted_blue_orchid":1,"minecraft:obsidian":14,"minecraft:granite":2,"travelersbackpack:red_sleeping_bag":1,"minecraft:grass_block":1003,"minecraft:oak_wall_sign":2,"minecraft:oxeye_daisy":1,"minecraft:weeping_vines_plant":2,"minecraft:dark_oak_trapdoor":4,"farmersdelight:wild_rice":10,"minecraft:iron_ore":115,"minecraft:fire":2,"quark:blossom_planks":4,"minecraft:pumpkin":1,"minecraft:dark_oak_stairs":1,"minecraft:red_tulip":1,"minecraft:oak_sign":1,"minecraft:pink_tulip":2,"minecraft:blue_orchid":1,"farmersdelight:wild_potatoes":12,"create:cogwheel":4,"quark:gold_bars":4,"minecraft:torch":8,"minecraft:poppy":3,"minecraft:glass":4,"minecraft:cobblestone":44,"minecraft:oak_planks":27,"minecraft:wall_torch":5,"minecraft:birch_sapling":1,"create:basin":1,"farmersdelight:sandy_shrub":1,"ars_nouveau:green_archwood_sapling":2,"minecraft:nether_wart_block":4,"minecraft:wheat":262,"create:mechanical_mixer":2,"minecraft:orange_tulip":2,"minecraft:grass":245,"minecraft:oak_log":62,"minecraft:beetroots":5,"minecraft:dark_oak_sapling":29,"minecraft:sand":220,"minecraft:dirt":1050,"minecraft:oak_leaves":23,"ars_nouveau:blue_archwood_sapling":1,"create:zinc_ore":3,"minecraft:diamond_ore":2,"minecraft:mossy_cobblestone":1,"minecraft:dark_oak_leaves":5,"minecraft:oak_door":3,"minecraft:dark_oak_log":92,"minecraft:nether_bricks":33,"minecraft:allium":1,"minecraft:crimson_roots":6,"farmersdelight:wild_cabbages":13,"minecraft:spruce_leaves":84,"minecraft:large_fern":1,"minecraft:hay_block":26,"create:shaft":1,"minecraft:spruce_sapling":13,"minecraft:carrots":27,"minecraft:andesite":4,"minecraft:potatoes":10,"minecraft:vine":2,"minecraft:lantern":1,"minecraft:stripped_oak_log":4,"minecraft:white_tulip":1,"minecraft:stone":1098,"ars_nouveau:green_archwood_log":3,"quark:oak_chest":3,"minecraft:lily_of_the_valley":1,"minecraft:stripped_dark_oak_log":7,"create_new_age:magnetite_block":2,"minecraft:dandelion":14,"travelersbackpack:standard":8,"minecraft:crafting_table":4,"minecraft:rose_bush":14,"minecraft:tall_grass":32,"minecraft:copper_ore":9,"minecraft:lapis_ore":5,"twilightforest:mayapple":1,"minecraft:diorite":1,"minecraft:spruce_stairs":1,"minecraft:coarse_dirt":1,"ars_nouveau:blue_archwood_log":1,"minecraft:spruce_log":342,"minecraft:bee_nest":1,"ars_nouveau:mage_block":1,"minecraft:coal_ore":63,"minecraft:gravel":14,"minecraft:polished_andesite":1,"minecraft:stone_bricks":45,"minecraft:gold_ore":11,"minecraft:fern":8}},"DataVersion":3465}