{"stats":{"minecraft:custom":{"minecraft:mob_kills":41,"minecraft:interact_with_crafting_table":28,"minecraft:open_barrel":1,"minecraft:eat_cake_slice":3,"minecraft:leave_game":3,"minecraft:time_since_death":141571,"minecraft:climb_one_cm":4593,"minecraft:sprint_one_cm":444939,"minecraft:walk_one_cm":334628,"minecraft:drop":41,"minecraft:play_time":148598,"minecraft:deaths":2,"minecraft:sneak_time":9094,"minecraft:walk_under_water_one_cm":12256,"minecraft:boat_one_cm":207405,"minecraft:jump":2730,"minecraft:walk_on_water_one_cm":17366,"minecraft:total_world_time":148598,"minecraft:interact_with_furnace":31,"minecraft:sleep_in_bed":5,"minecraft:time_since_rest":3401,"minecraft:damage_taken":2394,"minecraft:damage_dealt":7099,"minecraft:swim_one_cm":63778,"minecraft:fly_one_cm":617480,"minecraft:open_chest":70,"minecraft:crouch_one_cm":11126,"minecraft:fall_one_cm":74440},"minecraft:crafted":{"minecraft:oak_door":3,"minecraft:oak_planks":164,"ars_nouveau:archwood_planks":4,"minecraft:furnace":8,"minecraft:flint_and_steel":1,"minecraft:glass":16,"minecraft:iron_boots":1,"minecraft:iron_axe":4,"minecraft:spruce_boat":2,"quark:spruce_chest":1,"minecraft:wheat":117,"minecraft:red_dye":2,"minecraft:crafting_table":6,"minecraft:spruce_planks":28,"travelersbackpack:backpack_tank":2,"minecraft:iron_helmet":1,"travelersbackpack:standard":1,"minecraft:iron_sword":1,"minecraft:red_wool":2,"minecraft:copper_ingot":16,"minecraft:bucket":1,"minecraft:stone_axe":1,"minecraft:bread":89,"minecraft:air":0,"travelersbackpack:red_sleeping_bag":1,"minecraft:iron_chestplate":1,"minecraft:shield":2,"minecraft:stick":80,"quark:oak_chest":4,"minecraft:iron_ingot":117,"minecraft:iron_pickaxe":2,"minecraft:stone_sword":1,"minecraft:iron_leggings":1,"minecraft:iron_shovel":1,"minecraft:gold_ingot":11,"minecraft:torch":32},"minecraft:broken":{"minecraft:iron_axe":3},"minecraft:picked_up":{"minecraft:crafting_table":2,"minecraft:wheat":155,"minecraft:flower_pot":1,"minecraft:brown_mushroom":1,"minecraft:amethyst_block":8,"minecraft:string":6,"minecraft:raw_copper":16,"minecraft:iron_axe":1,"minecraft:blue_orchid":1,"farmersdelight:cabbage":1,"minecraft:beef":9,"minecraft:rose_bush":9,"minecraft:calcite":4,"minecraft:iron_pickaxe":1,"farmersdelight:cabbage_seeds":12,"minecraft:dark_oak_sapling":8,"minecraft:stick":114,"minecraft:raw_iron":113,"minecraft:oak_door":3,"minecraft:torch":12,"minecraft:diorite":44,"slashblade:proudsoul":1,"minecraft:arrow":4,"minecraft:rotten_flesh":19,"minecraft:beetroot_seeds":1,"ars_nouveau:worn_notebook":1,"minecraft:hay_block":13,"minecraft:obsidian":14,"minecraft:mutton":6,"minecraft:cobblestone":94,"minecraft:white_wool":3,"farmersdelight:rice":10,"minecraft:andesite":29,"minecraft:leather":4,"minecraft:potato":12,"minecraft:flint":1,"minecraft:oak_log":31,"minecraft:lily_pad":3,"minecraft:nether_wart_block":1,"minecraft:gunpowder":5,"minecraft:lapis_lazuli":21,"minecraft:lantern":2,"minecraft:bone":8,"minecraft:bow":1,"minecraft:wheat_seeds":420,"create_new_age:magnetite_block":1,"minecraft:raw_gold":11,"minecraft:iron_ingot":6,"theoneprobe:probenote":1,"minecraft:iron_sword":1,"minecraft:dark_oak_stairs":1,"slashblade:proudsoul_tiny":3,"minecraft:smooth_basalt":4,"minecraft:gravel":14,"minecraft:sand":34,"minecraft:spruce_sapling":157,"minecraft:white_bed":1,"minecraft:spruce_log":608,"minecraft:dark_oak_log":88,"quark:oak_chest":2,"minecraft:spruce_boat":5,"minecraft:granite":20,"minecraft:oak_sapling":3,"minecraft:black_wool":1,"minecraft:coal":36,"minecraft:diamond_pickaxe":3},"minecraft:used":{"minecraft:stone_sword":90,"minecraft:iron_shovel":38,"minecraft:flint_and_steel":3,"minecraft:iron_sword":200,"minecraft:oak_door":4,"minecraft:torch":30,"minecraft:obsidian":12,"minecraft:spruce_boat":6,"minecraft:lantern":2,"minecraft:iron_axe":556,"create_new_age:magnetite_block":6,"minecraft:furnace":8,"minecraft:oak_sapling":2,"minecraft:wheat_seeds":82,"minecraft:water_bucket":6,"minecraft:crafting_table":7,"ars_nouveau:archwood_planks":4,"minecraft:white_bed":1,"minecraft:spruce_log":22,"minecraft:diamond_pickaxe":22,"minecraft:bread":55,"minecraft:iron_pickaxe":266,"minecraft:spruce_sapling":11,"minecraft:gravel":4,"minecraft:stone_axe":32,"minecraft:nether_wart_block":1,"minecraft:cobblestone":82,"minecraft:bucket":7,"quark:oak_chest":6},"minecraft:killed":{"minecraft:spider":6,"minecraft:skeleton":7,"minecraft:drowned":4,"minecraft:creeper":1,"minecraft:sheep":4,"minecraft:zombie":13,"minecraft:villager":1,"minecraft:cow":4},"minecraft:dropped":{"minecraft:iron_sword":1,"minecraft:wheat_seeds":191,"minecraft:coal":1,"minecraft:stick":2,"ars_nouveau:worn_notebook":1,"theoneprobe:probenote":2,"minecraft:iron_axe":1,"minecraft:sand":10,"minecraft:iron_pickaxe":1,"minecraft:string":2,"minecraft:lily_pad":3,"slashblade:proudsoul":1,"farmersdelight:cabbage":1,"minecraft:rotten_flesh":5,"minecraft:oak_planks":4,"minecraft:spruce_boat":1,"minecraft:spruce_planks":3,"minecraft:diamond_pickaxe":2,"minecraft:oak_sapling":1,"minecraft:arrow":2,"minecraft:glass":4,"minecraft:black_wool":1,"slashblade:proudsoul_tiny":2},"minecraft:killed_by":{"minecraft:zombie":1},"minecraft:mined":{"minecraft:white_bed":1,"minecraft:dark_oak_leaves":5,"minecraft:oak_door":3,"minecraft:dark_oak_log":59,"minecraft:potted_blue_orchid":1,"minecraft:obsidian":14,"minecraft:granite":2,"minecraft:grass_block":1,"farmersdelight:wild_cabbages":13,"minecraft:spruce_leaves":84,"minecraft:large_fern":1,"minecraft:hay_block":13,"minecraft:spruce_sapling":1,"farmersdelight:wild_rice":10,"minecraft:iron_ore":113,"minecraft:fire":2,"minecraft:andesite":4,"minecraft:pumpkin":1,"minecraft:dark_oak_stairs":1,"minecraft:lantern":1,"minecraft:stone":62,"farmersdelight:wild_potatoes":12,"quark:oak_chest":2,"minecraft:stripped_dark_oak_log":1,"create_new_age:magnetite_block":2,"minecraft:crafting_table":3,"minecraft:torch":1,"minecraft:rose_bush":14,"minecraft:tall_grass":1,"minecraft:copper_ore":5,"minecraft:cobblestone":31,"minecraft:lapis_ore":3,"minecraft:diorite":1,"minecraft:wall_torch":5,"farmersdelight:sandy_shrub":1,"minecraft:nether_wart_block":1,"minecraft:wheat":160,"minecraft:spruce_log":342,"minecraft:grass":15,"minecraft:oak_log":28,"minecraft:coal_ore":36,"minecraft:gravel":12,"minecraft:sand":34,"minecraft:gold_ore":11,"minecraft:oak_leaves":10,"minecraft:fern":7}},"DataVersion":3465}