{"stats":{"minecraft:crafted":{"minecraft:oak_door":3,"minecraft:oak_planks":184,"ars_nouveau:archwood_planks":16,"minecraft:iron_nugget":54,"minecraft:furnace":8,"minecraft:stone":254,"minecraft:bone_meal":558,"minecraft:cooked_mutton":1,"minecraft:flint_and_steel":1,"nethersdelight:hoglin_sirloin":2,"minecraft:glass":130,"minecraft:iron_boots":1,"minecraft:iron_axe":11,"minecraft:spruce_boat":2,"quark:spruce_chest":1,"minecraft:stone_bricks":252,"create:cogwheel":21,"minecraft:wheat":234,"minecraft:cooked_beef":9,"minecraft:red_dye":2,"create:andesite_alloy":7,"quark:blossom_planks":48,"quark:vertical_oak_planks":21,"minecraft:crafting_table":7,"farmersdelight:iron_knife":1,"minecraft:spruce_planks":28,"travelersbackpack:backpack_tank":2,"travelersbackpack:standard":1,"minecraft:baked_potato":8,"minecraft:iron_helmet":1,"minecraft:iron_sword":1,"minecraft:red_wool":2,"minecraft:copper_ingot":16,"minecraft:golden_shovel":6,"minecraft:bucket":1,"minecraft:stone_axe":1,"minecraft:bread":128,"minecraft:air":0,"travelersbackpack:red_sleeping_bag":1,"minecraft:iron_chestplate":1,"minecraft:shield":2,"minecraft:stick":104,"quark:oak_chest":6,"minecraft:iron_ingot":117,"minecraft:iron_pickaxe":2,"minecraft:stone_sword":1,"minecraft:gold_ingot":11,"minecraft:iron_shovel":11,"minecraft:iron_leggings":1,"create:shaft":24,"minecraft:torch":48},"minecraft:killed":{"minecraft:spider":6,"minecraft:skeleton":16,"minecraft:bee":2,"minecraft:drowned":4,"minecraft:hoglin":1,"minecraft:creeper":1,"minecraft:sheep":4,"minecraft:zombie":26,"minecraft:wither_skeleton":1,"minecraft:villager":1,"minecraft:cow":4},"minecraft:broken":{"minecraft:iron_shovel":6,"minecraft:golden_shovel":6,"minecraft:iron_axe":9},"minecraft:killed_by":{"minecraft:blaze":1,"minecraft:zombie":1},"minecraft:custom":{"minecraft:interact_with_smithing_table":1,"minecraft:mob_kills":67,"minecraft:animals_bred":4,"minecraft:interact_with_crafting_table":49,"minecraft:open_barrel":1,"minecraft:bell_ring":1,"minecraft:eat_cake_slice":3,"minecraft:leave_game":6,"minecraft:time_since_death":226327,"minecraft:climb_one_cm":5503,"minecraft:damage_blocked_by_shield":375,"minecraft:walk_one_cm":999535,"minecraft:sprint_one_cm":1014286,"minecraft:drop":83,"minecraft:play_time":377458,"minecraft:sneak_time":16944,"minecraft:deaths":3,"minecraft:walk_under_water_one_cm":17002,"minecraft:boat_one_cm":207405,"minecraft:jump":5820,"minecraft:interact_with_blast_furnace":20,"minecraft:walk_on_water_one_cm":20117,"minecraft:total_world_time":377458,"minecraft:interact_with_furnace":103,"minecraft:sleep_in_bed":8,"minecraft:time_since_rest":67504,"minecraft:damage_taken":4510,"minecraft:damage_dealt":12581,"minecraft:swim_one_cm":67385,"minecraft:fly_one_cm":1392731,"minecraft:crouch_one_cm":19395,"minecraft:open_chest":218,"minecraft:fall_one_cm":164188,"minecraft:interact_with_smoker":3},"minecraft:dropped":{"farmersdelight:iron_knife":1,"minecraft:iron_sword":1,"minecraft:wheat_seeds":194,"minecraft:coal":1,"minecraft:stick":2,"ars_nouveau:worn_notebook":1,"minecraft:mutton":1,"theoneprobe:probenote":2,"minecraft:sand":10,"minecraft:iron_axe":1,"minecraft:iron_pickaxe":1,"minecraft:iron_shovel":2,"minecraft:string":2,"minecraft:lily_pad":3,"minecraft:spruce_sapling":71,"minecraft:dandelion":1,"ars_nouveau:blue_archwood_log":6,"nethersdelight:hoglin_sirloin":1,"slashblade:proudsoul":1,"farmersdelight:cabbage":1,"minecraft:rotten_flesh":5,"minecraft:oak_planks":5,"ars_nouveau:frostaya_pod":3,"minecraft:spruce_boat":1,"minecraft:spruce_planks":3,"minecraft:diamond_pickaxe":2,"minecraft:oak_sapling":1,"create:brass_ingot":22,"minecraft:arrow":2,"minecraft:glass":4,"minecraft:beef":1,"minecraft:black_wool":1,"slashblade:proudsoul_tiny":2},"minecraft:mined":{"create:zinc_ore":3,"minecraft:white_bed":1,"minecraft:oak_sapling":28,"minecraft:dark_oak_leaves":5,"minecraft:oak_door":3,"minecraft:dark_oak_log":92,"minecraft:potted_blue_orchid":1,"minecraft:obsidian":14,"minecraft:nether_bricks":33,"minecraft:granite":2,"travelersbackpack:red_sleeping_bag":1,"minecraft:grass_block":979,"minecraft:crimson_roots":6,"farmersdelight:wild_cabbages":13,"minecraft:spruce_leaves":84,"minecraft:large_fern":1,"minecraft:hay_block":26,"minecraft:weeping_vines_plant":2,"create:shaft":1,"minecraft:spruce_sapling":13,"minecraft:carrots":1,"farmersdelight:wild_rice":10,"minecraft:iron_ore":115,"minecraft:fire":2,"minecraft:andesite":4,"minecraft:pumpkin":1,"quark:blossom_planks":4,"minecraft:dark_oak_stairs":1,"minecraft:lantern":1,"minecraft:stripped_oak_log":2,"minecraft:stone":987,"farmersdelight:wild_potatoes":12,"create:cogwheel":4,"ars_nouveau:green_archwood_log":3,"quark:oak_chest":3,"minecraft:stripped_dark_oak_log":7,"quark:gold_bars":4,"create_new_age:magnetite_block":2,"travelersbackpack:standard":5,"minecraft:torch":5,"minecraft:crafting_table":3,"minecraft:rose_bush":14,"minecraft:copper_ore":9,"minecraft:tall_grass":19,"minecraft:cobblestone":33,"minecraft:lapis_ore":3,"minecraft:oak_planks":2,"minecraft:diorite":1,"minecraft:wall_torch":5,"minecraft:birch_sapling":1,"create:basin":1,"farmersdelight:sandy_shrub":1,"ars_nouveau:blue_archwood_log":1,"ars_nouveau:green_archwood_sapling":2,"minecraft:nether_wart_block":4,"minecraft:wheat":171,"create:mechanical_mixer":2,"minecraft:spruce_log":342,"minecraft:bee_nest":1,"ars_nouveau:mage_block":1,"minecraft:grass":162,"minecraft:coal_ore":63,"minecraft:oak_log":40,"minecraft:dark_oak_sapling":29,"minecraft:gravel":14,"minecraft:sand":220,"minecraft:dirt":1015,"minecraft:gold_ore":11,"minecraft:oak_leaves":23,"ars_nouveau:blue_archwood_sapling":1,"minecraft:fern":7},"minecraft:picked_up":{"nethersdelight:hoglin_loin":2,"minecraft:iron_chestplate":1,"minecraft:crafting_table":3,"minecraft:wheat":169,"minecraft:flower_pot":1,"minecraft:brown_mushroom":1,"minecraft:shield":2,"minecraft:amethyst_block":8,"minecraft:string":6,"minecraft:raw_copper":29,"minecraft:iron_axe":2,"minecraft:flint_and_steel":1,"minecraft:iron_leggings":1,"minecraft:iron_shovel":1,"minecraft:blue_orchid":1,"farmersdelight:cabbage":1,"minecraft:beef":9,"minecraft:rose_bush":9,"minecraft:calcite":4,"minecraft:poppy":1,"minecraft:iron_pickaxe":2,"quark:yellow_blossom_sapling":2,"farmersdelight:cabbage_seeds":12,"minecraft:iron_boots":1,"minecraft:dark_oak_sapling":104,"minecraft:raw_iron":115,"minecraft:stick":344,"create:mechanical_mixer":1,"minecraft:oak_door":3,"minecraft:torch":29,"ars_nouveau:blue_archwood_log":6,"quark:blossom_log":46,"ars_nouveau:frostaya_pod":4,"minecraft:stone_button":2,"minecraft:diorite":44,"minecraft:carrot":5,"minecraft:redstone":1,"quark:blossom_planks":4,"ars_nouveau:green_archwood_log":123,"minecraft:stone_sword":1,"slashblade:proudsoul":1,"minecraft:arrow":14,"minecraft:weeping_vines":1,"minecraft:rotten_flesh":30,"minecraft:beetroot_seeds":1,"minecraft:nether_bricks":38,"ars_nouveau:worn_notebook":1,"minecraft:hay_block":26,"minecraft:obsidian":14,"minecraft:mutton":6,"minecraft:white_wool":3,"minecraft:cobblestone":1093,"minecraft:stripped_oak_log":2,"minecraft:cooked_beef":1,"farmersdelight:rice":10,"minecraft:water_bucket":1,"minecraft:andesite":29,"minecraft:leather":6,"minecraft:potato":12,"minecraft:flint":1,"create:raw_zinc":3,"minecraft:oak_log":754,"minecraft:lily_pad":3,"minecraft:nether_wart_block":4,"minecraft:gunpowder":5,"minecraft:lapis_lazuli":21,"minecraft:dirt":2016,"minecraft:lantern":3,"ars_nouveau:green_archwood_sapling":4,"minecraft:bone":16,"minecraft:apple":38,"minecraft:bow":1,"minecraft:wheat_seeds":496,"minecraft:raw_gold":11,"create_new_age:magnetite_block":1,"theoneprobe:probenote":1,"minecraft:iron_ingot":7,"create:shaft":1,"minecraft:iron_sword":4,"minecraft:oak_planks":50,"minecraft:dark_oak_stairs":1,"slashblade:proudsoul_tiny":3,"minecraft:smooth_basalt":4,"create:cogwheel":4,"minecraft:dandelion":11,"minecraft:gravel":16,"minecraft:sand":220,"minecraft:spruce_sapling":169,"minecraft:ink_sac":1,"minecraft:white_bed":1,"minecraft:spruce_log":608,"quark:oak_chest":3,"minecraft:dark_oak_log":974,"quark:gold_bars":4,"travelersbackpack:standard":5,"minecraft:spruce_boat":5,"minecraft:iron_helmet":1,"minecraft:granite":20,"minecraft:bread":35,"minecraft:oak_sapling":276,"minecraft:black_wool":1,"minecraft:stripped_dark_oak_log":5,"minecraft:coal":63,"minecraft:crimson_roots":6,"minecraft:diamond_pickaxe":3},"minecraft:used":{"minecraft:stone_sword":90,"minecraft:iron_shovel":2020,"minecraft:flint_and_steel":3,"minecraft:shield":12,"minecraft:iron_sword":318,"minecraft:oak_door":4,"minecraft:iron_chestplate":1,"minecraft:torch":41,"minecraft:dirt":318,"quark:yellow_blossom_sapling":2,"create:mechanical_mixer":1,"create:cogwheel":5,"minecraft:golden_shovel":193,"minecraft:obsidian":12,"minecraft:spruce_boat":6,"ars_nouveau:frostaya_pod":4,"minecraft:lantern":2,"minecraft:iron_axe":777,"create_new_age:magnetite_block":6,"create:shaft":1,"minecraft:oak_sapling":83,"minecraft:furnace":8,"quark:blossom_planks":24,"minecraft:cooked_beef":2,"minecraft:cobbled_deepslate":70,"minecraft:dark_oak_sapling":104,"minecraft:wheat_seeds":94,"minecraft:water_bucket":6,"minecraft:baked_potato":8,"minecraft:oak_planks":11,"ars_nouveau:archwood_planks":4,"minecraft:crafting_table":8,"minecraft:white_bed":1,"minecraft:spruce_log":22,"minecraft:diamond_pickaxe":987,"minecraft:firework_rocket":1,"minecraft:bread":102,"minecraft:iron_pickaxe":307,"nethersdelight:hoglin_sirloin":1,"minecraft:spruce_sapling":92,"minecraft:stone_axe":32,"minecraft:gravel":4,"minecraft:nether_wart_block":4,"travelersbackpack:standard":11,"minecraft:cobblestone":352,"minecraft:bucket":7,"quark:oak_chest":9,"minecraft:bone_meal":558}},"DataVersion":3465}