{"stats":{"minecraft:crafted":{"minecraft:oak_door":3,"minecraft:oak_planks":156,"ars_nouveau:archwood_planks":4,"minecraft:crafting_table":3,"minecraft:iron_sword":1,"minecraft:furnace":8,"minecraft:copper_ingot":16,"minecraft:stone_axe":1,"minecraft:bread":67,"minecraft:air":0,"minecraft:iron_axe":1,"minecraft:stick":80,"quark:oak_chest":4,"minecraft:iron_ingot":117,"minecraft:iron_pickaxe":2,"minecraft:stone_sword":1,"minecraft:gold_ingot":11,"minecraft:torch":32,"minecraft:wheat":117},"minecraft:custom":{"minecraft:interact_with_furnace":29,"minecraft:mob_kills":20,"minecraft:interact_with_crafting_table":13,"minecraft:open_barrel":1,"minecraft:eat_cake_slice":3,"minecraft:time_since_death":53846,"minecraft:sleep_in_bed":4,"minecraft:climb_one_cm":2326,"minecraft:time_since_rest":7896,"minecraft:sprint_one_cm":166524,"minecraft:damage_taken":1410,"minecraft:walk_one_cm":150528,"minecraft:drop":8,"minecraft:damage_dealt":4012,"minecraft:swim_one_cm":42225,"minecraft:fly_one_cm":250072,"minecraft:open_chest":46,"minecraft:crouch_one_cm":1576,"minecraft:play_time":60873,"minecraft:deaths":2,"minecraft:sneak_time":863,"minecraft:walk_under_water_one_cm":8466,"minecraft:jump":1165,"minecraft:walk_on_water_one_cm":2716,"minecraft:total_world_time":60873,"minecraft:fall_one_cm":28837},"minecraft:picked_up":{"minecraft:wheat":86,"minecraft:flower_pot":1,"minecraft:andesite":29,"minecraft:oak_log":29,"minecraft:gunpowder":5,"minecraft:amethyst_block":8,"minecraft:lapis_lazuli":21,"minecraft:string":5,"minecraft:lantern":2,"minecraft:raw_copper":16,"minecraft:bone":8,"minecraft:blue_orchid":1,"minecraft:bow":1,"minecraft:wheat_seeds":230,"minecraft:raw_gold":11,"minecraft:iron_ingot":5,"theoneprobe:probenote":1,"minecraft:calcite":4,"minecraft:iron_pickaxe":1,"minecraft:dark_oak_stairs":1,"minecraft:stick":7,"slashblade:proudsoul_tiny":3,"minecraft:raw_iron":103,"minecraft:smooth_basalt":4,"minecraft:oak_door":3,"minecraft:torch":6,"minecraft:diorite":44,"minecraft:white_bed":1,"quark:oak_chest":2,"minecraft:arrow":2,"minecraft:rotten_flesh":7,"ars_nouveau:worn_notebook":1,"minecraft:hay_block":13,"minecraft:granite":20,"minecraft:oak_sapling":2,"minecraft:coal":36,"minecraft:cobblestone":87},"minecraft:used":{"minecraft:wheat_seeds":82,"minecraft:stone_sword":90,"minecraft:iron_sword":4,"minecraft:oak_door":4,"minecraft:torch":16,"minecraft:crafting_table":3,"ars_nouveau:archwood_planks":4,"minecraft:white_bed":1,"minecraft:lantern":2,"minecraft:bread":26,"minecraft:iron_pickaxe":253,"minecraft:stone_axe":32,"minecraft:cobblestone":61,"minecraft:furnace":8,"minecraft:oak_sapling":2,"quark:oak_chest":6},"minecraft:killed":{"minecraft:spider":4,"minecraft:creeper":1,"minecraft:skeleton":6,"minecraft:zombie":8},"minecraft:dropped":{"minecraft:wheat_seeds":1,"minecraft:rotten_flesh":2,"ars_nouveau:worn_notebook":1,"theoneprobe:probenote":1,"minecraft:iron_pickaxe":1,"slashblade:proudsoul_tiny":2},"minecraft:killed_by":{"minecraft:zombie":1},"minecraft:mined":{"minecraft:white_bed":1,"quark:oak_chest":2,"minecraft:oak_door":3,"minecraft:potted_blue_orchid":1,"minecraft:crafting_table":1,"minecraft:granite":2,"minecraft:tall_grass":1,"minecraft:copper_ore":5,"minecraft:cobblestone":24,"minecraft:lapis_ore":3,"minecraft:diorite":1,"minecraft:wall_torch":4,"minecraft:hay_block":13,"minecraft:iron_ore":103,"minecraft:wheat":85,"minecraft:andesite":4,"minecraft:pumpkin":1,"minecraft:dark_oak_stairs":1,"minecraft:grass":4,"minecraft:oak_log":26,"minecraft:coal_ore":36,"minecraft:lantern":1,"minecraft:stone":61,"minecraft:gold_ore":11,"minecraft:oak_leaves":6}},"DataVersion":3465}