{"stats":{"minecraft:crafted":{"minecraft:oak_door":3,"minecraft:oak_planks":60,"ars_nouveau:archwood_planks":4,"minecraft:crafting_table":2,"minecraft:stone_axe":1,"minecraft:bread":28,"minecraft:stick":12,"minecraft:iron_pickaxe":1,"minecraft:stone_sword":1,"minecraft:torch":32},"minecraft:custom":{"minecraft:interact_with_furnace":2,"minecraft:mob_kills":17,"minecraft:interact_with_crafting_table":7,"minecraft:open_barrel":1,"minecraft:time_since_death":29846,"minecraft:sleep_in_bed":1,"minecraft:climb_one_cm":1608,"minecraft:time_since_rest":26935,"minecraft:sprint_one_cm":108178,"minecraft:damage_taken":1235,"minecraft:walk_one_cm":102074,"minecraft:drop":7,"minecraft:damage_dealt":3512,"minecraft:swim_one_cm":41130,"minecraft:fly_one_cm":189296,"minecraft:open_chest":14,"minecraft:crouch_one_cm":1265,"minecraft:play_time":36873,"minecraft:deaths":2,"minecraft:sneak_time":733,"minecraft:walk_under_water_one_cm":7522,"minecraft:jump":859,"minecraft:walk_on_water_one_cm":2435,"minecraft:total_world_time":36873,"minecraft:fall_one_cm":23303},"minecraft:picked_up":{"minecraft:wheat":86,"minecraft:andesite":25,"minecraft:oak_log":29,"minecraft:gunpowder":5,"minecraft:amethyst_block":8,"minecraft:lapis_lazuli":5,"minecraft:string":3,"minecraft:raw_copper":16,"minecraft:bone":8,"minecraft:bow":1,"minecraft:wheat_seeds":230,"minecraft:raw_gold":11,"minecraft:iron_ingot":5,"theoneprobe:probenote":1,"minecraft:calcite":4,"minecraft:stick":5,"slashblade:proudsoul_tiny":3,"minecraft:raw_iron":80,"minecraft:smooth_basalt":4,"minecraft:oak_door":3,"minecraft:torch":6,"minecraft:diorite":43,"minecraft:arrow":2,"minecraft:rotten_flesh":7,"ars_nouveau:worn_notebook":1,"minecraft:granite":20,"minecraft:oak_sapling":2,"minecraft:coal":36,"minecraft:cobblestone":74},"minecraft:used":{"minecraft:wheat_seeds":82,"minecraft:stone_sword":80,"minecraft:oak_door":4,"minecraft:torch":12,"minecraft:crafting_table":2,"ars_nouveau:archwood_planks":4,"minecraft:bread":20,"minecraft:iron_pickaxe":208,"minecraft:stone_axe":28,"minecraft:cobblestone":58,"minecraft:oak_sapling":2},"minecraft:killed":{"minecraft:spider":2,"minecraft:creeper":1,"minecraft:skeleton":6,"minecraft:zombie":7},"minecraft:dropped":{"minecraft:wheat_seeds":1,"minecraft:rotten_flesh":2,"ars_nouveau:worn_notebook":1,"theoneprobe:probenote":1,"slashblade:proudsoul_tiny":2},"minecraft:killed_by":{"minecraft:zombie":1},"minecraft:mined":{"minecraft:oak_door":3,"minecraft:crafting_table":1,"minecraft:granite":2,"minecraft:tall_grass":1,"minecraft:copper_ore":5,"minecraft:cobblestone":17,"minecraft:lapis_ore":1,"minecraft:wall_torch":4,"minecraft:iron_ore":80,"minecraft:wheat":85,"minecraft:pumpkin":1,"minecraft:grass":4,"minecraft:oak_log":26,"minecraft:coal_ore":36,"minecraft:stone":54,"minecraft:gold_ore":11,"minecraft:oak_leaves":6}},"DataVersion":3465}