{
  "easypaxellite:netherite_paxel": {
    "criteria": {
      "has_the_recipe": "2024-11-18 22:34:21 +0000"
    },
    "done": true
  },
  "slashblade:movesets": {
    "criteria": {
      "crafting": "2024-11-18 22:34:21 +0000"
    },
    "done": true
  },
  "travelersbackpack:standard_from_custom": {
    "criteria": {
      "has_the_recipe": "2024-11-18 22:34:21 +0000"
    },
    "done": true
  },
  "easypaxellite:diamond_paxel": {
    "criteria": {
      "has_the_recipe": "2024-11-18 22:34:21 +0000"
    },
    "done": true
  },
  "mowziesmobs:root": {
    "criteria": {
      "custom_test_name": "2024-11-18 22:34:21 +0000"
    },
    "done": true
  },
  "betterdungeons:root": {
    "criteria": {
      "always": "2024-11-18 22:34:21 +0000"
    },
    "done": true
  },
  "easypaxellite:iron_paxel": {
    "criteria": {
      "has_the_recipe": "2024-11-18 22:34:21 +0000"
    },
    "done": true
  },
  "crabbersdelight:main/root": {
    "criteria": {
      "seeds": "2024-11-18 22:34:21 +0000"
    },
    "done": true
  },
  "ars_nouveau:root": {
    "criteria": {
      "ars_nouveau:worn_notebook": "2024-11-18 22:34:21 +0000"
    },
    "done": true
  },
  "farmersdelight:main/root": {
    "criteria": {
      "seeds": "2024-11-18 22:34:21 +0000"
    },
    "done": true
  },
  "easypaxellite:golden_paxel": {
    "criteria": {
      "has_the_recipe": "2024-11-18 22:34:21 +0000"
    },
    "done": true
  },
  "create:root": {
    "criteria": {
      "0": "2024-11-18 22:34:21 +0000"
    },
    "done": true
  },
  "easypaxellite:stone_paxel": {
    "criteria": {
      "has_the_recipe": "2024-11-18 22:34:21 +0000"
    },
    "done": true
  },
  "easypaxellite:wooden_paxel": {
    "criteria": {
      "has_the_recipe": "2024-11-18 22:34:21 +0000"
    },
    "done": true
  },
  "minecraft:adventure/adventuring_time": {
    "criteria": {
      "minecraft:sunflower_plains": "2024-11-18 22:51:31 +0000",
      "minecraft:windswept_hills": "2024-11-19 22:39:20 +0000",
      "minecraft:river": "2024-11-18 22:50:55 +0000",
      "minecraft:forest": "2024-11-18 22:41:54 +0000",
      "minecraft:flower_forest": "2024-11-18 22:50:00 +0000",
      "minecraft:plains": "2024-11-18 22:34:22 +0000"
    },
    "done": false
  },
  "slashblade:material/proudsoul_tiny": {
    "criteria": {
      "BrokenBlade": "2024-11-18 22:35:47 +0000"
    },
    "done": true
  },
  "slashblade:root": {
    "criteria": {
      "attackTheEntity": "2024-11-18 22:35:47 +0000"
    },
    "done": true
  },
  "minecraft:adventure/root": {
    "criteria": {
      "killed_something": "2024-11-18 22:35:56 +0000"
    },
    "done": true
  },
  "minecraft:story/mine_stone": {
    "criteria": {
      "get_stone": "2024-11-18 22:38:13 +0000"
    },
    "done": true
  },
  "minecraft:story/upgrade_tools": {
    "criteria": {
      "stone_pickaxe": "2024-11-18 22:38:47 +0000"
    },
    "done": true
  },
  "minecraft:story/root": {
    "criteria": {
      "crafting_table": "2024-11-18 22:50:05 +0000"
    },
    "done": true
  },
  "minecraft:husbandry/balanced_diet": {
    "criteria": {
      "cooked_porkchop": "2024-11-19 01:51:50 +0000",
      "cooked_mutton": "2024-11-19 00:48:14 +0000",
      "apple": "2024-11-19 22:13:09 +0000",
      "bread": "2024-11-18 22:51:14 +0000",
      "rotten_flesh": "2024-11-19 21:35:05 +0000",
      "cooked_chicken": "2024-11-19 23:36:11 +0000"
    },
    "done": false
  },
  "minecraft:husbandry/root": {
    "criteria": {
      "consumed_item": "2024-11-18 22:51:14 +0000"
    },
    "done": true
  },
  "slashblade:blade/s_wood": {
    "criteria": {
      "crafting": "2024-11-18 22:56:45 +0000"
    },
    "done": true
  },
  "slashblade:abilities/trick_dodge": {
    "criteria": {
      "customtrigger": "2024-11-18 22:57:17 +0000"
    },
    "done": true
  },
  "slashblade:abilities/kick_jump": {
    "criteria": {
      "customtrigger": "2024-11-18 22:57:21 +0000"
    },
    "done": true
  },
  "slashblade:abilities/enemy_step": {
    "criteria": {
      "customtrigger": "2024-11-18 22:57:30 +0000"
    },
    "done": true
  },
  "slashblade:arts/judgement_cut_just": {
    "criteria": {
      "customtrigger": "2024-11-18 22:58:20 +0000"
    },
    "done": true
  },
  "slashblade:arts/rapid_slash": {
    "criteria": {
      "customtrigger": "2024-11-18 22:58:25 +0000"
    },
    "done": true
  },
  "slashblade:arts/combo_b": {
    "criteria": {
      "customtrigger": "2024-11-18 23:44:29 +0000"
    },
    "done": true
  },
  "slashblade:arts/combo_a": {
    "criteria": {
      "customtrigger": "2024-11-18 23:44:31 +0000"
    },
    "done": true
  },
  "slashblade:arts/combo_c": {
    "criteria": {
      "customtrigger": "2024-11-18 23:44:35 +0000"
    },
    "done": true
  },
  "slashblade:arts/aerial_a": {
    "criteria": {
      "customtrigger": "2024-11-18 23:44:36 +0000"
    },
    "done": true
  },
  "minecraft:adventure/kill_all_mobs": {
    "criteria": {
      "minecraft:skeleton": "2024-11-18 23:45:28 +0000",
      "minecraft:ghast": "2024-11-20 01:45:34 +0000",
      "minecraft:magma_cube": "2024-11-20 01:56:33 +0000",
      "minecraft:spider": "2024-11-19 00:44:42 +0000",
      "minecraft:creeper": "2024-11-19 00:44:48 +0000",
      "quark:forgotten": "2024-11-20 00:22:50 +0000",
      "minecraft:zombified_piglin": "2024-11-20 00:56:52 +0000",
      "minecraft:witch": "2024-11-20 00:27:20 +0000",
      "minecraft:cave_spider": "2024-11-19 00:52:07 +0000",
      "minecraft:piglin": "2024-11-20 01:45:45 +0000",
      "minecraft:enderman": "2024-11-19 21:33:17 +0000",
      "minecraft:zombie": "2024-11-18 23:44:40 +0000",
      "quark:foxhound": "2024-11-20 02:00:39 +0000",
      "minecraft:drowned": "2024-11-19 22:32:27 +0000"
    },
    "done": false
  },
  "minecraft:adventure/kill_a_mob": {
    "criteria": {
      "minecraft:zombie": "2024-11-18 23:44:40 +0000"
    },
    "done": true
  },
  "slashblade:arts/aerial_b": {
    "criteria": {
      "customtrigger": "2024-11-18 23:46:00 +0000"
    },
    "done": true
  },
  "slashblade:material/proudsoul": {
    "criteria": {
      "BrokenBlade": "2024-11-18 23:46:05 +0000"
    },
    "done": true
  },
  "create:copper": {
    "criteria": {
      "0": "2024-11-19 00:00:03 +0000"
    },
    "done": true
  },
  "minecraft:story/smelt_iron": {
    "criteria": {
      "iron": "2024-11-19 00:06:53 +0000"
    },
    "done": true
  },
  "minecraft:story/iron_tools": {
    "criteria": {
      "iron_pickaxe": "2024-11-19 00:08:37 +0000"
    },
    "done": true
  },
  "slashblade:arts/quick_charge": {
    "criteria": {
      "customtrigger": "2024-11-19 00:44:48 +0000"
    },
    "done": true
  },
  "minecraft:story/mine_diamond": {
    "criteria": {
      "diamond": "2024-11-19 00:52:10 +0000"
    },
    "done": true
  },
  "minecraft:story/obtain_armor": {
    "criteria": {
      "iron_chestplate": "2024-11-19 01:01:54 +0000"
    },
    "done": true
  },
  "slashblade:tips/refine": {
    "criteria": {
      "customtrigger": "2024-11-19 01:03:31 +0000"
    },
    "done": true
  },
  "slashblade:material/proudsoul_ingot": {
    "criteria": {
      "BrokenBlade": "2024-11-19 01:31:16 +0000"
    },
    "done": true
  },
  "farmersdelight:main/plant_all_crops": {
    "criteria": {
      "sugar_cane": "2024-11-19 01:55:24 +0000",
      "wheat": "2024-11-19 22:22:09 +0000"
    },
    "done": false
  },
  "farmersdelight:main/get_rich_soil": {
    "criteria": {
      "get_rich_soil": "2024-11-19 01:55:32 +0000"
    },
    "done": true
  },
  "minecraft:adventure/sleep_in_bed": {
    "criteria": {
      "slept_in_bed": "2024-11-19 20:51:20 +0000"
    },
    "done": true
  },
  "slashblade:arts/upperslash": {
    "criteria": {
      "customtrigger": "2024-11-19 21:32:31 +0000"
    },
    "done": true
  },
  "slashblade:arts/aerial_cleave": {
    "criteria": {
      "customtrigger": "2024-11-19 21:32:53 +0000"
    },
    "done": true
  },
  "slashblade:arts/rising_star": {
    "criteria": {
      "customtrigger": "2024-11-19 21:33:14 +0000"
    },
    "done": true
  },
  "slashblade:arts/combo_a_ex": {
    "criteria": {
      "customtrigger": "2024-11-19 21:36:20 +0000"
    },
    "done": true
  },
  "slashblade:arts/upperslash_jump": {
    "criteria": {
      "customtrigger": "2024-11-19 21:37:33 +0000"
    },
    "done": true
  },
  "slashblade:tips/reforge": {
    "criteria": {
      "customtrigger": "2024-11-19 21:41:06 +0000"
    },
    "done": true
  },
  "slashblade:blade/s_white": {
    "criteria": {
      "crafting": "2024-11-19 21:41:07 +0000"
    },
    "done": true
  },
  "minecraft:story/shiny_gear": {
    "criteria": {
      "diamond_chestplate": "2024-11-19 21:42:03 +0000"
    },
    "done": true
  },
  "create:hand_crank_000": {
    "criteria": {
      "0": "2024-11-19 22:12:59 +0000"
    },
    "done": true
  },
  "create:wrench_goggles": {
    "criteria": {
      "0": "2024-11-19 22:14:34 +0000",
      "1": "2024-11-19 23:11:43 +0000"
    },
    "done": true
  },
  "slashblade:arts/judgement_cut": {
    "criteria": {
      "customtrigger": "2024-11-19 22:15:31 +0000"
    },
    "done": true
  },
  "minecraft:husbandry/plant_seed": {
    "criteria": {
      "wheat": "2024-11-19 22:22:09 +0000"
    },
    "done": true
  },
  "slashblade:blade/broken_white": {
    "criteria": {
      "BrokenBlade": "2024-11-19 22:26:47 +0000"
    },
    "done": true
  },
  "create:andesite_alloy": {
    "criteria": {
      "0": "2024-11-19 22:28:10 +0000"
    },
    "done": true
  },
  "minecraft:story/form_obsidian": {
    "criteria": {
      "obsidian": "2024-11-19 22:29:45 +0000"
    },
    "done": true
  },
  "betterdungeons:all_dungeons": {
    "criteria": {
      "in_better_zombie_dungeon": "2024-11-19 22:38:33 +0000"
    },
    "done": false
  },
  "betterdungeons:zombie_dungeon": {
    "criteria": {
      "in_better_zombie_dungeon": "2024-11-19 22:38:33 +0000"
    },
    "done": true
  },
  "create:shifting_gears": {
    "criteria": {
      "0": "2024-11-19 23:15:42 +0000"
    },
    "done": true
  },
  "minecraft:story/lava_bucket": {
    "criteria": {
      "lava_bucket": "2024-11-19 23:46:33 +0000"
    },
    "done": true
  },
  "quark:get_forgotten_hat": {
    "criteria": {
      "get_forgotten_hat": "2024-11-20 00:22:52 +0000"
    },
    "done": true
  },
  "quark:mine_toretoise": {
    "criteria": {
      "mine_toretoise": "2024-11-20 00:31:58 +0000"
    },
    "done": true
  },
  "minecraft:nether/obtain_blaze_rod": {
    "criteria": {
      "blaze_rod": "2024-11-20 00:48:22 +0000"
    },
    "done": true
  },
  "slashblade:material/proudsoul_sphere": {
    "criteria": {
      "BrokenBlade": "2024-11-20 01:08:35 +0000"
    },
    "done": true
  },
  "slashblade:blade/s_iron": {
    "criteria": {
      "crafting": "2024-11-20 01:18:33 +0000"
    },
    "done": true
  },
  "slashblade:abilities/air_trick": {
    "criteria": {
      "customtrigger": "2024-11-20 01:39:30 +0000"
    },
    "done": true
  },
  "minecraft:nether/root": {
    "criteria": {
      "entered_nether": "2024-11-20 01:44:28 +0000"
    },
    "done": true
  },
  "minecraft:story/enter_the_nether": {
    "criteria": {
      "entered_nether": "2024-11-20 01:44:28 +0000"
    },
    "done": true
  },
  "minecraft:nether/explore_nether": {
    "criteria": {
      "minecraft:crimson_forest": "2024-11-20 01:44:29 +0000",
      "minecraft:nether_wastes": "2024-11-20 01:45:26 +0000",
      "minecraft:warped_forest": "2024-11-20 01:59:06 +0000"
    },
    "done": false
  },
  "minecraft:nether/return_to_sender": {
    "criteria": {
      "killed_ghast": "2024-11-20 01:45:34 +0000"
    },
    "done": true
  },
  "minecraft:story/deflect_arrow": {
    "criteria": {
      "deflected_projectile": "2024-11-20 02:10:10 +0000"
    },
    "done": true
  },
  "DataVersion": 3465
}