{
  "minecraft:husbandry/balanced_diet": {
    "criteria": {
      "bread": "2024-11-15 02:17:32 +0000"
    },
    "done": false
  },
  "easypaxellite:netherite_paxel": {
    "criteria": {
      "has_the_recipe": "2024-11-15 02:14:27 +0000"
    },
    "done": true
  },
  "minecraft:story/mine_stone": {
    "criteria": {
      "get_stone": "2024-11-15 02:21:06 +0000"
    },
    "done": true
  },
  "minecraft:story/lava_bucket": {
    "criteria": {
      "lava_bucket": "2024-11-15 02:53:01 +0000"
    },
    "done": true
  },
  "minecraft:husbandry/root": {
    "criteria": {
      "consumed_item": "2024-11-15 02:17:32 +0000"
    },
    "done": true
  },
  "minecraft:adventure/root": {
    "criteria": {
      "killed_something": "2024-11-15 02:52:21 +0000"
    },
    "done": true
  },
  "farmersdelight:main/root": {
    "criteria": {
      "seeds": "2024-11-15 02:14:27 +0000"
    },
    "done": true
  },
  "minecraft:adventure/kill_all_mobs": {
    "criteria": {
      "minecraft:spider": "2024-11-15 02:52:44 +0000",
      "minecraft:drowned": "2024-11-15 02:52:21 +0000"
    },
    "done": false
  },
  "easypaxellite:golden_paxel": {
    "criteria": {
      "has_the_recipe": "2024-11-15 02:14:27 +0000"
    },
    "done": true
  },
  "create:root": {
    "criteria": {
      "0": "2024-11-15 02:14:27 +0000"
    },
    "done": true
  },
  "minecraft:story/upgrade_tools": {
    "criteria": {
      "stone_pickaxe": "2024-11-15 02:21:40 +0000"
    },
    "done": true
  },
  "travelersbackpack:standard_from_custom": {
    "criteria": {
      "has_the_recipe": "2024-11-15 02:14:27 +0000"
    },
    "done": true
  },
  "farmersdelight:main/use_cutting_board": {
    "criteria": {
      "cutting_board": "2024-11-15 02:57:13 +0000"
    },
    "done": true
  },
  "easypaxellite:diamond_paxel": {
    "criteria": {
      "has_the_recipe": "2024-11-15 02:14:27 +0000"
    },
    "done": true
  },
  "farmersdelight:main/get_fd_seed": {
    "criteria": {
      "onion": "2024-11-15 02:17:26 +0000"
    },
    "done": true
  },
  "easypaxellite:stone_paxel": {
    "criteria": {
      "has_the_recipe": "2024-11-15 02:14:27 +0000"
    },
    "done": true
  },
  "minecraft:story/root": {
    "criteria": {
      "crafting_table": "2024-11-15 02:20:39 +0000"
    },
    "done": true
  },
  "betterdungeons:root": {
    "criteria": {
      "always": "2024-11-15 02:14:27 +0000"
    },
    "done": true
  },
  "minecraft:adventure/kill_a_mob": {
    "criteria": {
      "minecraft:drowned": "2024-11-15 02:52:21 +0000"
    },
    "done": true
  },
  "easypaxellite:iron_paxel": {
    "criteria": {
      "has_the_recipe": "2024-11-15 02:14:27 +0000"
    },
    "done": true
  },
  "easypaxellite:wooden_paxel": {
    "criteria": {
      "has_the_recipe": "2024-11-15 02:14:27 +0000"
    },
    "done": true
  },
  "minecraft:adventure/adventuring_time": {
    "criteria": {
      "minecraft:river": "2024-11-15 02:15:51 +0000",
      "minecraft:dripstone_caves": "2024-11-15 02:42:16 +0000",
      "minecraft:forest": "2024-11-15 02:25:18 +0000",
      "minecraft:old_growth_spruce_taiga": "2024-11-15 02:14:28 +0000",
      "minecraft:meadow": "2024-11-15 02:31:21 +0000",
      "minecraft:plains": "2024-11-15 02:14:58 +0000"
    },
    "done": false
  },
  "farmersdelight:main/craft_knife": {
    "criteria": {
      "iron_knife": "2024-11-15 02:51:56 +0000"
    },
    "done": true
  },
  "farmersdelight:main/place_campfire": {
    "criteria": {
      "campfire": "2024-11-15 02:55:54 +0000"
    },
    "done": true
  },
  "minecraft:story/smelt_iron": {
    "criteria": {
      "iron": "2024-11-15 02:48:51 +0000"
    },
    "done": true
  },
  "DataVersion": 3465
}