{
  "easypaxellite:netherite_paxel": {
    "criteria": {
      "has_the_recipe": "2024-11-16 21:54:29 +0000"
    },
    "done": true
  },
  "travelersbackpack:standard_from_custom": {
    "criteria": {
      "has_the_recipe": "2024-11-16 21:54:29 +0000"
    },
    "done": true
  },
  "easypaxellite:diamond_paxel": {
    "criteria": {
      "has_the_recipe": "2024-11-16 21:54:29 +0000"
    },
    "done": true
  },
  "betterdungeons:root": {
    "criteria": {
      "always": "2024-11-16 21:54:29 +0000"
    },
    "done": true
  },
  "easypaxellite:iron_paxel": {
    "criteria": {
      "has_the_recipe": "2024-11-16 21:54:29 +0000"
    },
    "done": true
  },
  "crabbersdelight:main/root": {
    "criteria": {
      "seeds": "2024-11-16 21:54:29 +0000"
    },
    "done": true
  },
  "ars_nouveau:root": {
    "criteria": {
      "ars_nouveau:worn_notebook": "2024-11-16 21:54:29 +0000"
    },
    "done": true
  },
  "farmersdelight:main/root": {
    "criteria": {
      "seeds": "2024-11-16 21:54:29 +0000"
    },
    "done": true
  },
  "easypaxellite:golden_paxel": {
    "criteria": {
      "has_the_recipe": "2024-11-16 21:54:29 +0000"
    },
    "done": true
  },
  "create:root": {
    "criteria": {
      "0": "2024-11-16 21:54:29 +0000"
    },
    "done": true
  },
  "easypaxellite:stone_paxel": {
    "criteria": {
      "has_the_recipe": "2024-11-16 21:54:29 +0000"
    },
    "done": true
  },
  "easypaxellite:wooden_paxel": {
    "criteria": {
      "has_the_recipe": "2024-11-16 21:54:29 +0000"
    },
    "done": true
  },
  "minecraft:adventure/adventuring_time": {
    "criteria": {
      "minecraft:old_growth_pine_taiga": "2024-11-16 22:01:21 +0000",
      "minecraft:taiga": "2024-11-16 22:00:47 +0000",
      "minecraft:windswept_hills": "2024-11-16 22:10:45 +0000",
      "minecraft:beach": "2024-11-16 22:03:08 +0000",
      "minecraft:dark_forest": "2024-11-16 22:02:16 +0000",
      "minecraft:sparse_jungle": "2024-11-16 22:18:35 +0000",
      "minecraft:river": "2024-11-16 22:01:05 +0000",
      "minecraft:dripstone_caves": "2024-11-16 22:28:36 +0000",
      "minecraft:swamp": "2024-11-16 22:09:59 +0000",
      "minecraft:cold_ocean": "2024-11-16 22:03:38 +0000",
      "minecraft:forest": "2024-11-16 22:07:03 +0000",
      "minecraft:deep_cold_ocean": "2024-11-16 22:04:02 +0000",
      "minecraft:old_growth_spruce_taiga": "2024-11-16 21:54:32 +0000",
      "minecraft:snowy_beach": "2024-11-16 22:03:53 +0000",
      "minecraft:savanna": "2024-11-16 22:12:51 +0000",
      "minecraft:plains": "2024-11-16 22:07:11 +0000"
    },
    "done": false
  },
  "minecraft:end/elytra": {
    "criteria": {
      "elytra": "2024-11-16 21:56:09 +0000"
    },
    "done": true
  },
  "minecraft:story/root": {
    "criteria": {
      "crafting_table": "2024-11-16 22:16:26 +0000"
    },
    "done": true
  },
  "minecraft:story/mine_stone": {
    "criteria": {
      "get_stone": "2024-11-16 22:16:47 +0000"
    },
    "done": true
  },
  "minecraft:story/upgrade_tools": {
    "criteria": {
      "stone_pickaxe": "2024-11-16 22:17:29 +0000"
    },
    "done": true
  },
  "minecraft:adventure/root": {
    "criteria": {
      "killed_something": "2024-11-16 22:17:55 +0000"
    },
    "done": true
  },
  "minecraft:husbandry/balanced_diet": {
    "criteria": {
      "bread": "2024-11-16 22:19:50 +0000"
    },
    "done": false
  },
  "minecraft:husbandry/root": {
    "criteria": {
      "consumed_item": "2024-11-16 22:19:50 +0000"
    },
    "done": true
  },
  "minecraft:story/obtain_armor": {
    "criteria": {
      "iron_boots": "2024-11-16 22:20:19 +0000"
    },
    "done": true
  },
  "minecraft:story/iron_tools": {
    "criteria": {
      "iron_pickaxe": "2024-11-16 22:21:31 +0000"
    },
    "done": true
  },
  "minecraft:adventure/sleep_in_bed": {
    "criteria": {
      "slept_in_bed": "2024-11-16 22:21:41 +0000"
    },
    "done": true
  },
  "minecraft:adventure/kill_all_mobs": {
    "criteria": {
      "minecraft:skeleton": "2024-11-16 22:33:12 +0000",
      "minecraft:spider": "2024-11-16 22:48:53 +0000",
      "minecraft:witch": "2024-11-16 22:50:12 +0000",
      "minecraft:cave_spider": "2024-11-16 22:49:58 +0000",
      "minecraft:zombie": "2024-11-16 22:33:21 +0000",
      "minecraft:zombie_villager": "2024-11-16 22:38:47 +0000"
    },
    "done": false
  },
  "minecraft:adventure/kill_a_mob": {
    "criteria": {
      "minecraft:skeleton": "2024-11-16 22:33:12 +0000"
    },
    "done": true
  },
  "minecraft:story/smelt_iron": {
    "criteria": {
      "iron": "2024-11-16 22:33:28 +0000"
    },
    "done": true
  },
  "minecraft:story/deflect_arrow": {
    "criteria": {
      "deflected_projectile": "2024-11-16 22:34:16 +0000"
    },
    "done": true
  },
  "minecraft:story/mine_diamond": {
    "criteria": {
      "diamond": "2024-11-16 22:53:34 +0000"
    },
    "done": true
  },
  "DataVersion": 3465
}