{
  "crabbersdelight:main/root": {
    "criteria": {
      "seeds": "2024-11-16 23:08:51 +0000"
    },
    "done": true
  },
  "ars_nouveau:root": {
    "criteria": {
      "ars_nouveau:worn_notebook": "2024-11-16 23:08:51 +0000"
    },
    "done": true
  },
  "farmersdelight:main/root": {
    "criteria": {
      "seeds": "2024-11-16 23:08:51 +0000"
    },
    "done": true
  },
  "create:root": {
    "criteria": {
      "0": "2024-11-16 23:08:51 +0000"
    },
    "done": true
  },
  "easypaxellite:netherite_paxel": {
    "criteria": {
      "has_the_recipe": "2024-11-16 23:08:52 +0000"
    },
    "done": true
  },
  "travelersbackpack:standard_from_custom": {
    "criteria": {
      "has_the_recipe": "2024-11-16 23:08:52 +0000"
    },
    "done": true
  },
  "easypaxellite:diamond_paxel": {
    "criteria": {
      "has_the_recipe": "2024-11-16 23:08:52 +0000"
    },
    "done": true
  },
  "betterdungeons:root": {
    "criteria": {
      "always": "2024-11-16 23:08:52 +0000"
    },
    "done": true
  },
  "easypaxellite:iron_paxel": {
    "criteria": {
      "has_the_recipe": "2024-11-16 23:08:52 +0000"
    },
    "done": true
  },
  "easypaxellite:golden_paxel": {
    "criteria": {
      "has_the_recipe": "2024-11-16 23:08:52 +0000"
    },
    "done": true
  },
  "easypaxellite:stone_paxel": {
    "criteria": {
      "has_the_recipe": "2024-11-16 23:08:52 +0000"
    },
    "done": true
  },
  "easypaxellite:wooden_paxel": {
    "criteria": {
      "has_the_recipe": "2024-11-16 23:08:52 +0000"
    },
    "done": true
  },
  "minecraft:adventure/adventuring_time": {
    "criteria": {
      "minecraft:sparse_jungle": "2024-11-16 23:45:17 +0000",
      "minecraft:river": "2024-11-16 23:10:09 +0000",
      "minecraft:forest": "2024-11-16 23:37:15 +0000",
      "minecraft:jungle": "2024-11-16 23:45:23 +0000",
      "minecraft:old_growth_spruce_taiga": "2024-11-16 23:08:53 +0000",
      "minecraft:plains": "2024-11-16 23:11:26 +0000"
    },
    "done": false
  },
  "minecraft:story/obtain_armor": {
    "criteria": {
      "iron_leggings": "2024-11-16 23:11:00 +0000"
    },
    "done": true
  },
  "minecraft:story/smelt_iron": {
    "criteria": {
      "iron": "2024-11-16 23:11:06 +0000"
    },
    "done": true
  },
  "minecraft:story/iron_tools": {
    "criteria": {
      "iron_pickaxe": "2024-11-16 23:11:35 +0000"
    },
    "done": true
  },
  "minecraft:husbandry/balanced_diet": {
    "criteria": {
      "bread": "2024-11-16 23:14:53 +0000"
    },
    "done": false
  },
  "minecraft:husbandry/root": {
    "criteria": {
      "consumed_item": "2024-11-16 23:14:53 +0000"
    },
    "done": true
  },
  "minecraft:adventure/root": {
    "criteria": {
      "killed_something": "2024-11-16 23:15:00 +0000"
    },
    "done": true
  },
  "minecraft:story/mine_stone": {
    "criteria": {
      "get_stone": "2024-11-16 23:23:32 +0000"
    },
    "done": true
  },
  "minecraft:adventure/sleep_in_bed": {
    "criteria": {
      "slept_in_bed": "2024-11-16 23:28:24 +0000"
    },
    "done": true
  },
  "minecraft:adventure/trade": {
    "criteria": {
      "traded": "2024-11-16 23:33:01 +0000"
    },
    "done": true
  },
  "minecraft:story/shiny_gear": {
    "criteria": {
      "diamond_leggings": "2024-11-16 23:35:38 +0000"
    },
    "done": true
  },
  "ars_nouveau:novice_spell_book": {
    "criteria": {
      "has_novice_spell_book": "2024-11-16 23:51:05 +0000"
    },
    "done": true
  },
  "minecraft:husbandry/tame_an_animal": {
    "criteria": {
      "tamed_animal": "2024-11-17 00:21:41 +0000"
    },
    "done": true
  },
  "minecraft:adventure/kill_all_mobs": {
    "criteria": {
      "minecraft:spider": "2024-11-17 02:10:34 +0000",
      "minecraft:creeper": "2024-11-17 02:10:21 +0000",
      "minecraft:zombie": "2024-11-17 19:40:41 +0000"
    },
    "done": false
  },
  "minecraft:adventure/kill_a_mob": {
    "criteria": {
      "minecraft:creeper": "2024-11-17 02:10:21 +0000"
    },
    "done": true
  },
  "minecraft:story/root": {
    "criteria": {
      "crafting_table": "2024-11-17 02:11:19 +0000"
    },
    "done": true
  },
  "DataVersion": 3465
}