{
  "easypaxellite:netherite_paxel": {
    "criteria": {
      "has_the_recipe": "2024-11-18 22:31:32 +0000"
    },
    "done": true
  },
  "slashblade:movesets": {
    "criteria": {
      "crafting": "2024-11-18 22:31:32 +0000"
    },
    "done": true
  },
  "travelersbackpack:standard_from_custom": {
    "criteria": {
      "has_the_recipe": "2024-11-18 22:31:32 +0000"
    },
    "done": true
  },
  "easypaxellite:diamond_paxel": {
    "criteria": {
      "has_the_recipe": "2024-11-18 22:31:32 +0000"
    },
    "done": true
  },
  "easypaxellite:iron_paxel": {
    "criteria": {
      "has_the_recipe": "2024-11-18 22:31:32 +0000"
    },
    "done": true
  },
  "crabbersdelight:main/root": {
    "criteria": {
      "seeds": "2024-11-18 22:31:32 +0000"
    },
    "done": true
  },
  "ars_nouveau:root": {
    "criteria": {
      "ars_nouveau:worn_notebook": "2024-11-18 22:31:32 +0000"
    },
    "done": true
  },
  "farmersdelight:main/root": {
    "criteria": {
      "seeds": "2024-11-18 22:31:32 +0000"
    },
    "done": true
  },
  "easypaxellite:golden_paxel": {
    "criteria": {
      "has_the_recipe": "2024-11-18 22:31:32 +0000"
    },
    "done": true
  },
  "create:root": {
    "criteria": {
      "0": "2024-11-18 22:31:32 +0000"
    },
    "done": true
  },
  "easypaxellite:stone_paxel": {
    "criteria": {
      "has_the_recipe": "2024-11-18 22:31:32 +0000"
    },
    "done": true
  },
  "easypaxellite:wooden_paxel": {
    "criteria": {
      "has_the_recipe": "2024-11-18 22:31:32 +0000"
    },
    "done": true
  },
  "mowziesmobs:root": {
    "criteria": {
      "custom_test_name": "2024-11-18 22:31:33 +0000"
    },
    "done": true
  },
  "betterdungeons:root": {
    "criteria": {
      "always": "2024-11-18 22:31:33 +0000"
    },
    "done": true
  },
  "minecraft:adventure/adventuring_time": {
    "criteria": {
      "quark:glimmering_weald": "2024-11-20 01:37:36 +0000",
      "minecraft:sunflower_plains": "2024-11-18 22:50:32 +0000",
      "minecraft:birch_forest": "2024-11-19 00:58:57 +0000",
      "minecraft:windswept_hills": "2024-11-18 23:01:45 +0000",
      "minecraft:beach": "2024-11-19 00:59:21 +0000",
      "minecraft:river": "2024-11-18 22:50:27 +0000",
      "minecraft:swamp": "2024-11-19 00:18:50 +0000",
      "minecraft:forest": "2024-11-18 22:31:35 +0000",
      "minecraft:ocean": "2024-11-19 00:59:06 +0000",
      "minecraft:windswept_savanna": "2024-11-19 00:22:33 +0000",
      "minecraft:flower_forest": "2024-11-18 22:50:02 +0000",
      "minecraft:plains": "2024-11-18 22:33:19 +0000"
    },
    "done": false
  },
  "minecraft:story/root": {
    "criteria": {
      "crafting_table": "2024-11-18 22:37:16 +0000"
    },
    "done": true
  },
  "minecraft:story/mine_stone": {
    "criteria": {
      "get_stone": "2024-11-18 22:38:07 +0000"
    },
    "done": true
  },
  "minecraft:story/upgrade_tools": {
    "criteria": {
      "stone_pickaxe": "2024-11-18 22:38:36 +0000"
    },
    "done": true
  },
  "minecraft:adventure/root": {
    "criteria": {
      "killed_something": "2024-11-18 22:44:40 +0000"
    },
    "done": true
  },
  "slashblade:material/proudsoul_tiny": {
    "criteria": {
      "BrokenBlade": "2024-11-18 22:44:40 +0000"
    },
    "done": true
  },
  "slashblade:root": {
    "criteria": {
      "attackTheEntity": "2024-11-18 22:44:40 +0000"
    },
    "done": true
  },
  "minecraft:husbandry/balanced_diet": {
    "criteria": {
      "beef": "2024-11-19 19:41:29 +0000",
      "porkchop": "2024-11-19 02:08:44 +0000",
      "apple": "2024-11-19 19:36:50 +0000",
      "mutton": "2024-11-19 19:29:00 +0000",
      "bread": "2024-11-18 22:49:19 +0000",
      "carrot": "2024-11-19 19:19:35 +0000"
    },
    "done": false
  },
  "minecraft:husbandry/root": {
    "criteria": {
      "consumed_item": "2024-11-18 22:49:19 +0000"
    },
    "done": true
  },
  "minecraft:adventure/sleep_in_bed": {
    "criteria": {
      "slept_in_bed": "2024-11-18 22:57:35 +0000"
    },
    "done": true
  },
  "slashblade:blade/s_wood": {
    "criteria": {
      "crafting": "2024-11-18 22:59:12 +0000"
    },
    "done": true
  },
  "slashblade:abilities/enemy_step": {
    "criteria": {
      "customtrigger": "2024-11-18 22:59:18 +0000"
    },
    "done": true
  },
  "slashblade:abilities/kick_jump": {
    "criteria": {
      "customtrigger": "2024-11-18 22:59:18 +0000"
    },
    "done": true
  },
  "slashblade:abilities/trick_dodge": {
    "criteria": {
      "customtrigger": "2024-11-18 22:59:18 +0000"
    },
    "done": true
  },
  "slashblade:arts/judgement_cut": {
    "criteria": {
      "customtrigger": "2024-11-18 22:59:31 +0000"
    },
    "done": true
  },
  "slashblade:arts/combo_a": {
    "criteria": {
      "customtrigger": "2024-11-18 22:59:40 +0000"
    },
    "done": true
  },
  "minecraft:story/smelt_iron": {
    "criteria": {
      "iron": "2024-11-18 23:03:57 +0000"
    },
    "done": true
  },
  "slashblade:arts/aerial_a": {
    "criteria": {
      "customtrigger": "2024-11-18 23:40:55 +0000"
    },
    "done": true
  },
  "slashblade:arts/aerial_b": {
    "criteria": {
      "customtrigger": "2024-11-18 23:40:59 +0000"
    },
    "done": true
  },
  "slashblade:arts/judgement_cut_just": {
    "criteria": {
      "customtrigger": "2024-11-18 23:42:31 +0000"
    },
    "done": true
  },
  "slashblade:arts/quick_charge": {
    "criteria": {
      "customtrigger": "2024-11-18 23:42:31 +0000"
    },
    "done": true
  },
  "minecraft:adventure/kill_all_mobs": {
    "criteria": {
      "minecraft:blaze": "2024-11-19 19:57:20 +0000",
      "minecraft:skeleton": "2024-11-18 23:43:39 +0000",
      "minecraft:magma_cube": "2024-11-19 19:55:38 +0000",
      "minecraft:spider": "2024-11-19 00:20:47 +0000",
      "minecraft:piglin_brute": "2024-11-19 19:35:33 +0000",
      "minecraft:creeper": "2024-11-19 00:22:18 +0000",
      "minecraft:witch": "2024-11-19 23:34:36 +0000",
      "minecraft:wither_skeleton": "2024-11-20 00:41:40 +0000",
      "minecraft:cave_spider": "2024-11-19 20:05:50 +0000",
      "minecraft:piglin": "2024-11-19 19:28:38 +0000",
      "minecraft:zombie": "2024-11-18 23:42:32 +0000",
      "quark:foxhound": "2024-11-19 19:48:20 +0000",
      "minecraft:drowned": "2024-11-20 01:39:36 +0000"
    },
    "done": false
  },
  "minecraft:adventure/kill_a_mob": {
    "criteria": {
      "minecraft:zombie": "2024-11-18 23:42:32 +0000"
    },
    "done": true
  },
  "slashblade:arts/combo_b": {
    "criteria": {
      "customtrigger": "2024-11-18 23:43:39 +0000"
    },
    "done": true
  },
  "slashblade:material/proudsoul": {
    "criteria": {
      "BrokenBlade": "2024-11-18 23:47:51 +0000"
    },
    "done": true
  },
  "minecraft:story/iron_tools": {
    "criteria": {
      "iron_pickaxe": "2024-11-18 23:50:32 +0000"
    },
    "done": true
  },
  "minecraft:story/obtain_armor": {
    "criteria": {
      "iron_boots": "2024-11-18 23:54:36 +0000"
    },
    "done": true
  },
  "slashblade:arts/combo_c": {
    "criteria": {
      "customtrigger": "2024-11-19 00:11:00 +0000"
    },
    "done": true
  },
  "slashblade:arts/rising_star": {
    "criteria": {
      "customtrigger": "2024-11-19 00:15:56 +0000"
    },
    "done": true
  },
  "slashblade:arts/rapid_slash": {
    "criteria": {
      "customtrigger": "2024-11-19 00:15:56 +0000"
    },
    "done": true
  },
  "slashblade:arts/aerial_cleave": {
    "criteria": {
      "customtrigger": "2024-11-19 00:21:16 +0000"
    },
    "done": true
  },
  "slashblade:arts/upperslash": {
    "criteria": {
      "customtrigger": "2024-11-19 00:21:23 +0000"
    },
    "done": true
  },
  "slashblade:abilities/guard": {
    "criteria": {
      "customtrigger": "2024-11-19 00:21:23 +0000"
    },
    "done": true
  },
  "minecraft:adventure/trade": {
    "criteria": {
      "traded": "2024-11-19 00:29:03 +0000"
    },
    "done": true
  },
  "minecraft:story/mine_diamond": {
    "criteria": {
      "diamond": "2024-11-19 00:52:17 +0000"
    },
    "done": true
  },
  "minecraft:story/shiny_gear": {
    "criteria": {
      "diamond_boots": "2024-11-19 01:30:08 +0000"
    },
    "done": true
  },
  "minecraft:story/lava_bucket": {
    "criteria": {
      "lava_bucket": "2024-11-19 01:37:43 +0000"
    },
    "done": true
  },
  "mahoutsukai:root": {
    "criteria": {
      "mahoutsukai": "2024-11-19 01:39:22 +0000"
    },
    "done": true
  },
  "ars_nouveau:novice_spell_book": {
    "criteria": {
      "has_novice_spell_book": "2024-11-19 02:05:12 +0000"
    },
    "done": true
  },
  "create:andesite_alloy": {
    "criteria": {
      "0": "2024-11-19 02:18:39 +0000"
    },
    "done": true
  },
  "minecraft:nether/root": {
    "criteria": {
      "entered_nether": "2024-11-19 19:23:14 +0000"
    },
    "done": true
  },
  "minecraft:story/enter_the_nether": {
    "criteria": {
      "entered_nether": "2024-11-19 19:23:14 +0000"
    },
    "done": true
  },
  "minecraft:nether/explore_nether": {
    "criteria": {
      "minecraft:crimson_forest": "2024-11-19 19:23:20 +0000",
      "minecraft:nether_wastes": "2024-11-19 19:26:41 +0000",
      "minecraft:warped_forest": "2024-11-19 19:27:46 +0000"
    },
    "done": false
  },
  "minecraft:nether/find_bastion": {
    "criteria": {
      "bastion": "2024-11-19 19:28:14 +0000"
    },
    "done": true
  },
  "minecraft:story/deflect_arrow": {
    "criteria": {
      "deflected_projectile": "2024-11-19 19:35:04 +0000"
    },
    "done": true
  },
  "minecraft:nether/loot_bastion": {
    "criteria": {
      "loot_bastion_other": "2024-11-19 19:37:23 +0000"
    },
    "done": true
  },
  "minecraft:nether/find_fortress": {
    "criteria": {
      "fortress": "2024-11-19 19:55:14 +0000"
    },
    "done": true
  },
  "minecraft:nether/obtain_blaze_rod": {
    "criteria": {
      "blaze_rod": "2024-11-19 19:57:21 +0000"
    },
    "done": true
  },
  "betterdungeons:all_dungeons": {
    "criteria": {
      "in_better_spider_dungeon": "2024-11-19 20:04:40 +0000"
    },
    "done": false
  },
  "betterdungeons:spider_dungeon": {
    "criteria": {
      "in_better_spider_dungeon": "2024-11-19 20:04:40 +0000"
    },
    "done": true
  },
  "create:copper": {
    "criteria": {
      "0": "2024-11-19 21:00:33 +0000"
    },
    "done": true
  },
  "minecraft:story/form_obsidian": {
    "criteria": {
      "obsidian": "2024-11-19 21:01:50 +0000"
    },
    "done": true
  },
  "ars_nouveau:apprentice_spell_book": {
    "criteria": {
      "has_apprentice_spell_book": "2024-11-19 21:02:59 +0000"
    },
    "done": true
  },
  "create:andesite_casing": {
    "criteria": {
      "0": "2024-11-19 21:45:32 +0000"
    },
    "done": true
  },
  "create:water_wheel": {
    "criteria": {
      "0": "2024-11-19 22:08:36 +0000"
    },
    "done": true
  },
  "create:mechanical_press": {
    "criteria": {
      "0": "2024-11-19 22:12:41 +0000"
    },
    "done": true
  },
  "create:wrench_goggles": {
    "criteria": {
      "0": "2024-11-19 22:14:30 +0000",
      "1": "2024-11-19 23:11:39 +0000"
    },
    "done": true
  },
  "create:shifting_gears": {
    "criteria": {
      "0": "2024-11-19 22:16:24 +0000"
    },
    "done": true
  },
  "farmersdelight:main/plant_all_crops": {
    "criteria": {
      "kelp": "2024-11-20 00:50:54 +0000",
      "carrot": "2024-11-19 23:33:54 +0000"
    },
    "done": false
  },
  "ars_nouveau:warp_scroll": {
    "criteria": {
      "has_warp_scroll": "2024-11-20 00:41:12 +0000"
    },
    "done": true
  },
  "create:burner": {
    "criteria": {
      "0": "2024-11-20 00:42:55 +0000"
    },
    "done": true
  },
  "ars_nouveau:imbuement_chamber": {
    "criteria": {
      "has_imbuement_chamber": "2024-11-20 00:54:33 +0000"
    },
    "done": true
  },
  "ars_nouveau:source_jar": {
    "criteria": {
      "has_source_jar": "2024-11-20 01:09:34 +0000"
    },
    "done": true
  },
  "mowziesmobs:kill_ferrous_wroughtnaut": {
    "criteria": {
      "ferrous_wroughtnaut": "2024-11-20 01:25:00 +0000"
    },
    "done": true
  },
  "quark:get_all_corundum": {
    "criteria": {
      "violet": "2024-11-20 01:27:51 +0000"
    },
    "done": false
  },
  "DataVersion": 3465
}