{
  "easypaxellite:netherite_paxel": {
    "criteria": {
      "has_the_recipe": "2024-11-19 00:13:19 +0000"
    },
    "done": true
  },
  "slashblade:movesets": {
    "criteria": {
      "crafting": "2024-11-19 00:13:19 +0000"
    },
    "done": true
  },
  "travelersbackpack:standard_from_custom": {
    "criteria": {
      "has_the_recipe": "2024-11-19 00:13:19 +0000"
    },
    "done": true
  },
  "easypaxellite:diamond_paxel": {
    "criteria": {
      "has_the_recipe": "2024-11-19 00:13:19 +0000"
    },
    "done": true
  },
  "mowziesmobs:root": {
    "criteria": {
      "custom_test_name": "2024-11-19 00:13:19 +0000"
    },
    "done": true
  },
  "betterdungeons:root": {
    "criteria": {
      "always": "2024-11-19 00:13:19 +0000"
    },
    "done": true
  },
  "easypaxellite:iron_paxel": {
    "criteria": {
      "has_the_recipe": "2024-11-19 00:13:19 +0000"
    },
    "done": true
  },
  "minecraft:adventure/adventuring_time": {
    "criteria": {
      "minecraft:forest": "2024-11-19 00:13:21 +0000",
      "minecraft:plains": "2024-11-19 00:13:59 +0000"
    },
    "done": false
  },
  "crabbersdelight:main/root": {
    "criteria": {
      "seeds": "2024-11-19 00:13:19 +0000"
    },
    "done": true
  },
  "ars_nouveau:root": {
    "criteria": {
      "ars_nouveau:worn_notebook": "2024-11-19 00:13:19 +0000"
    },
    "done": true
  },
  "farmersdelight:main/root": {
    "criteria": {
      "seeds": "2024-11-19 00:13:19 +0000"
    },
    "done": true
  },
  "easypaxellite:golden_paxel": {
    "criteria": {
      "has_the_recipe": "2024-11-19 00:13:19 +0000"
    },
    "done": true
  },
  "create:root": {
    "criteria": {
      "0": "2024-11-19 00:13:19 +0000"
    },
    "done": true
  },
  "easypaxellite:stone_paxel": {
    "criteria": {
      "has_the_recipe": "2024-11-19 00:13:19 +0000"
    },
    "done": true
  },
  "easypaxellite:wooden_paxel": {
    "criteria": {
      "has_the_recipe": "2024-11-19 00:13:19 +0000"
    },
    "done": true
  },
  "DataVersion": 3465
}